질병코드,질병명,진료년월,환자수,내원일수,청구건수,요양급여비용총액,보험자부담금,월평균기온,월평균_최저기온,월평균_최고기온,월평균_일교차,월최대_일교차,한파일수_비율,폭염일수_비율,월평균습도,월총강수량,월평균기압,월평균_PM10,월최대_PM10,PM10_나쁨일수,월평균_PM25,월최대_PM25
J20,급성 기관지염,2010-01,278050.0,446122.0,431164.0,5790560.0,4559229.0,-1.57,-6.4,3.66,10.06,22.5,0.16,0.0,62.75,34.36,1010.25,48.36,98.13,2,,
J20,급성 기관지염,2010-02,240881.0,375554.0,364976.0,4818171.0,3792531.0,2.42,-1.83,7.16,8.99,25.5,0.03,0.0,65.29,86.66,1008.05,41.59,83.52,1,,
J20,급성 기관지염,2010-03,240890.0,387695.0,375574.0,5057141.0,3974294.0,5.41,1.17,9.78,8.61,22.7,0.0,0.0,65.66,97.88,1007.24,59.17,174.83,7,,
J20,급성 기관지염,2010-04,298896.0,494396.0,478976.0,6440660.0,5065162.0,9.71,4.5,15.2,10.7,24.2,0.0,0.0,60.35,99.9,1005.35,49.38,85.89,1,,
J20,급성 기관지염,2010-05,280612.0,471419.0,455318.0,6350892.0,4971386.0,16.84,11.47,22.64,11.16,25.9,0.0,0.0,65.85,125.95,998.81,54.54,136.5,5,,
J20,급성 기관지염,2010-06,202998.0,339082.0,326319.0,4622847.0,3599943.0,22.0,17.26,27.55,10.28,23.4,0.0,0.02,70.07,75.04,997.69,48.66,115.88,2,,
J20,급성 기관지염,2010-07,143422.0,237039.0,227583.0,3260660.0,2533937.0,25.15,22.1,29.25,7.15,14.5,0.0,0.08,80.13,257.87,996.27,31.35,65.41,0,,
J20,급성 기관지염,2010-08,122068.0,195881.0,188342.0,2664411.0,2068317.0,26.69,23.71,30.88,7.17,16.0,0.0,0.24,81.92,364.9,998.8,33.58,62.5,0,,
J20,급성 기관지염,2010-09,201231.0,309570.0,301066.0,4014894.0,3149731.0,21.73,17.95,26.78,8.83,19.5,0.0,0.04,78.23,255.24,1001.24,32.99,83.31,1,,
J20,급성 기관지염,2010-10,282466.0,454754.0,441521.0,5775082.0,4552001.0,14.48,9.7,20.4,10.7,21.5,0.0,0.0,71.84,44.44,1006.16,49.23,91.53,2,,
J20,급성 기관지염,2010-11,284486.0,460440.0,446521.0,5896028.0,4639026.0,7.05,1.42,13.5,12.07,22.5,0.0,0.0,60.37,11.95,1008.07,71.32,167.89,7,,
J20,급성 기관지염,2010-12,327639.0,537679.0,521510.0,6920288.0,5417964.0,1.04,-3.8,6.38,10.18,22.1,0.07,0.0,61.42,32.99,1003.99,57.96,149.82,8,,
J20,급성 기관지염,2011-01,347532.0,592868.0,570144.0,7976787.0,6254593.0,-4.6,-9.56,0.55,10.12,23.4,0.32,0.0,55.76,9.23,1012.44,38.21,57.97,0,,
J20,급성 기관지염,2011-02,276567.0,437704.0,423388.0,5913637.0,4641971.0,1.93,-3.15,7.87,11.02,25.3,0.03,0.0,64.68,64.64,1008.38,65.32,135.42,8,,
J20,급성 기관지염,2011-03,310482.0,504575.0,489398.0,6690815.0,5277442.0,4.57,-0.8,10.33,11.13,24.8,0.0,0.0,52.07,25.29,1008.08,64.8,265.38,4,,
J20,급성 기관지염,2011-04,305028.0,496736.0,482450.0,6568399.0,5177775.0,11.09,5.11,17.21,12.1,26.7,0.0,0.0,59.35,113.75,1001.66,56.56,99.4,4,,
J20,급성 기관지염,2011-05,286134.0,480478.0,464445.0,6625778.0,5185528.0,17.08,12.08,22.53,10.44,24.0,0.0,0.0,66.78,126.03,998.86,74.0,269.72,10,,
J20,급성 기관지염,2011-06,210819.0,353047.0,340961.0,4892246.0,3817786.0,21.69,17.43,26.8,9.36,19.8,0.0,0.02,73.79,281.59,994.88,44.59,76.24,0,,
J20,급성 기관지염,2011-07,143630.0,234604.0,226088.0,3296057.0,2564603.0,24.93,22.01,28.8,6.79,16.1,0.0,0.08,82.07,462.82,994.3,29.49,66.6,0,,
J20,급성 기관지염,2011-08,139314.0,224304.0,216687.0,3109533.0,2423453.0,24.96,22.08,28.96,6.87,14.9,0.0,0.08,82.18,280.06,996.64,30.26,50.87,0,,
J20,급성 기관지염,2011-09,202243.0,324611.0,315478.0,4305316.0,3379651.0,20.92,16.72,26.2,9.48,21.8,0.0,0.03,73.37,76.07,1000.12,34.82,60.4,0,,
J20,급성 기관지염,2011-10,257844.0,414341.0,403869.0,5370351.0,4245954.0,13.82,8.59,20.14,11.55,23.2,0.0,0.0,68.95,55.46,1007.3,47.56,70.02,0,,
J20,급성 기관지염,2011-11,291994.0,468465.0,456879.0,6017145.0,4763585.0,11.01,6.86,15.97,9.11,20.6,0.0,0.0,70.85,117.67,1009.61,41.58,85.48,1,,
J20,급성 기관지염,2011-12,355916.0,566285.0,561302.0,7264029.0,5756964.0,0.86,-3.4,5.57,8.97,23.3,0.06,0.0,59.14,19.72,1013.22,38.54,76.03,0,,
J20,급성 기관지염,2012-01,432688.0,707574.0,697376.0,9939436.0,7832771.0,-0.99,-5.43,3.9,9.33,22.1,0.12,0.0,58.59,18.17,1011.59,51.46,111.02,2,,
J20,급성 기관지염,2012-02,455218.0,774592.0,758766.0,11314449.0,8904704.0,-0.67,-5.54,4.67,10.21,24.3,0.12,0.0,55.34,15.71,1009.66,47.49,97.92,1,,
J20,급성 기관지염,2012-03,400461.0,665295.0,655460.0,9297973.0,7333499.0,5.64,1.03,10.56,9.52,24.0,0.0,0.0,60.89,93.72,1006.22,51.53,140.08,2,,
J20,급성 기관지염,2012-04,368485.0,610665.0,601522.0,8542624.0,6713744.0,12.47,6.62,18.58,11.96,26.6,0.0,0.0,60.29,139.37,1000.79,50.5,104.39,4,,
J20,급성 기관지염,2012-05,309605.0,508355.0,502171.0,7046038.0,5538957.0,18.12,12.79,24.28,11.48,23.4,0.0,0.0,63.61,41.9,998.9,58.65,111.89,4,,
J20,급성 기관지염,2012-06,214433.0,348337.0,343713.0,4852414.0,3807683.0,21.83,17.74,26.93,9.19,18.9,0.0,0.01,71.8,76.82,995.41,39.35,70.22,0,,
J20,급성 기관지염,2012-07,146422.0,231655.0,228726.0,3242499.0,2541512.0,25.24,21.88,29.45,7.57,16.4,0.0,0.18,80.73,291.53,994.07,26.6,53.64,0,,
J20,급성 기관지염,2012-08,135939.0,210922.0,208051.0,2964796.0,2325388.0,26.22,22.94,30.43,7.49,18.2,0.0,0.24,79.18,411.2,996.61,23.66,45.18,0,,
J20,급성 기관지염,2012-09,205612.0,318997.0,316318.0,4250838.0,3362172.0,20.04,16.1,25.08,8.98,18.7,0.0,0.0,78.17,255.58,1001.15,34.0,79.18,0,,
J20,급성 기관지염,2012-10,326971.0,519323.0,514514.0,6923731.0,5478233.0,14.34,8.89,20.93,12.04,22.9,0.0,0.0,68.84,55.53,1005.52,35.79,55.52,0,,
J20,급성 기관지염,2012-11,331213.0,521632.0,517119.0,6812051.0,5398907.0,6.7,2.15,11.76,9.62,22.0,0.0,0.0,63.55,57.96,1005.93,42.89,109.03,3,,
J20,급성 기관지염,2012-12,341521.0,534740.0,529933.0,7074292.0,5602778.0,-1.38,-5.64,3.27,8.9,23.9,0.15,0.0,65.81,67.07,1009.93,38.73,66.0,0,,
J20,급성 기관지염,2013-01,415357.0,677422.0,667573.0,9507198.0,7512817.0,-1.79,-6.5,3.38,9.88,23.4,0.19,0.0,64.03,27.71,1011.95,55.97,152.15,5,,
J20,급성 기관지염,2013-02,426647.0,680795.0,670994.0,9704771.0,7651752.0,0.81,-3.99,5.85,9.85,24.4,0.07,0.0,58.13,52.03,1010.65,45.09,85.8,1,,
J20,급성 기관지염,2013-03,439885.0,722546.0,711287.0,10415554.0,8216996.0,6.58,0.36,13.42,13.05,29.2,0.0,0.0,58.45,62.93,1004.2,52.46,143.47,3,,
J20,급성 기관지염,2013-04,411378.0,667877.0,659440.0,9408336.0,7430610.0,10.19,4.38,16.18,11.8,28.7,0.0,0.0,60.04,76.95,1000.38,53.16,144.42,2,,
J20,급성 기관지염,2013-05,324265.0,522815.0,515957.0,7481611.0,5883281.0,17.59,11.9,23.86,11.96,25.1,0.0,0.01,66.71,133.28,999.3,55.32,107.91,3,,
J20,급성 기관지염,2013-06,208541.0,330135.0,325525.0,4793040.0,3754124.0,22.27,18.33,27.27,8.94,20.2,0.0,0.01,75.99,101.82,995.9,41.31,67.49,0,,
J20,급성 기관지염,2013-07,165294.0,264237.0,259742.0,3885063.0,3039203.0,26.03,23.08,29.89,6.81,15.6,0.0,0.12,81.17,297.67,994.01,32.25,84.67,1,,
J20,급성 기관지염,2013-08,161977.0,252255.0,248408.0,3673235.0,2878329.0,27.04,23.25,32.03,8.77,17.1,0.0,0.4,77.8,158.83,994.95,34.84,64.25,0,,
J20,급성 기관지염,2013-09,251014.0,386533.0,382520.0,5376871.0,4238762.0,21.03,16.91,26.25,9.34,19.5,0.0,0.0,76.49,112.9,1002.52,32.75,81.3,1,,
J20,급성 기관지염,2013-10,324157.0,510471.0,505081.0,7169879.0,5688641.0,15.41,10.44,21.52,11.08,22.3,0.0,0.0,71.9,57.34,1006.96,34.5,60.86,0,,
J20,급성 기관지염,2013-11,362974.0,576660.0,570825.0,7993461.0,6367307.0,7.17,2.45,12.61,10.17,19.5,0.0,0.0,66.53,61.88,1006.94,41.19,78.27,0,,
J20,급성 기관지염,2013-12,369312.0,582841.0,576523.0,8120792.0,6455576.0,1.61,-2.75,6.5,9.25,21.0,0.03,0.0,65.02,22.08,1008.32,46.82,102.55,3,,
J20,급성 기관지염,2014-01,464017.0,743401.0,734386.0,10812074.0,8500282.0,0.64,-4.6,6.36,10.96,25.6,0.06,0.0,58.1,13.86,1011.15,54.36,116.93,3,,
J20,급성 기관지염,2014-02,556077.0,924182.0,908260.0,14049832.0,10993011.0,2.55,-2.0,7.82,9.82,22.1,0.01,0.0,64.05,32.95,1011.17,56.51,139.72,7,,
J20,급성 기관지염,2014-03,451258.0,741519.0,728210.0,11409644.0,8936929.0,7.59,2.15,13.34,11.19,24.3,0.0,0.0,62.0,82.3,1006.59,55.51,128.39,3,,
J20,급성 기관지염,2014-04,382337.0,619395.0,611306.0,9218511.0,7229841.0,13.16,7.44,19.59,12.14,26.9,0.0,0.0,59.9,86.98,1004.14,54.72,99.35,2,,
J20,급성 기관지염,2014-05,340368.0,552045.0,544594.0,8361302.0,6552065.0,18.11,11.97,24.7,12.73,25.2,0.0,0.03,60.41,67.73,998.6,64.17,163.21,6,,
J20,급성 기관지염,2014-06,234578.0,374955.0,369189.0,5776242.0,4517223.0,21.51,17.67,26.42,8.75,19.5,0.0,0.01,74.66,79.35,994.41,40.82,100.38,1,,
J20,급성 기관지염,2014-07,206850.0,330055.0,324741.0,5092236.0,3985417.0,24.75,21.17,29.36,8.19,19.3,0.0,0.13,78.58,167.06,995.34,35.9,83.56,1,,
J20,급성 기관지염,2014-08,204977.0,320854.0,316356.0,4919647.0,3853944.0,23.59,20.72,27.48,6.76,15.9,0.0,0.03,83.08,393.94,996.03,28.93,75.76,0,,
J20,급성 기관지염,2014-09,265924.0,412562.0,408137.0,6146439.0,4826103.0,20.75,16.43,26.27,9.84,19.8,0.0,0.0,76.99,119.88,1001.09,32.08,53.27,0,,
J20,급성 기관지염,2014-10,341338.0,529548.0,523672.0,7700691.0,6035747.0,14.83,9.58,21.12,11.54,24.2,0.0,0.0,72.3,113.95,1006.9,37.67,74.01,0,,
J20,급성 기관지염,2014-11,436850.0,675171.0,667928.0,9792722.0,7682419.0,8.91,4.22,14.47,10.25,20.9,0.0,0.0,69.73,60.74,1008.38,38.68,59.2,0,,
J20,급성 기관지염,2014-12,461738.0,725983.0,718067.0,10445160.0,8193009.0,-0.25,-4.67,4.58,9.25,19.4,0.06,0.0,61.57,27.83,1010.31,38.06,107.27,2,,
J20,급성 기관지염,2015-01,469641.0,762005.0,749133.0,11952937.0,9352265.0,0.72,-3.72,5.65,9.37,20.0,0.04,0.0,64.11,30.7,1010.61,48.74,86.16,1,,
J20,급성 기관지염,2015-02,515227.0,828800.0,813204.0,13435428.0,10457813.0,2.12,-2.42,7.25,9.67,23.9,0.02,0.0,61.39,28.65,1008.65,69.15,312.54,7,,
J20,급성 기관지염,2015-03,565054.0,941883.0,924536.0,15084240.0,11749278.0,6.72,0.6,13.32,12.72,25.4,0.0,0.0,53.27,45.08,1007.98,67.61,148.68,9,,
J20,급성 기관지염,2015-04,464926.0,758376.0,745694.0,12040186.0,9381362.0,12.56,7.26,18.42,11.16,26.3,0.0,0.0,66.37,133.96,1003.39,45.62,83.36,1,,
J20,급성 기관지염,2015-05,374743.0,609356.0,598830.0,9834809.0,7656242.0,18.33,12.15,24.84,12.69,25.4,0.0,0.01,60.29,69.74,997.37,47.89,101.84,1,,
J20,급성 기관지염,2015-06,277245.0,464441.0,458267.0,7005833.0,5501117.0,21.33,16.89,26.65,9.76,24.2,0.0,0.02,72.42,102.93,995.02,44.2,89.52,1,30.28,52.04
J20,급성 기관지염,2015-07,168088.0,261044.0,257777.0,4043567.0,3157251.0,24.12,20.74,28.43,7.69,17.2,0.0,0.1,79.67,186.97,995.04,35.26,82.22,1,22.16,56.73
J20,급성 기관지염,2015-08,166305.0,252909.0,249008.0,4050126.0,3139892.0,24.98,21.19,30.0,8.8,18.0,0.0,0.17,79.41,119.46,996.37,35.78,69.88,0,25.37,65.89
J20,급성 기관지염,2015-09,253512.0,385883.0,381771.0,5879481.0,4577334.0,20.27,15.58,25.99,10.41,21.7,0.0,0.0,74.55,69.41,1001.67,29.05,50.61,0,22.25,46.31
J20,급성 기관지염,2015-10,358619.0,551398.0,545645.0,8293786.0,6475559.0,14.95,9.63,21.48,11.84,23.9,0.0,0.0,69.42,64.8,1005.91,47.68,111.92,4,41.61,119.67
J20,급성 기관지염,2015-11,386887.0,594220.0,587518.0,8929183.0,6977823.0,10.17,6.74,14.23,7.49,23.5,0.0,0.0,79.52,131.46,1010.17,40.04,90.85,3,37.77,91.87
J20,급성 기관지염,2015-12,485142.0,757598.0,749595.0,11324965.0,8835094.0,3.71,-0.39,8.33,8.73,20.0,0.01,0.0,69.42,44.92,1011.77,46.68,85.95,1,43.82,79.75
J20,급성 기관지염,2016-01,521385.0,827376.0,814700.0,13226066.0,10317058.0,-0.69,-4.86,3.94,8.79,20.8,0.11,0.0,61.48,30.66,1011.06,46.38,77.1,0,35.48,84.29
J20,급성 기관지염,2016-02,585701.0,935386.0,921287.0,15111173.0,11726715.0,1.88,-2.96,7.11,10.07,23.9,0.03,0.0,58.26,50.92,1010.8,43.41,77.09,0,29.07,70.08
J20,급성 기관지염,2016-03,486051.0,781420.0,769543.0,12568707.0,9796205.0,7.17,1.66,13.17,11.51,25.5,0.0,0.0,60.45,62.1,1008.36,59.6,120.08,3,35.3,56.25
J20,급성 기관지염,2016-04,443970.0,708414.0,698035.0,11490880.0,8939320.0,13.66,8.15,20.0,11.85,27.0,0.0,0.0,65.29,163.52,1000.94,66.56,210.05,5,31.56,73.25
J20,급성 기관지염,2016-05,393916.0,620078.0,611476.0,10140201.0,7874502.0,18.33,12.31,24.78,12.47,25.5,0.0,0.0,64.58,103.36,999.3,52.43,107.01,3,26.83,52.44
J20,급성 기관지염,2016-06,292516.0,456125.0,449670.0,7475130.0,5804768.0,22.01,17.9,26.91,9.01,21.9,0.0,0.01,75.63,77.95,995.67,45.05,67.56,0,26.24,40.54
J20,급성 기관지염,2016-07,223822.0,344208.0,338799.0,5706240.0,4433427.0,25.21,21.89,29.54,7.66,15.9,0.0,0.16,82.7,284.24,996.06,30.0,53.8,0,17.4,29.82
J20,급성 기관지염,2016-08,216206.0,327207.0,322407.0,5420410.0,4201625.0,26.45,22.3,31.83,9.52,19.2,0.0,0.52,75.53,83.32,993.83,39.1,65.65,0,22.77,42.43
J20,급성 기관지염,2016-09,298071.0,448520.0,443729.0,7080858.0,5507174.0,21.48,18.02,26.04,8.02,18.2,0.0,0.0,81.66,207.23,1000.99,41.34,66.61,0,23.83,36.89
J20,급성 기관지염,2016-10,393368.0,603115.0,597276.0,9310957.0,7276305.0,15.8,11.98,20.67,8.68,20.3,0.0,0.0,77.84,155.11,1006.22,44.66,100.52,2,23.92,61.44
J20,급성 기관지염,2016-11,455291.0,703048.0,695906.0,10788876.0,8437544.0,7.97,3.18,13.35,10.18,21.5,0.0,0.0,68.78,36.42,1009.61,51.18,86.23,2,30.57,65.06
J20,급성 기관지염,2016-12,660773.0,1057834.0,1047599.0,16213166.0,12652050.0,3.26,-1.41,8.41,9.82,22.8,0.01,0.0,66.92,67.15,1010.95,43.78,75.88,0,29.21,61.17
J20,급성 기관지염,2017-01,568198.0,898994.0,886978.0,14539077.0,11361820.0,0.27,-4.53,5.6,10.13,23.2,0.1,0.0,61.54,16.85,1011.27,49.39,89.3,3,28.39,61.19
J20,급성 기관지염,2017-02,443241.0,682321.0,672837.0,11243673.0,8786252.0,1.74,-3.65,7.39,11.04,24.9,0.02,0.0,57.58,33.29,1009.36,44.13,85.1,1,24.54,61.54
J20,급성 기관지염,2017-03,498816.0,787714.0,778149.0,12882979.0,10065739.0,6.22,0.55,12.5,11.95,25.1,0.0,0.0,57.94,25.37,1006.28,58.79,99.58,1,34.48,69.85
J20,급성 기관지염,2017-04,507131.0,802531.0,791950.0,13390506.0,10437006.0,13.67,7.66,20.1,12.45,26.5,0.0,0.0,60.14,72.14,1000.34,57.84,123.4,3,25.03,47.81
J20,급성 기관지염,2017-05,443554.0,704273.0,693815.0,11961536.0,9308478.0,18.46,12.28,25.11,12.83,25.7,0.0,0.02,61.79,30.87,999.82,63.27,237.67,6,23.8,52.5
J20,급성 기관지염,2017-06,312284.0,486770.0,479672.0,8294819.0,6450026.0,21.52,16.37,27.53,11.16,22.1,0.0,0.05,68.02,57.39,996.35,41.29,65.96,0,22.96,36.56
J20,급성 기관지염,2017-07,225925.0,346742.0,341018.0,6060865.0,4703782.0,26.25,23.13,30.43,7.3,18.7,0.0,0.19,83.6,281.34,995.76,33.03,52.57,0,19.21,33.41
J20,급성 기관지염,2017-08,234222.0,354326.0,348941.0,6125967.0,4765580.0,25.32,21.77,29.86,8.08,17.5,0.0,0.18,80.61,238.53,995.52,27.87,48.7,0,14.57,28.66
J20,급성 기관지염,2017-09,315600.0,486441.0,481816.0,7858837.0,6152597.0,20.47,15.75,26.15,10.4,22.6,0.0,0.0,75.75,96.26,1000.51,39.77,75.53,0,22.16,45.73
J20,급성 기관지염,2017-10,360012.0,532556.0,526902.0,8823601.0,6869720.0,15.25,10.84,20.83,9.99,22.6,0.0,0.0,74.84,74.33,1007.67,38.13,76.65,0,19.35,46.46
J20,급성 기관지염,2017-11,472816.0,722976.0,715760.0,11547451.0,9046322.0,6.91,1.4,13.01,11.61,23.9,0.0,0.0,62.36,12.39,1009.35,46.43,81.06,1,25.28,49.64
J20,급성 기관지염,2017-12,678832.0,1051833.0,1039844.0,17190609.0,13399211.0,0.01,-4.76,5.1,9.86,23.8,0.07,0.0,58.99,23.31,1011.77,44.25,102.66,2,26.28,74.24
J20,급성 기관지염,2018-01,900101.0,1497783.0,1474024.0,25933440.0,20706584.0,-1.87,-6.19,3.1,9.29,23.7,0.17,0.0,59.4,24.79,1010.0,51.65,102.53,5,30.77,73.72
J20,급성 기관지염,2018-02,522704.0,795602.0,783047.0,13795366.0,11016565.0,-0.09,-5.54,5.68,11.22,25.8,0.12,0.0,51.67,34.83,1009.56,49.58,78.12,0,26.82,48.39
J20,급성 기관지염,2018-03,443741.0,681612.0,673249.0,11870666.0,9485884.0,8.03,2.42,14.11,11.69,25.3,0.0,0.0,68.31,112.29,1007.03,47.45,95.74,3,28.22,66.85
J20,급성 기관지염,2018-04,464619.0,718278.0,710943.0,12297531.0,9825407.0,13.15,7.26,19.36,12.11,26.9,0.0,0.0,64.13,139.6,1002.91,51.14,90.59,2,21.44,41.99
J20,급성 기관지염,2018-05,470501.0,739837.0,730315.0,13065541.0,10396968.0,17.59,12.47,23.09,10.62,25.0,0.0,0.0,72.58,132.57,999.26,41.91,88.94,2,19.45,35.57
J20,급성 기관지염,2018-06,344360.0,539459.0,531560.0,9798554.0,7781233.0,21.92,17.34,27.43,10.09,21.8,0.0,0.05,72.46,146.87,995.85,36.21,56.36,0,21.35,37.25
J20,급성 기관지염,2018-07,234737.0,359847.0,353926.0,6670101.0,5280905.0,26.54,22.64,31.35,8.71,17.3,0.0,0.46,78.08,168.34,996.66,23.09,40.3,0,12.8,26.67
J20,급성 기관지염,2018-08,211902.0,319953.0,315197.0,5865441.0,4643005.0,27.04,23.18,31.97,8.79,19.6,0.0,0.43,76.96,292.87,995.49,23.72,35.77,0,12.85,20.92
J20,급성 기관지염,2018-09,292947.0,429493.0,425216.0,7456644.0,5951759.0,20.34,16.27,25.19,8.93,19.2,0.0,0.0,77.19,152.21,1000.97,22.11,39.58,0,9.67,19.35
J20,급성 기관지염,2018-10,467983.0,709627.0,703009.0,11901712.0,9538100.0,13.05,8.03,19.11,11.08,21.4,0.0,0.0,71.8,166.57,1005.98,31.75,65.8,0,15.71,37.33
J20,급성 기관지염,2018-11,548017.0,831534.0,824212.0,13880252.0,11104323.0,8.17,3.15,14.46,11.31,22.7,0.0,0.0,70.27,47.73,1010.42,59.81,145.15,5,34.91,79.43
J20,급성 기관지염,2018-12,680298.0,1050332.0,1040133.0,17718956.0,14138289.0,1.4,-3.13,6.51,9.64,21.5,0.08,0.0,60.0,32.32,1013.34,45.26,90.28,2,25.53,66.81
J20,급성 기관지염,2019-01,618051.0,965613.0,953312.0,17133892.0,13686869.0,0.44,-4.64,6.22,10.86,21.9,0.06,0.0,55.19,9.5,1012.18,62.48,146.64,5,37.36,114.77
J20,급성 기관지염,2019-02,440746.0,643532.0,636266.0,11529706.0,9210427.0,2.49,-2.42,8.04,10.46,20.7,0.01,0.0,58.1,33.64,1010.49,58.37,119.64,3,36.08,85.07
J20,급성 기관지염,2019-03,454272.0,685066.0,677975.0,12273505.0,9801616.0,7.41,1.69,13.63,11.95,26.4,0.0,0.0,60.32,42.31,1004.29,67.34,169.14,6,43.31,117.72
J20,급성 기관지염,2019-04,532476.0,822059.0,813816.0,14533958.0,11609802.0,11.8,6.09,17.82,11.74,25.8,0.0,0.0,62.93,78.13,1002.46,43.43,88.23,1,22.26,42.97
J20,급성 기관지염,2019-05,491975.0,771522.0,762767.0,14073872.0,11197945.0,18.35,11.63,25.24,13.61,26.7,0.0,0.02,58.14,66.77,999.58,52.71,97.81,2,27.67,58.0
J20,급성 기관지염,2019-06,341695.0,525544.0,518947.0,9813084.0,7782070.0,21.03,16.48,26.45,9.97,21.8,0.0,0.01,74.83,153.17,995.07,34.02,53.02,0,22.48,37.58
J20,급성 기관지염,2019-07,290502.0,448550.0,442304.0,8493679.0,6716698.0,24.51,21.24,28.68,7.45,19.5,0.0,0.08,80.88,235.29,994.41,26.45,49.1,0,17.02,37.26
J20,급성 기관지염,2019-08,245991.0,368355.0,363266.0,7074670.0,5599478.0,25.92,22.16,30.65,8.49,15.4,0.0,0.26,79.44,143.15,995.29,28.76,52.0,0,17.45,38.33
J20,급성 기관지염,2019-09,332564.0,490285.0,485579.0,8870353.0,7054699.0,21.59,17.95,26.29,8.34,18.9,0.0,0.0,81.7,237.35,1002.8,26.83,60.44,0,14.32,41.58
J20,급성 기관지염,2019-10,471933.0,715781.0,709222.0,12652702.0,10116081.0,15.7,11.03,21.3,10.27,21.3,0.0,0.0,75.17,164.45,1006.54,38.65,83.11,1,19.95,37.4
J20,급성 기관지염,2019-11,532040.0,809273.0,801634.0,14304593.0,11425452.0,8.82,3.57,15.12,11.54,22.9,0.0,0.0,69.27,54.24,1009.95,45.76,87.3,1,24.44,48.18
J20,급성 기관지염,2019-12,647957.0,988423.0,979311.0,17460683.0,13937423.0,2.97,-1.54,8.16,9.69,22.9,0.01,0.0,65.83,29.54,1012.46,42.49,89.34,1,28.77,61.88
J20,급성 기관지염,2020-01,776965.0,1217497.0,1203419.0,22568647.0,17946811.0,2.92,-0.96,7.67,8.64,19.6,0.0,0.0,68.41,84.56,1010.27,45.96,80.29,0,31.69,62.0
J20,급성 기관지염,2020-02,486924.0,762056.0,754674.0,13650257.0,10886805.0,3.74,-1.12,9.13,10.26,23.2,0.02,0.0,67.05,58.97,1011.66,44.64,88.55,2,30.11,67.05
J20,급성 기관지염,2020-03,303285.0,461682.0,458270.0,8079776.0,6468527.0,7.9,1.92,14.04,12.12,24.8,0.0,0.0,60.73,33.14,1005.23,48.45,85.07,1,26.43,64.21
J20,급성 기관지염,2020-04,219344.0,323650.0,320791.0,5892958.0,4715787.0,10.73,4.57,17.09,12.52,26.1,0.0,0.0,55.96,43.24,1004.91,45.17,83.12,2,20.39,32.54
J20,급성 기관지염,2020-05,188309.0,275327.0,273026.0,5170983.0,4122578.0,17.54,12.68,23.06,10.39,22.8,0.0,0.0,72.78,108.66,998.48,35.78,75.82,0,19.42,31.49
J20,급성 기관지염,2020-06,169468.0,248127.0,245504.0,4731025.0,3762474.0,22.59,18.2,27.84,9.64,22.5,0.0,0.06,75.68,192.17,994.65,35.14,61.11,0,19.55,32.44
J20,급성 기관지염,2020-07,164830.0,241315.0,238619.0,4643172.0,3698107.0,22.55,19.7,26.27,6.56,16.2,0.0,0.0,86.23,411.05,995.36,22.23,42.09,0,12.92,29.12
J20,급성 기관지염,2020-08,142036.0,203210.0,200689.0,4042117.0,3201058.0,26.53,23.58,30.56,6.98,16.1,0.0,0.19,85.22,399.13,997.42,24.21,39.74,0,13.33,26.84
J20,급성 기관지염,2020-09,206866.0,301193.0,298520.0,5497009.0,4414278.0,20.26,16.52,24.99,8.47,19.0,0.0,0.0,80.4,230.87,1000.01,24.78,44.3,0,13.18,24.9
J20,급성 기관지염,2020-10,217673.0,305689.0,302759.0,5646599.0,4522585.0,13.98,8.81,20.19,11.38,21.5,0.0,0.0,68.96,13.47,1008.18,39.42,73.16,0,20.33,44.45
J20,급성 기관지염,2020-11,222515.0,316844.0,314049.0,5810548.0,4651920.0,8.88,3.92,14.45,10.53,23.1,0.0,0.0,65.6,40.57,1012.12,42.58,83.79,1,25.33,58.03
J20,급성 기관지염,2020-12,225299.0,325032.0,322744.0,5743834.0,4620388.0,0.87,-3.78,6.36,10.15,19.3,0.06,0.0,60.61,10.76,1013.13,42.41,79.2,0,27.34,58.99
J20,급성 기관지염,2021-01,178085.0,251831.0,249359.0,4863616.0,3889300.0,-0.54,-5.61,4.87,10.48,22.5,0.17,0.0,63.55,24.77,1011.44,44.71,103.5,2,24.86,42.83
J20,급성 기관지염,2021-02,170513.0,235381.0,233618.0,4435010.0,3552548.0,3.78,-1.65,9.69,11.35,27.4,0.01,0.0,58.52,22.54,1008.4,52.24,95.49,5,31.66,76.72
J20,급성 기관지염,2021-03,191398.0,273479.0,271194.0,5259261.0,4196606.0,8.91,3.45,14.91,11.46,24.2,0.0,0.0,67.6,113.02,1007.2,79.25,488.35,8,34.77,82.85
J20,급성 기관지염,2021-04,201998.0,289525.0,287408.0,5464022.0,4373745.0,13.25,7.48,19.31,11.83,24.9,0.0,0.0,58.99,77.17,1006.17,47.13,87.21,2,20.69,39.47
J20,급성 기관지염,2021-05,188567.0,267693.0,265733.0,5086605.0,4067075.0,16.74,11.61,22.25,10.64,23.4,0.0,0.0,71.03,139.1,997.42,63.56,415.67,5,22.34,88.09
J20,급성 기관지염,2021-06,169446.0,237418.0,234903.0,4699719.0,3719072.0,21.77,17.62,26.75,9.14,20.8,0.0,0.0,77.55,97.12,996.29,35.11,59.05,0,20.78,31.83
J20,급성 기관지염,2021-07,126252.0,179909.0,177631.0,3692621.0,2924211.0,26.07,22.34,30.77,8.43,16.1,0.0,0.26,80.78,236.44,996.83,23.76,48.44,0,13.41,33.59
J20,급성 기관지염,2021-08,132929.0,185157.0,183374.0,3640950.0,2892899.0,24.94,21.71,29.34,7.63,15.6,0.0,0.12,83.03,287.8,996.98,23.16,41.28,0,12.85,29.58
J20,급성 기관지염,2021-09,154722.0,213971.0,212359.0,4109072.0,3278262.0,21.54,17.95,25.99,8.04,15.3,0.0,0.0,80.68,158.26,1001.79,18.51,28.44,0,8.9,16.16
J20,급성 기관지염,2021-10,194825.0,269227.0,266967.0,5154058.0,4109266.0,15.45,10.82,21.38,10.56,21.0,0.0,0.0,76.1,54.89,1008.97,32.51,52.8,0,16.96,31.92
J20,급성 기관지염,2021-11,253887.0,366581.0,363273.0,6790906.0,5432242.0,8.68,3.75,14.82,11.07,22.0,0.0,0.0,70.08,56.49,1007.15,44.31,106.04,2,24.99,76.14
J20,급성 기관지염,2021-12,256919.0,365717.0,362836.0,6588450.0,5285972.0,2.35,-2.49,7.84,10.33,20.4,0.05,0.0,63.85,10.09,1011.76,42.72,92.94,1,26.03,60.41
J20,급성 기관지염,2022-01,249485.0,357745.0,355116.0,6795559.0,5429780.0,-0.3,-5.3,5.32,10.63,22.4,0.09,0.0,57.01,4.5,1011.48,45.28,99.93,2,30.3,78.42
J20,급성 기관지염,2022-02,335219.0,476971.0,473183.0,9802856.0,8017510.0,0.32,-4.88,5.93,10.81,23.5,0.06,0.0,52.02,4.57,1012.35,43.52,98.52,3,27.8,77.25
J20,급성 기관지염,2022-03,595942.0,852214.0,846337.0,19700625.0,16449189.0,7.9,2.29,13.84,11.54,23.7,0.0,0.0,64.98,91.99,1004.99,47.08,100.94,2,25.31,48.17
J20,급성 기관지염,2022-04,478649.0,679179.0,673258.0,14084747.0,11390543.0,13.81,7.67,20.38,12.72,25.0,0.0,0.0,60.53,60.47,1004.74,45.16,156.52,1,21.83,35.7
J20,급성 기관지염,2022-05,282217.0,394749.0,391074.0,8127333.0,6530525.0,18.05,11.69,24.6,12.91,24.5,0.0,0.01,58.29,6.07,1000.41,34.82,58.75,0,17.23,32.95
J20,급성 기관지염,2022-06,192543.0,265504.0,262817.0,5598947.0,4477617.0,22.34,18.38,27.09,8.71,23.1,0.0,0.05,76.47,180.74,995.9,22.86,38.95,0,11.41,22.52
J20,급성 기관지염,2022-07,219423.0,300392.0,296931.0,6453673.0,5223355.0,25.99,22.59,30.33,7.73,16.6,0.0,0.2,81.65,184.25,994.37,25.53,41.38,0,14.66,27.3
J20,급성 기관지염,2022-08,339183.0,464976.0,457615.0,10011751.0,8234568.0,25.44,22.33,29.29,6.96,18.2,0.0,0.11,83.12,280.77,995.75,18.85,28.62,0,8.91,16.69
J20,급성 기관지염,2022-09,327059.0,452643.0,447289.0,9475099.0,7716361.0,21.13,16.91,26.38,9.47,22.4,0.0,0.01,77.04,157.82,1001.15,26.57,50.21,0,13.73,35.64
J20,급성 기관지염,2022-10,348748.0,486205.0,482154.0,9881515.0,8023392.0,14.21,9.25,20.22,10.97,24.3,0.0,0.0,72.53,76.72,1009.32,34.23,60.12,0,19.27,42.75
J20,급성 기관지염,2022-11,439074.0,617514.0,611451.0,12500997.0,10210414.0,9.99,4.41,16.74,12.33,23.8,0.0,0.0,68.1,62.27,1008.75,46.78,92.22,2,27.94,66.92
J20,급성 기관지염,2022-12,530024.0,743437.0,737992.0,14778027.0,12070851.0,-0.76,-5.27,4.33,9.6,21.1,0.11,0.0,61.79,17.02,1011.5,38.29,113.42,1,22.24,36.61
J20,급성 기관지염,2023-01,493819.0,689270.0,682388.0,14321113.0,11619237.0,-0.06,-5.14,5.56,10.7,25.8,0.11,0.0,62.69,44.95,1011.53,51.29,149.56,4,27.61,89.0
J20,급성 기관지염,2023-02,387552.0,539173.0,534674.0,11372203.0,9145872.0,2.86,-2.33,8.75,11.09,25.7,0.0,0.0,60.9,19.36,1012.66,53.91,107.32,4,35.06,77.85
J20,급성 기관지염,2023-03,447597.0,642656.0,637860.0,13482335.0,10828639.0,9.51,3.01,16.52,13.51,25.7,0.0,0.0,56.49,30.92,1007.87,70.44,140.77,8,29.72,56.32
J20,급성 기관지염,2023-04,533786.0,777428.0,770954.0,16379873.0,13140630.0,13.18,7.27,19.08,11.8,26.1,0.0,0.0,63.03,70.46,1002.92,75.03,306.24,8,25.07,84.74
J20,급성 기관지염,2023-05,582117.0,863410.0,855365.0,18478454.0,14824287.0,17.89,12.53,23.56,11.02,26.7,0.0,0.01,70.56,201.29,1001.52,40.44,160.02,2,18.52,35.59
J20,급성 기관지염,2023-06,436936.0,636377.0,630174.0,13844221.0,11079856.0,22.34,18.03,27.45,9.42,18.8,0.0,0.03,75.66,203.27,995.74,28.16,41.52,0,16.42,24.93
J20,급성 기관지염,2023-07,417391.0,593546.0,587066.0,13188668.0,10616819.0,25.55,22.49,29.63,7.13,16.0,0.0,0.14,85.64,483.87,996.49,24.37,50.19,0,13.8,34.94
J20,급성 기관지염,2023-08,411877.0,575498.0,568647.0,12857240.0,10380063.0,26.5,23.09,30.97,7.88,15.2,0.0,0.3,81.64,292.99,994.21,24.84,36.55,0,13.61,23.92
J20,급성 기관지염,2023-09,370684.0,517371.0,513781.0,10655841.0,8390897.0,22.73,19.25,27.31,8.06,18.5,0.0,0.0,81.67,193.0,1001.37,24.84,46.25,0,13.31,29.29
J20,급성 기관지염,2023-10,547965.0,771187.0,766753.0,15350079.0,12170871.0,15.03,9.94,21.36,11.42,22.3,0.0,0.0,72.15,16.35,1006.84,33.9,53.61,0,17.48,34.21
J20,급성 기관지염,2023-11,659720.0,937513.0,932474.0,18300043.0,14505688.0,8.34,3.31,13.85,10.54,23.1,0.0,0.0,65.65,65.1,1009.04,32.71,88.83,1,18.39,43.56
J20,급성 기관지염,2023-12,771889.0,1116376.0,1110010.0,22022659.0,17416563.0,2.82,-1.59,7.72,9.31,24.2,0.05,0.0,70.62,102.05,1011.96,40.95,86.45,1,25.71,63.86
J20,급성 기관지염,2024-01,746494.0,1099166.0,1090464.0,22470246.0,17792271.0,1.32,-2.94,6.1,9.04,22.0,0.04,0.0,67.25,35.3,1012.14,39.26,86.36,1,27.15,60.07
J20,급성 기관지염,2024-02,636101.0,910048.0,903622.0,18675016.0,14793489.0,4.43,0.44,9.04,8.6,23.0,0.0,0.0,75.76,110.19,1011.72,36.49,91.17,1,25.69,70.28
J20,급성 기관지염,2024-03,584333.0,845368.0,839143.0,17621597.0,13956633.0,7.11,1.74,12.72,10.99,24.4,0.0,0.0,62.61,68.17,1006.01,50.11,145.58,5,24.3,63.03
J20,급성 기관지염,2024-04,564704.0,821902.0,816169.0,17155207.0,13579023.0,14.95,9.51,21.06,11.55,26.5,0.0,0.0,68.48,84.93,1001.96,52.03,140.01,3,24.05,38.31
J20,급성 기관지염,2024-05,525610.0,774419.0,767911.0,16558197.0,13096112.0,17.73,11.9,23.96,12.06,27.2,0.0,0.0,67.49,119.52,1001.4,32.19,79.66,0,17.11,36.2
J20,급성 기관지염,2024-06,412658.0,603246.0,597654.0,13213600.0,10422117.0,22.68,17.64,28.34,10.7,24.0,0.0,0.1,71.33,145.51,996.37,30.19,50.03,0,17.05,23.56
J20,급성 기관지염,2024-07,493056.0,713108.0,706292.0,15597577.0,12323801.0,26.31,23.43,29.98,6.55,15.1,0.0,0.15,83.71,353.5,995.68,18.74,39.2,0,10.08,27.6
J20,급성 기관지염,2024-08,630647.0,894311.0,888052.0,18929997.0,14922598.0,28.0,24.22,33.02,8.81,16.6,0.0,0.56,78.96,83.62,995.9,25.45,37.69,0,15.2,24.67
J20,급성 기관지염,2024-09,384728.0,537667.0,534069.0,11535766.0,9096813.0,24.81,21.06,29.77,8.71,19.9,0.0,0.21,79.93,249.76,1001.53,20.46,33.15,0,10.78,20.87
J20,급성 기관지염,2024-10,449749.0,639517.0,635795.0,13122697.0,10410590.0,16.42,12.23,21.65,9.42,19.9,0.0,0.0,79.41,119.26,1007.87,29.25,60.21,0,16.43,36.53
J20,급성 기관지염,2024-11,532591.0,765930.0,762127.0,15489992.0,12306902.0,10.07,5.33,15.81,10.48,21.3,0.0,0.0,71.56,73.07,1009.58,32.89,53.31,0,19.99,36.49
J20,급성 기관지염,2024-12,735602.0,1055328.0,1049448.0,21364814.0,16971213.0,2.26,-2.15,7.26,9.41,19.4,0.01,0.0,60.1,8.16,1010.47,32.43,55.49,0,18.56,33.45
J20,급성 기관지염,2025-01,955848.0,1438773.0,1427884.0,30661387.0,24288528.0,0.25,-4.48,5.72,10.2,21.7,0.05,0.0,63.45,17.67,1011.21,38.81,90.37,1,25.47,70.35
J20,급성 기관지염,2025-02,564074.0,806294.0,799599.0,17778297.0,14028736.0,-0.1,-5.1,5.34,10.44,24.3,0.08,0.0,56.48,20.79,1011.22,35.0,68.36,0,19.43,46.18
J20,급성 기관지염,2025-03,565772.0,801852.0,795800.0,17626853.0,13890512.0,7.73,2.15,13.76,11.61,26.7,0.0,0.0,61.19,49.18,1006.2,52.07,133.94,4,28.35,50.89
J20,급성 기관지염,2025-04,563238.0,794153.0,788567.0,17267484.0,13630902.0,13.11,6.76,19.69,12.93,25.9,0.0,0.0,62.31,69.22,999.94,40.1,64.57,0,21.1,33.95
J20,급성 기관지염,2025-05,452525.0,630154.0,625975.0,13958386.0,10995720.0,16.79,11.64,22.39,10.75,22.9,0.0,0.0,72.05,119.36,999.52,30.51,51.16,0,18.05,30.71
J06,다발성 및 상세불명 부위의 급성 상기도감염,2010-01,159803.0,230857.0,222194.0,2673906.0,2115267.0,-1.57,-6.4,3.66,10.06,22.5,0.16,0.0,62.75,34.36,1010.25,48.36,98.13,2,,
J06,다발성 및 상세불명 부위의 급성 상기도감염,2010-02,134609.0,190793.0,185036.0,2214864.0,1751968.0,2.42,-1.83,7.16,8.99,25.5,0.03,0.0,65.29,86.66,1008.05,41.59,83.52,1,,
J06,다발성 및 상세불명 부위의 급성 상기도감염,2010-03,127384.0,185038.0,178441.0,2157582.0,1703206.0,5.41,1.17,9.78,8.61,22.7,0.0,0.0,65.66,97.88,1007.24,59.17,174.83,7,,
J06,다발성 및 상세불명 부위의 급성 상기도감염,2010-04,148201.0,219241.0,211441.0,2589488.0,2040426.0,9.71,4.5,15.2,10.7,24.2,0.0,0.0,60.35,99.9,1005.35,49.38,85.89,1,,
J06,다발성 및 상세불명 부위의 급성 상기도감염,2010-05,129338.0,191193.0,184567.0,2295883.0,1800254.0,16.84,11.47,22.64,11.16,25.9,0.0,0.0,65.85,125.95,998.81,54.54,136.5,5,,
J06,다발성 및 상세불명 부위의 급성 상기도감염,2010-06,92637.0,136751.0,132131.0,1659304.0,1295516.0,22.0,17.26,27.55,10.28,23.4,0.0,0.02,70.07,75.04,997.69,48.66,115.88,2,,
J06,다발성 및 상세불명 부위의 급성 상기도감염,2010-07,67510.0,98952.0,95319.0,1227000.0,954317.0,25.15,22.1,29.25,7.15,14.5,0.0,0.08,80.13,257.87,996.27,31.35,65.41,0,,
J06,다발성 및 상세불명 부위의 급성 상기도감염,2010-08,60343.0,87165.0,83048.0,1074801.0,834472.0,26.69,23.71,30.88,7.17,16.0,0.0,0.24,81.92,364.9,998.8,33.58,62.5,0,,
J06,다발성 및 상세불명 부위의 급성 상기도감염,2010-09,104832.0,147214.0,142127.0,1758931.0,1379926.0,21.73,17.95,26.78,8.83,19.5,0.0,0.04,78.23,255.24,1001.24,32.99,83.31,1,,
J06,다발성 및 상세불명 부위의 급성 상기도감염,2010-10,145269.0,211011.0,203701.0,2464159.0,1945572.0,14.48,9.7,20.4,10.7,21.5,0.0,0.0,71.84,44.44,1006.16,49.23,91.53,2,,
J06,다발성 및 상세불명 부위의 급성 상기도감염,2010-11,139352.0,202509.0,195210.0,2364013.0,1866332.0,7.05,1.42,13.5,12.07,22.5,0.0,0.0,60.37,11.95,1008.07,71.32,167.89,7,,
J06,다발성 및 상세불명 부위의 급성 상기도감염,2010-12,153461.0,223523.0,214832.0,2654005.0,2077130.0,1.04,-3.8,6.38,10.18,22.1,0.07,0.0,61.42,32.99,1003.99,57.96,149.82,8,,
J06,다발성 및 상세불명 부위의 급성 상기도감염,2011-01,164746.0,247167.0,236717.0,3007847.0,2360849.0,-4.6,-9.56,0.55,10.12,23.4,0.32,0.0,55.76,9.23,1012.44,38.21,57.97,0,,
J06,다발성 및 상세불명 부위의 급성 상기도감염,2011-02,134217.0,190293.0,184041.0,2327417.0,1828457.0,1.93,-3.15,7.87,11.02,25.3,0.03,0.0,64.68,64.64,1008.38,65.32,135.42,8,,
J06,다발성 및 상세불명 부위의 급성 상기도감염,2011-03,156766.0,227950.0,221085.0,2751386.0,2175474.0,4.57,-0.8,10.33,11.13,24.8,0.0,0.0,52.07,25.29,1008.08,64.8,265.38,4,,
J06,다발성 및 상세불명 부위의 급성 상기도감염,2011-04,138302.0,200468.0,194377.0,2448839.0,1928769.0,11.09,5.11,17.21,12.1,26.7,0.0,0.0,59.35,113.75,1001.66,56.56,99.4,4,,
J06,다발성 및 상세불명 부위의 급성 상기도감염,2011-05,117225.0,170457.0,164628.0,2128378.0,1663480.0,17.08,12.08,22.53,10.44,24.0,0.0,0.0,66.78,126.03,998.86,74.0,269.72,10,,
J06,다발성 및 상세불명 부위의 급성 상기도감염,2011-06,85480.0,123691.0,119601.0,1563996.0,1218829.0,21.69,17.43,26.8,9.36,19.8,0.0,0.02,73.79,281.59,994.88,44.59,76.24,0,,
J06,다발성 및 상세불명 부위의 급성 상기도감염,2011-07,61450.0,88351.0,85453.0,1117136.0,871470.0,24.93,22.01,28.8,6.79,16.1,0.0,0.08,82.07,462.82,994.3,29.49,66.6,0,,
J06,다발성 및 상세불명 부위의 급성 상기도감염,2011-08,62182.0,88218.0,85506.0,1112758.0,870439.0,24.96,22.08,28.96,6.87,14.9,0.0,0.08,82.18,280.06,996.64,30.26,50.87,0,,
J06,다발성 및 상세불명 부위의 급성 상기도감염,2011-09,96923.0,136947.0,133046.0,1698357.0,1335765.0,20.92,16.72,26.2,9.48,21.8,0.0,0.03,73.37,76.07,1000.12,34.82,60.4,0,,
J06,다발성 및 상세불명 부위의 급성 상기도감염,2011-10,120237.0,171028.0,166267.0,2080008.0,1643231.0,13.82,8.59,20.14,11.55,23.2,0.0,0.0,68.95,55.46,1007.3,47.56,70.02,0,,
J06,다발성 및 상세불명 부위의 급성 상기도감염,2011-11,131083.0,185351.0,180183.0,2235184.0,1768665.0,11.01,6.86,15.97,9.11,20.6,0.0,0.0,70.85,117.67,1009.61,41.58,85.48,1,,
J06,다발성 및 상세불명 부위의 급성 상기도감염,2011-12,164294.0,231317.0,230164.0,2769440.0,2193976.0,0.86,-3.4,5.57,8.97,23.3,0.06,0.0,59.14,19.72,1013.22,38.54,76.03,0,,
J06,다발성 및 상세불명 부위의 급성 상기도감염,2012-01,188147.0,266869.0,265232.0,3429006.0,2679563.0,-0.99,-5.43,3.9,9.33,22.1,0.12,0.0,58.59,18.17,1011.59,51.46,111.02,2,,
J06,다발성 및 상세불명 부위의 급성 상기도감염,2012-02,184879.0,267558.0,265019.0,3484767.0,2726014.0,-0.67,-5.54,4.67,10.21,24.3,0.12,0.0,55.34,15.71,1009.66,47.49,97.92,1,,
J06,다발성 및 상세불명 부위의 급성 상기도감염,2012-03,164983.0,238391.0,236363.0,3044521.0,2386883.0,5.64,1.03,10.56,9.52,24.0,0.0,0.0,60.89,93.72,1006.22,51.53,140.08,2,,
J06,다발성 및 상세불명 부위의 급성 상기도감염,2012-04,150051.0,214944.0,213507.0,2744639.0,2148112.0,12.47,6.62,18.58,11.96,26.6,0.0,0.0,60.29,139.37,1000.79,50.5,104.39,4,,
J06,다발성 및 상세불명 부위의 급성 상기도감염,2012-05,124128.0,177485.0,176528.0,2295732.0,1796894.0,18.12,12.79,24.28,11.48,23.4,0.0,0.0,63.61,41.9,998.9,58.65,111.89,4,,
J06,다발성 및 상세불명 부위의 급성 상기도감염,2012-06,86575.0,123173.0,122322.0,1580714.0,1237883.0,21.83,17.74,26.93,9.19,18.9,0.0,0.01,71.8,76.82,995.41,39.35,70.22,0,,
J06,다발성 및 상세불명 부위의 급성 상기도감염,2012-07,63428.0,89499.0,88855.0,1168152.0,914942.0,25.24,21.88,29.45,7.57,16.4,0.0,0.18,80.73,291.53,994.07,26.6,53.64,0,,
J06,다발성 및 상세불명 부위의 급성 상기도감염,2012-08,60988.0,84254.0,83674.0,1103200.0,861305.0,26.22,22.94,30.43,7.49,18.2,0.0,0.24,79.18,411.2,996.61,23.66,45.18,0,,
J06,다발성 및 상세불명 부위의 급성 상기도감염,2012-09,93717.0,130350.0,129464.0,1651713.0,1299636.0,20.04,16.1,25.08,8.98,18.7,0.0,0.0,78.17,255.58,1001.15,34.0,79.18,0,,
J06,다발성 및 상세불명 부위의 급성 상기도감염,2012-10,141328.0,197935.0,197037.0,2453352.0,1939033.0,14.34,8.89,20.93,12.04,22.9,0.0,0.0,68.84,55.53,1005.52,35.79,55.52,0,,
J06,다발성 및 상세불명 부위의 급성 상기도감염,2012-11,135248.0,188940.0,187919.0,2333715.0,1847218.0,6.7,2.15,11.76,9.62,22.0,0.0,0.0,63.55,57.96,1005.93,42.89,109.03,3,,
J06,다발성 및 상세불명 부위의 급성 상기도감염,2012-12,134319.0,185919.0,184915.0,2310322.0,1823233.0,-1.38,-5.64,3.27,8.9,23.9,0.15,0.0,65.81,67.07,1009.93,38.73,66.0,0,,
J06,다발성 및 상세불명 부위의 급성 상기도감염,2013-01,166334.0,235963.0,234062.0,3026431.0,2387056.0,-1.79,-6.5,3.38,9.88,23.4,0.19,0.0,64.03,27.71,1011.95,55.97,152.15,5,,
J06,다발성 및 상세불명 부위의 급성 상기도감염,2013-02,162974.0,226771.0,224845.0,2989501.0,2340255.0,0.81,-3.99,5.85,9.85,24.4,0.07,0.0,58.13,52.03,1010.65,45.09,85.8,1,,
J06,다발성 및 상세불명 부위의 급성 상기도감염,2013-03,165178.0,234160.0,232508.0,3118228.0,2445484.0,6.58,0.36,13.42,13.05,29.2,0.0,0.0,58.45,62.93,1004.2,52.46,143.47,3,,
J06,다발성 및 상세불명 부위의 급성 상기도감염,2013-04,153894.0,218099.0,216763.0,2824424.0,2228338.0,10.19,4.38,16.18,11.8,28.7,0.0,0.0,60.04,76.95,1000.38,53.16,144.42,2,,
J06,다발성 및 상세불명 부위의 급성 상기도감염,2013-05,119875.0,169095.0,167904.0,2221170.0,1745534.0,17.59,11.9,23.86,11.96,25.1,0.0,0.01,66.71,133.28,999.3,55.32,107.91,3,,
J06,다발성 및 상세불명 부위의 급성 상기도감염,2013-06,77210.0,107951.0,107075.0,1449192.0,1133630.0,22.27,18.33,27.27,8.94,20.2,0.0,0.01,75.99,101.82,995.9,41.31,67.49,0,,
J06,다발성 및 상세불명 부위의 급성 상기도감염,2013-07,63630.0,89597.0,88668.0,1223065.0,956479.0,26.03,23.08,29.89,6.81,15.6,0.0,0.12,81.17,297.67,994.01,32.25,84.67,1,,
J06,다발성 및 상세불명 부위의 급성 상기도감염,2013-08,64140.0,88453.0,87561.0,1221457.0,952391.0,27.04,23.25,32.03,8.77,17.1,0.0,0.4,77.8,158.83,994.95,34.84,64.25,0,,
J06,다발성 및 상세불명 부위의 급성 상기도감염,2013-09,102700.0,140871.0,140024.0,1876727.0,1468493.0,21.03,16.91,26.25,9.34,19.5,0.0,0.0,76.49,112.9,1002.52,32.75,81.3,1,,
J06,다발성 및 상세불명 부위의 급성 상기도감염,2013-10,128774.0,179316.0,177960.0,2375114.0,1881689.0,15.41,10.44,21.52,11.08,22.3,0.0,0.0,71.9,57.34,1006.96,34.5,60.86,0,,
J06,다발성 및 상세불명 부위의 급성 상기도감염,2013-11,139162.0,194125.0,192889.0,2525441.0,2008986.0,7.17,2.45,12.61,10.17,19.5,0.0,0.0,66.53,61.88,1006.94,41.19,78.27,0,,
J06,다발성 및 상세불명 부위의 급성 상기도감염,2013-12,140298.0,195092.0,194106.0,2535390.0,2011169.0,1.61,-2.75,6.5,9.25,21.0,0.03,0.0,65.02,22.08,1008.32,46.82,102.55,3,,
J06,다발성 및 상세불명 부위의 급성 상기도감염,2014-01,178498.0,250337.0,248574.0,3415665.0,2666512.0,0.64,-4.6,6.36,10.96,25.6,0.06,0.0,58.1,13.86,1011.15,54.36,116.93,3,,
J06,다발성 및 상세불명 부위의 급성 상기도감염,2014-02,201418.0,285639.0,283180.0,4018719.0,3107269.0,2.55,-2.0,7.82,9.82,22.1,0.01,0.0,64.05,32.95,1011.17,56.51,139.72,7,,
J06,다발성 및 상세불명 부위의 급성 상기도감염,2014-03,161777.0,228689.0,226868.0,3220382.0,2501683.0,7.59,2.15,13.34,11.19,24.3,0.0,0.0,62.0,82.3,1006.59,55.51,128.39,3,,
J06,다발성 및 상세불명 부위의 급성 상기도감염,2014-04,136130.0,192312.0,190935.0,2656346.0,2076290.0,13.16,7.44,19.59,12.14,26.9,0.0,0.0,59.9,86.98,1004.14,54.72,99.35,2,,
J06,다발성 및 상세불명 부위의 급성 상기도감염,2014-05,118782.0,166999.0,165738.0,2357996.0,1835965.0,18.11,11.97,24.7,12.73,25.2,0.0,0.03,60.41,67.73,998.6,64.17,163.21,6,,
J06,다발성 및 상세불명 부위의 급성 상기도감염,2014-06,83099.0,116215.0,115121.0,1663968.0,1297099.0,21.51,17.67,26.42,8.75,19.5,0.0,0.01,74.66,79.35,994.41,40.82,100.38,1,,
J06,다발성 및 상세불명 부위의 급성 상기도감염,2014-07,75946.0,105929.0,105270.0,1502164.0,1172018.0,24.75,21.17,29.36,8.19,19.3,0.0,0.13,78.58,167.06,995.34,35.9,83.56,1,,
J06,다발성 및 상세불명 부위의 급성 상기도감염,2014-08,77361.0,106437.0,105866.0,1494581.0,1168679.0,23.59,20.72,27.48,6.76,15.9,0.0,0.03,83.08,393.94,996.03,28.93,75.76,0,,
J06,다발성 및 상세불명 부위의 급성 상기도감염,2014-09,106139.0,146444.0,145826.0,2039146.0,1591092.0,20.75,16.43,26.27,9.84,19.8,0.0,0.0,76.99,119.88,1001.09,32.08,53.27,0,,
J06,다발성 및 상세불명 부위의 급성 상기도감염,2014-10,134249.0,185126.0,183731.0,2519859.0,1969387.0,14.83,9.58,21.12,11.54,24.2,0.0,0.0,72.3,113.95,1006.9,37.67,74.01,0,,
J06,다발성 및 상세불명 부위의 급성 상기도감염,2014-11,163756.0,224181.0,223113.0,3026838.0,2362296.0,8.91,4.22,14.47,10.25,20.9,0.0,0.0,69.73,60.74,1008.38,38.68,59.2,0,,
J06,다발성 및 상세불명 부위의 급성 상기도감염,2014-12,171464.0,236367.0,235290.0,3163050.0,2468379.0,-0.25,-4.67,4.58,9.25,19.4,0.06,0.0,61.57,27.83,1010.31,38.06,107.27,2,,
J06,다발성 및 상세불명 부위의 급성 상기도감염,2015-01,167047.0,234119.0,232041.0,3346795.0,2597201.0,0.72,-3.72,5.65,9.37,20.0,0.04,0.0,64.11,30.7,1010.61,48.74,86.16,1,,
J06,다발성 및 상세불명 부위의 급성 상기도감염,2015-02,175491.0,242703.0,240265.0,3671429.0,2804697.0,2.12,-2.42,7.25,9.67,23.9,0.02,0.0,61.39,28.65,1008.65,69.15,312.54,7,,
J06,다발성 및 상세불명 부위의 급성 상기도감염,2015-03,190215.0,271459.0,267641.0,4093499.0,3148328.0,6.72,0.6,13.32,12.72,25.4,0.0,0.0,53.27,45.08,1007.98,67.61,148.68,9,,
J06,다발성 및 상세불명 부위의 급성 상기도감염,2015-04,154984.0,218732.0,217027.0,3179848.0,2451854.0,12.56,7.26,18.42,11.16,26.3,0.0,0.0,66.37,133.96,1003.39,45.62,83.36,1,,
J06,다발성 및 상세불명 부위의 급성 상기도감염,2015-05,122893.0,171914.0,170584.0,2546665.0,1959327.0,18.33,12.15,24.84,12.69,25.4,0.0,0.01,60.29,69.74,997.37,47.89,101.84,1,,
J06,다발성 및 상세불명 부위의 급성 상기도감염,2015-06,95655.0,138521.0,137695.0,1931113.0,1506007.0,21.33,16.89,26.65,9.76,24.2,0.0,0.02,72.42,102.93,995.02,44.2,89.52,1,30.28,52.04
J06,다발성 및 상세불명 부위의 급성 상기도감염,2015-07,62643.0,87347.0,86760.0,1267238.0,985539.0,24.12,20.74,28.43,7.69,17.2,0.0,0.1,79.67,186.97,995.04,35.26,82.22,1,22.16,56.73
J06,다발성 및 상세불명 부위의 급성 상기도감염,2015-08,61915.0,83857.0,83346.0,1247427.0,961409.0,24.98,21.19,30.0,8.8,18.0,0.0,0.17,79.41,119.46,996.37,35.78,69.88,0,25.37,65.89
J06,다발성 및 상세불명 부위의 급성 상기도감염,2015-09,97313.0,133481.0,132657.0,1917770.0,1482749.0,20.27,15.58,25.99,10.41,21.7,0.0,0.0,74.55,69.41,1001.67,29.05,50.61,0,22.25,46.31
J06,다발성 및 상세불명 부위의 급성 상기도감염,2015-10,133900.0,182919.0,181954.0,2553228.0,1981781.0,14.95,9.63,21.48,11.84,23.9,0.0,0.0,69.42,64.8,1005.91,47.68,111.92,4,41.61,119.67
J06,다발성 및 상세불명 부위의 급성 상기도감염,2015-11,138271.0,189280.0,188067.0,2639608.0,2051086.0,10.17,6.74,14.23,7.49,23.5,0.0,0.0,79.52,131.46,1010.17,40.04,90.85,3,37.77,91.87
J06,다발성 및 상세불명 부위의 급성 상기도감염,2015-12,172015.0,236420.0,235407.0,3271084.0,2539033.0,3.71,-0.39,8.33,8.73,20.0,0.01,0.0,69.42,44.92,1011.77,46.68,85.95,1,43.82,79.75
J06,다발성 및 상세불명 부위의 급성 상기도감염,2016-01,175342.0,242104.0,240331.0,3575811.0,2768292.0,-0.69,-4.86,3.94,8.79,20.8,0.11,0.0,61.48,30.66,1011.06,46.38,77.1,0,35.48,84.29
J06,다발성 및 상세불명 부위의 급성 상기도감염,2016-02,186547.0,257470.0,255312.0,3970599.0,3027486.0,1.88,-2.96,7.11,10.07,23.9,0.03,0.0,58.26,50.92,1010.8,43.41,77.09,0,29.07,70.08
J06,다발성 및 상세불명 부위의 급성 상기도감염,2016-03,152881.0,213500.0,211883.0,3215167.0,2487544.0,7.17,1.66,13.17,11.51,25.5,0.0,0.0,60.45,62.1,1008.36,59.6,120.08,3,35.3,56.25
J06,다발성 및 상세불명 부위의 급성 상기도감염,2016-04,136937.0,191042.0,189933.0,2874927.0,2222844.0,13.66,8.15,20.0,11.85,27.0,0.0,0.0,65.29,163.52,1000.94,66.56,210.05,5,31.56,73.25
J06,다발성 및 상세불명 부위의 급성 상기도감염,2016-05,121541.0,168510.0,167308.0,2573891.0,1982937.0,18.33,12.31,24.78,12.47,25.5,0.0,0.0,64.58,103.36,999.3,52.43,107.01,3,26.83,52.44
J06,다발성 및 상세불명 부위의 급성 상기도감염,2016-06,91144.0,126099.0,125120.0,1943128.0,1499348.0,22.01,17.9,26.91,9.01,21.9,0.0,0.01,75.63,77.95,995.67,45.05,67.56,0,26.24,40.54
J06,다발성 및 상세불명 부위의 급성 상기도감염,2016-07,72940.0,100352.0,99388.0,1573514.0,1214687.0,25.21,21.89,29.54,7.66,15.9,0.0,0.16,82.7,284.24,996.06,30.0,53.8,0,17.4,29.82
J06,다발성 및 상세불명 부위의 급성 상기도감염,2016-08,74644.0,100926.0,100109.0,1557353.0,1197916.0,26.45,22.3,31.83,9.52,19.2,0.0,0.52,75.53,83.32,993.83,39.1,65.65,0,22.77,42.43
J06,다발성 및 상세불명 부위의 급성 상기도감염,2016-09,102259.0,137903.0,137185.0,2081627.0,1606217.0,21.48,18.02,26.04,8.02,18.2,0.0,0.0,81.66,207.23,1000.99,41.34,66.61,0,23.83,36.89
J06,다발성 및 상세불명 부위의 급성 상기도감염,2016-10,129354.0,175498.0,174676.0,2587100.0,2008175.0,15.8,11.98,20.67,8.68,20.3,0.0,0.0,77.84,155.11,1006.22,44.66,100.52,2,23.92,61.44
J06,다발성 및 상세불명 부위의 급성 상기도감염,2016-11,144965.0,198544.0,197550.0,2893402.0,2249077.0,7.97,3.18,13.35,10.18,21.5,0.0,0.0,68.78,36.42,1009.61,51.18,86.23,2,30.57,65.06
J06,다발성 및 상세불명 부위의 급성 상기도감염,2016-12,200588.0,280828.0,279545.0,4150814.0,3205162.0,3.26,-1.41,8.41,9.82,22.8,0.01,0.0,66.92,67.15,1010.95,43.78,75.88,0,29.21,61.17
J06,다발성 및 상세불명 부위의 급성 상기도감염,2017-01,170807.0,237365.0,235789.0,3654857.0,2821756.0,0.27,-4.53,5.6,10.13,23.2,0.1,0.0,61.54,16.85,1011.27,49.39,89.3,3,28.39,61.19
J06,다발성 및 상세불명 부위의 급성 상기도감염,2017-02,133955.0,182951.0,181907.0,2795029.0,2173920.0,1.74,-3.65,7.39,11.04,24.9,0.02,0.0,57.58,33.29,1009.36,44.13,85.1,1,24.54,61.54
J06,다발성 및 상세불명 부위의 급성 상기도감염,2017-03,151089.0,210414.0,209345.0,3224331.0,2507983.0,6.22,0.55,12.5,11.95,25.1,0.0,0.0,57.94,25.37,1006.28,58.79,99.58,1,34.48,69.85
J06,다발성 및 상세불명 부위의 급성 상기도감염,2017-04,149595.0,207624.0,206429.0,3277267.0,2532521.0,13.67,7.66,20.1,12.45,26.5,0.0,0.0,60.14,72.14,1000.34,57.84,123.4,3,25.03,47.81
J06,다발성 및 상세불명 부위의 급성 상기도감염,2017-05,132199.0,183834.0,182827.0,2946177.0,2272057.0,18.46,12.28,25.11,12.83,25.7,0.0,0.02,61.79,30.87,999.82,63.27,237.67,6,23.8,52.5
J06,다발성 및 상세불명 부위의 급성 상기도감염,2017-06,95264.0,132076.0,131281.0,2118166.0,1634327.0,21.52,16.37,27.53,11.16,22.1,0.0,0.05,68.02,57.39,996.35,41.29,65.96,0,22.96,36.56
J06,다발성 및 상세불명 부위의 급성 상기도감염,2017-07,71617.0,98443.0,97788.0,1607822.0,1242591.0,26.25,23.13,30.43,7.3,18.7,0.0,0.19,83.6,281.34,995.76,33.03,52.57,0,19.21,33.41
J06,다발성 및 상세불명 부위의 급성 상기도감염,2017-08,77986.0,105374.0,104693.0,1692299.0,1309275.0,25.32,21.77,29.86,8.08,17.5,0.0,0.18,80.61,238.53,995.52,27.87,48.7,0,14.57,28.66
J06,다발성 및 상세불명 부위의 급성 상기도감염,2017-09,108831.0,150843.0,150242.0,2306935.0,1798476.0,20.47,15.75,26.15,10.4,22.6,0.0,0.0,75.75,96.26,1000.51,39.77,75.53,0,22.16,45.73
J06,다발성 및 상세불명 부위의 급성 상기도감염,2017-10,119584.0,158647.0,157890.0,2526079.0,1944764.0,15.25,10.84,20.83,9.99,22.6,0.0,0.0,74.84,74.33,1007.67,38.13,76.65,0,19.35,46.46
J06,다발성 및 상세불명 부위의 급성 상기도감염,2017-11,154766.0,210669.0,209610.0,3191658.0,2487274.0,6.91,1.4,13.01,11.61,23.9,0.0,0.0,62.36,12.39,1009.35,46.43,81.06,1,25.28,49.64
J06,다발성 및 상세불명 부위의 급성 상기도감염,2017-12,214581.0,292126.0,290761.0,4588634.0,3529453.0,0.01,-4.76,5.1,9.86,23.8,0.07,0.0,58.99,23.31,1011.77,44.25,102.66,2,26.28,74.24
J06,다발성 및 상세불명 부위의 급성 상기도감염,2018-01,274948.0,392718.0,390054.0,6408956.0,5036955.0,-1.87,-6.19,3.1,9.29,23.7,0.17,0.0,59.4,24.79,1010.0,51.65,102.53,5,30.77,73.72
J06,다발성 및 상세불명 부위의 급성 상기도감염,2018-02,162039.0,218762.0,217343.0,3564312.0,2808442.0,-0.09,-5.54,5.68,11.22,25.8,0.12,0.0,51.67,34.83,1009.56,49.58,78.12,0,26.82,48.39
J06,다발성 및 상세불명 부위의 급성 상기도감염,2018-03,137580.0,188199.0,187108.0,3108379.0,2461436.0,8.03,2.42,14.11,11.69,25.3,0.0,0.0,68.31,112.29,1007.03,47.45,95.74,3,28.22,66.85
J06,다발성 및 상세불명 부위의 급성 상기도감염,2018-04,140402.0,192248.0,191289.0,3145658.0,2485335.0,13.15,7.26,19.36,12.11,26.9,0.0,0.0,64.13,139.6,1002.91,51.14,90.59,2,21.44,41.99
J06,다발성 및 상세불명 부위의 급성 상기도감염,2018-05,136834.0,187757.0,186794.0,3147599.0,2472339.0,17.59,12.47,23.09,10.62,25.0,0.0,0.0,72.58,132.57,999.26,41.91,88.94,2,19.45,35.57
J06,다발성 및 상세불명 부위의 급성 상기도감염,2018-06,100760.0,138855.0,138021.0,2358782.0,1854899.0,21.92,17.34,27.43,10.09,21.8,0.0,0.05,72.46,146.87,995.85,36.21,56.36,0,21.35,37.25
J06,다발성 및 상세불명 부위의 급성 상기도감염,2018-07,73462.0,100217.0,99443.0,1751609.0,1374435.0,26.54,22.64,31.35,8.71,17.3,0.0,0.46,78.08,168.34,996.66,23.09,40.3,0,12.8,26.67
J06,다발성 및 상세불명 부위의 급성 상기도감염,2018-08,69528.0,94316.0,93674.0,1627830.0,1278027.0,27.04,23.18,31.97,8.79,19.6,0.0,0.43,76.96,292.87,995.49,23.72,35.77,0,12.85,20.92
J06,다발성 및 상세불명 부위의 급성 상기도감염,2018-09,97950.0,130365.0,129735.0,2210341.0,1742599.0,20.34,16.27,25.19,8.93,19.2,0.0,0.0,77.19,152.21,1000.97,22.11,39.58,0,9.67,19.35
J06,다발성 및 상세불명 부위의 급성 상기도감염,2018-10,151802.0,205841.0,204953.0,3310237.0,2633593.0,13.05,8.03,19.11,11.08,21.4,0.0,0.0,71.8,166.57,1005.98,31.75,65.8,0,15.71,37.33
J06,다발성 및 상세불명 부위의 급성 상기도감염,2018-11,168852.0,229002.0,228079.0,3664670.0,2907597.0,8.17,3.15,14.46,11.31,22.7,0.0,0.0,70.27,47.73,1010.42,59.81,145.15,5,34.91,79.43
J06,다발성 및 상세불명 부위의 급성 상기도감염,2018-12,202311.0,275568.0,274785.0,4459811.0,3507965.0,1.4,-3.13,6.51,9.64,21.5,0.08,0.0,60.0,32.32,1013.34,45.26,90.28,2,25.53,66.81
J06,다발성 및 상세불명 부위의 급성 상기도감염,2019-01,187239.0,258212.0,257169.0,4290180.0,3399948.0,0.44,-4.64,6.22,10.86,21.9,0.06,0.0,55.19,9.5,1012.18,62.48,146.64,5,37.36,114.77
J06,다발성 및 상세불명 부위의 급성 상기도감염,2019-02,135386.0,178116.0,177273.0,3032076.0,2396269.0,2.49,-2.42,8.04,10.46,20.7,0.01,0.0,58.1,33.64,1010.49,58.37,119.64,3,36.08,85.07
J06,다발성 및 상세불명 부위의 급성 상기도감염,2019-03,140058.0,188899.0,188207.0,3206345.0,2541990.0,7.41,1.69,13.63,11.95,26.4,0.0,0.0,60.32,42.31,1004.29,67.34,169.14,6,43.31,117.72
J06,다발성 및 상세불명 부위의 급성 상기도감염,2019-04,162882.0,222585.0,221641.0,3772204.0,2991575.0,11.8,6.09,17.82,11.74,25.8,0.0,0.0,62.93,78.13,1002.46,43.43,88.23,1,22.26,42.97
J06,다발성 및 상세불명 부위의 급성 상기도감염,2019-05,148017.0,203002.0,202007.0,3547856.0,2793464.0,18.35,11.63,25.24,13.61,26.7,0.0,0.02,58.14,66.77,999.58,52.71,97.81,2,27.67,58.0
J06,다발성 및 상세불명 부위의 급성 상기도감염,2019-06,101635.0,137742.0,137177.0,2420825.0,1902370.0,21.03,16.48,26.45,9.97,21.8,0.0,0.01,74.83,153.17,995.07,34.02,53.02,0,22.48,37.58
J06,다발성 및 상세불명 부위의 급성 상기도감염,2019-07,90106.0,122995.0,122367.0,2199279.0,1728147.0,24.51,21.24,28.68,7.45,19.5,0.0,0.08,80.88,235.29,994.41,26.45,49.1,0,17.02,37.26
J06,다발성 및 상세불명 부위의 급성 상기도감염,2019-08,79296.0,106567.0,105901.0,1937175.0,1519257.0,25.92,22.16,30.65,8.49,15.4,0.0,0.26,79.44,143.15,995.29,28.76,52.0,0,17.45,38.33
J06,다발성 및 상세불명 부위의 급성 상기도감염,2019-09,109377.0,145218.0,144828.0,2503910.0,1974587.0,21.59,17.95,26.29,8.34,18.9,0.0,0.0,81.7,237.35,1002.8,26.83,60.44,0,14.32,41.58
J06,다발성 및 상세불명 부위의 급성 상기도감염,2019-10,153098.0,207374.0,206823.0,3468096.0,2755728.0,15.7,11.03,21.3,10.27,21.3,0.0,0.0,75.17,164.45,1006.54,38.65,83.11,1,19.95,37.4
J06,다발성 및 상세불명 부위의 급성 상기도감염,2019-11,168438.0,228297.0,227451.0,3876443.0,3080241.0,8.82,3.57,15.12,11.54,22.9,0.0,0.0,69.27,54.24,1009.95,45.76,87.3,1,24.44,48.18
J06,다발성 및 상세불명 부위의 급성 상기도감염,2019-12,202738.0,275175.0,274276.0,4634770.0,3656605.0,2.97,-1.54,8.16,9.69,22.9,0.01,0.0,65.83,29.54,1012.46,42.49,89.34,1,28.77,61.88
J06,다발성 및 상세불명 부위의 급성 상기도감염,2020-01,241151.0,330108.0,328999.0,5794757.0,4535256.0,2.92,-0.96,7.67,8.64,19.6,0.0,0.0,68.41,84.56,1010.27,45.96,80.29,0,31.69,62.0
J06,다발성 및 상세불명 부위의 급성 상기도감염,2020-02,150387.0,209375.0,208794.0,3534179.0,2806601.0,3.74,-1.12,9.13,10.26,23.2,0.02,0.0,67.05,58.97,1011.66,44.64,88.55,2,30.11,67.05
J06,다발성 및 상세불명 부위의 급성 상기도감염,2020-03,97566.0,136207.0,135931.0,2304981.0,1831207.0,7.9,1.92,14.04,12.12,24.8,0.0,0.0,60.73,33.14,1005.23,48.45,85.07,1,26.43,64.21
J06,다발성 및 상세불명 부위의 급성 상기도감염,2020-04,75407.0,102953.0,102708.0,1779724.0,1424257.0,10.73,4.57,17.09,12.52,26.1,0.0,0.0,55.96,43.24,1004.91,45.17,83.12,2,20.39,32.54
J06,다발성 및 상세불명 부위의 급성 상기도감염,2020-05,66582.0,90688.0,90482.0,1615883.0,1286005.0,17.54,12.68,23.06,10.39,22.8,0.0,0.0,72.78,108.66,998.48,35.78,75.82,0,19.42,31.49
J06,다발성 및 상세불명 부위의 급성 상기도감염,2020-06,60851.0,82937.0,82737.0,1503852.0,1193650.0,22.59,18.2,27.84,9.64,22.5,0.0,0.06,75.68,192.17,994.65,35.14,61.11,0,19.55,32.44
J06,다발성 및 상세불명 부위의 급성 상기도감염,2020-07,60278.0,82411.0,82245.0,1465428.0,1164698.0,22.55,19.7,26.27,6.56,16.2,0.0,0.0,86.23,411.05,995.36,22.23,42.09,0,12.92,29.12
J06,다발성 및 상세불명 부위의 급성 상기도감염,2020-08,53160.0,70915.0,70776.0,1271824.0,1010098.0,26.53,23.58,30.56,6.98,16.1,0.0,0.19,85.22,399.13,997.42,24.21,39.74,0,13.33,26.84
J06,다발성 및 상세불명 부위의 급성 상기도감염,2020-09,79706.0,109186.0,109010.0,1867408.0,1501114.0,20.26,16.52,24.99,8.47,19.0,0.0,0.0,80.4,230.87,1000.01,24.78,44.3,0,13.18,24.9
J06,다발성 및 상세불명 부위의 급성 상기도감염,2020-10,83177.0,109685.0,109589.0,1882546.0,1512666.0,13.98,8.81,20.19,11.38,21.5,0.0,0.0,68.96,13.47,1008.18,39.42,73.16,0,20.33,44.45
J06,다발성 및 상세불명 부위의 급성 상기도감염,2020-11,82442.0,109325.0,109112.0,1880502.0,1506024.0,8.88,3.92,14.45,10.53,23.1,0.0,0.0,65.6,40.57,1012.12,42.58,83.79,1,25.33,58.03
J06,다발성 및 상세불명 부위의 급성 상기도감염,2020-12,82862.0,111829.0,111729.0,1886077.0,1517514.0,0.87,-3.78,6.36,10.15,19.3,0.06,0.0,60.61,10.76,1013.13,42.41,79.2,0,27.34,58.99
J06,다발성 및 상세불명 부위의 급성 상기도감염,2021-01,63754.0,84460.0,84384.0,1489183.0,1198249.0,-0.54,-5.61,4.87,10.48,22.5,0.17,0.0,63.55,24.77,1011.44,44.71,103.5,2,24.86,42.83
J06,다발성 및 상세불명 부위의 급성 상기도감염,2021-02,61243.0,80181.0,80071.0,1425955.0,1145491.0,3.78,-1.65,9.69,11.35,27.4,0.01,0.0,58.52,22.54,1008.4,52.24,95.49,5,31.66,76.72
J06,다발성 및 상세불명 부위의 급성 상기도감염,2021-03,68906.0,92401.0,92294.0,1656404.0,1328703.0,8.91,3.45,14.91,11.46,24.2,0.0,0.0,67.6,113.02,1007.2,79.25,488.35,8,34.77,82.85
J06,다발성 및 상세불명 부위의 급성 상기도감염,2021-04,74402.0,99702.0,99524.0,1776617.0,1426950.0,13.25,7.48,19.31,11.83,24.9,0.0,0.0,58.99,77.17,1006.17,47.13,87.21,2,20.69,39.47
J06,다발성 및 상세불명 부위의 급성 상기도감염,2021-05,71078.0,93845.0,93633.0,1705771.0,1371524.0,16.74,11.61,22.25,10.64,23.4,0.0,0.0,71.03,139.1,997.42,63.56,415.67,5,22.34,88.09
J06,다발성 및 상세불명 부위의 급성 상기도감염,2021-06,73155.0,93912.0,93661.0,1704297.0,1353980.0,21.77,17.62,26.75,9.14,20.8,0.0,0.0,77.55,97.12,996.29,35.11,59.05,0,20.78,31.83
J06,다발성 및 상세불명 부위의 급성 상기도감염,2021-07,47123.0,62968.0,62803.0,1187718.0,945528.0,26.07,22.34,30.77,8.43,16.1,0.0,0.26,80.78,236.44,996.83,23.76,48.44,0,13.41,33.59
J06,다발성 및 상세불명 부위의 급성 상기도감염,2021-08,52602.0,67959.0,67767.0,1273090.0,1014386.0,24.94,21.71,29.34,7.63,15.6,0.0,0.12,83.03,287.8,996.98,23.16,41.28,0,12.85,29.58
J06,다발성 및 상세불명 부위의 급성 상기도감염,2021-09,60300.0,78825.0,78639.0,1464485.0,1162349.0,21.54,17.95,25.99,8.04,15.3,0.0,0.0,80.68,158.26,1001.79,18.51,28.44,0,8.9,16.16
J06,다발성 및 상세불명 부위의 급성 상기도감염,2021-10,71196.0,92137.0,91939.0,1673964.0,1341615.0,15.45,10.82,21.38,10.56,21.0,0.0,0.0,76.1,54.89,1008.97,32.51,52.8,0,16.96,31.92
J06,다발성 및 상세불명 부위의 급성 상기도감염,2021-11,88450.0,116846.0,116392.0,2088043.0,1671587.0,8.68,3.75,14.82,11.07,22.0,0.0,0.0,70.08,56.49,1007.15,44.31,106.04,2,24.99,76.14
J06,다발성 및 상세불명 부위의 급성 상기도감염,2021-12,92496.0,120533.0,120247.0,2079247.0,1671096.0,2.35,-2.49,7.84,10.33,20.4,0.05,0.0,63.85,10.09,1011.76,42.72,92.94,1,26.03,60.41
J06,다발성 및 상세불명 부위의 급성 상기도감염,2022-01,84125.0,111148.0,110868.0,2043741.0,1638467.0,-0.3,-5.3,5.32,10.63,22.4,0.09,0.0,57.01,4.5,1011.48,45.28,99.93,2,30.3,78.42
J06,다발성 및 상세불명 부위의 급성 상기도감염,2022-02,116289.0,151340.0,150985.0,3307991.0,2739139.0,0.32,-4.88,5.93,10.81,23.5,0.06,0.0,52.02,4.57,1012.35,43.52,98.52,3,27.8,77.25
J06,다발성 및 상세불명 부위의 급성 상기도감염,2022-03,211478.0,275987.0,275528.0,7585014.0,6530393.0,7.9,2.29,13.84,11.54,23.7,0.0,0.0,64.98,91.99,1004.99,47.08,100.94,2,25.31,48.17
J06,다발성 및 상세불명 부위의 급성 상기도감염,2022-04,147270.0,191501.0,191103.0,4156464.0,3435582.0,13.81,7.67,20.38,12.72,25.0,0.0,0.0,60.53,60.47,1004.74,45.16,156.52,1,21.83,35.7
J06,다발성 및 상세불명 부위의 급성 상기도감염,2022-05,90498.0,116866.0,116647.0,2397863.0,1953492.0,18.05,11.69,24.6,12.91,24.5,0.0,0.01,58.29,6.07,1000.41,34.82,58.75,0,17.23,32.95
J06,다발성 및 상세불명 부위의 급성 상기도감염,2022-06,62803.0,81088.0,80963.0,1661251.0,1342435.0,22.34,18.38,27.09,8.71,23.1,0.0,0.05,76.47,180.74,995.9,22.86,38.95,0,11.41,22.52
J06,다발성 및 상세불명 부위의 급성 상기도감염,2022-07,77379.0,98502.0,98307.0,2128820.0,1741814.0,25.99,22.59,30.33,7.73,16.6,0.0,0.2,81.65,184.25,994.37,25.53,41.38,0,14.66,27.3
J06,다발성 및 상세불명 부위의 급성 상기도감염,2022-08,118494.0,149390.0,148912.0,3401914.0,2823931.0,25.44,22.33,29.29,6.96,18.2,0.0,0.11,83.12,280.77,995.75,18.85,28.62,0,8.91,16.69
J06,다발성 및 상세불명 부위의 급성 상기도감염,2022-09,110059.0,140777.0,140564.0,2975741.0,2448803.0,21.13,16.91,26.38,9.47,22.4,0.0,0.01,77.04,157.82,1001.15,26.57,50.21,0,13.73,35.64
J06,다발성 및 상세불명 부위의 급성 상기도감염,2022-10,116161.0,148564.0,148226.0,3026942.0,2468182.0,14.21,9.25,20.22,10.97,24.3,0.0,0.0,72.53,76.72,1009.32,34.23,60.12,0,19.27,42.75
J06,다발성 및 상세불명 부위의 급성 상기도감염,2022-11,145481.0,186935.0,186347.0,3812586.0,3123766.0,9.99,4.41,16.74,12.33,23.8,0.0,0.0,68.1,62.27,1008.75,46.78,92.22,2,27.94,66.92
J06,다발성 및 상세불명 부위의 급성 상기도감염,2022-12,173396.0,223125.0,222451.0,4502115.0,3687132.0,-0.76,-5.27,4.33,9.6,21.1,0.11,0.0,61.79,17.02,1011.5,38.29,113.42,1,22.24,36.61
J06,다발성 및 상세불명 부위의 급성 상기도감염,2023-01,156404.0,200145.0,199496.0,4136651.0,3365196.0,-0.06,-5.14,5.56,10.7,25.8,0.11,0.0,62.69,44.95,1011.53,51.29,149.56,4,27.61,89.0
J06,다발성 및 상세불명 부위의 급성 상기도감염,2023-02,122007.0,156199.0,155579.0,3257600.0,2634353.0,2.86,-2.33,8.75,11.09,25.7,0.0,0.0,60.9,19.36,1012.66,53.91,107.32,4,35.06,77.85
J06,다발성 및 상세불명 부위의 급성 상기도감염,2023-03,142035.0,184803.0,184320.0,3800961.0,3060292.0,9.51,3.01,16.52,13.51,25.7,0.0,0.0,56.49,30.92,1007.87,70.44,140.77,8,29.72,56.32
J06,다발성 및 상세불명 부위의 급성 상기도감염,2023-04,165132.0,216605.0,215919.0,4521884.0,3613326.0,13.18,7.27,19.08,11.8,26.1,0.0,0.0,63.03,70.46,1002.92,75.03,306.24,8,25.07,84.74
J06,다발성 및 상세불명 부위의 급성 상기도감염,2023-05,173833.0,229978.0,228886.0,4927383.0,3934495.0,17.89,12.53,23.56,11.02,26.7,0.0,0.01,70.56,201.29,1001.52,40.44,160.02,2,18.52,35.59
J06,다발성 및 상세불명 부위의 급성 상기도감염,2023-06,130318.0,172414.0,171535.0,3719819.0,2975885.0,22.34,18.03,27.45,9.42,18.8,0.0,0.03,75.66,203.27,995.74,28.16,41.52,0,16.42,24.93
J06,다발성 및 상세불명 부위의 급성 상기도감염,2023-07,129852.0,166672.0,166087.0,3678797.0,2961727.0,25.55,22.49,29.63,7.13,16.0,0.0,0.14,85.64,483.87,996.49,24.37,50.19,0,13.8,34.94
J06,다발성 및 상세불명 부위의 급성 상기도감염,2023-08,131390.0,167220.0,166490.0,3728867.0,3013782.0,26.5,23.09,30.97,7.88,15.2,0.0,0.3,81.64,292.99,994.21,24.84,36.55,0,13.61,23.92
J06,다발성 및 상세불명 부위의 급성 상기도감염,2023-09,120398.0,154923.0,154443.0,3165793.0,2469590.0,22.73,19.25,27.31,8.06,18.5,0.0,0.0,81.67,193.0,1001.37,24.84,46.25,0,13.31,29.29
J06,다발성 및 상세불명 부위의 급성 상기도감염,2023-10,176319.0,226495.0,225741.0,4468333.0,3507838.0,15.03,9.94,21.36,11.42,22.3,0.0,0.0,72.15,16.35,1006.84,33.9,53.61,0,17.48,34.21
J06,다발성 및 상세불명 부위의 급성 상기도감염,2023-11,204287.0,263543.0,263047.0,5048810.0,3968469.0,8.34,3.31,13.85,10.54,23.1,0.0,0.0,65.65,65.1,1009.04,32.71,88.83,1,18.39,43.56
J06,다발성 및 상세불명 부위의 급성 상기도감염,2023-12,232172.0,302407.0,301825.0,5914584.0,4615532.0,2.82,-1.59,7.72,9.31,24.2,0.05,0.0,70.62,102.05,1011.96,40.95,86.45,1,25.71,63.86
J06,다발성 및 상세불명 부위의 급성 상기도감염,2024-01,223429.0,294265.0,293430.0,5848218.0,4586909.0,1.32,-2.94,6.1,9.04,22.0,0.04,0.0,67.25,35.3,1012.14,39.26,86.36,1,27.15,60.07
J06,다발성 및 상세불명 부위의 급성 상기도감염,2024-02,188372.0,242778.0,242232.0,4859824.0,3804684.0,4.43,0.44,9.04,8.6,23.0,0.0,0.0,75.76,110.19,1011.72,36.49,91.17,1,25.69,70.28
J06,다발성 및 상세불명 부위의 급성 상기도감염,2024-03,175482.0,229130.0,228684.0,4595316.0,3620214.0,7.11,1.74,12.72,10.99,24.4,0.0,0.0,62.61,68.17,1006.01,50.11,145.58,5,24.3,63.03
J06,다발성 및 상세불명 부위의 급성 상기도감염,2024-04,169242.0,221191.0,220657.0,4457141.0,3514052.0,14.95,9.51,21.06,11.55,26.5,0.0,0.0,68.48,84.93,1001.96,52.03,140.01,3,24.05,38.31
J06,다발성 및 상세불명 부위의 급성 상기도감염,2024-05,153999.0,202652.0,202070.0,4137045.0,3259849.0,17.73,11.9,23.96,12.06,27.2,0.0,0.0,67.49,119.52,1001.4,32.19,79.66,0,17.11,36.2
J06,다발성 및 상세불명 부위의 급성 상기도감염,2024-06,118944.0,155449.0,155018.0,3294933.0,2580369.0,22.68,17.64,28.34,10.7,24.0,0.0,0.1,71.33,145.51,996.37,30.19,50.03,0,17.05,23.56
J06,다발성 및 상세불명 부위의 급성 상기도감염,2024-07,146387.0,189225.0,188712.0,3968544.0,3111399.0,26.31,23.43,29.98,6.55,15.1,0.0,0.15,83.71,353.5,995.68,18.74,39.2,0,10.08,27.6
J06,다발성 및 상세불명 부위의 급성 상기도감염,2024-08,197445.0,253733.0,253158.0,5299390.0,4128010.0,28.0,24.22,33.02,8.81,16.6,0.0,0.56,78.96,83.62,995.9,25.45,37.69,0,15.2,24.67
J06,다발성 및 상세불명 부위의 급성 상기도감염,2024-09,117399.0,150129.0,149785.0,3161249.0,2478232.0,24.81,21.06,29.77,8.71,19.9,0.0,0.21,79.93,249.76,1001.53,20.46,33.15,0,10.78,20.87
J06,다발성 및 상세불명 부위의 급성 상기도감염,2024-10,139458.0,178890.0,178524.0,3628973.0,2868847.0,16.42,12.23,21.65,9.42,19.9,0.0,0.0,79.41,119.26,1007.87,29.25,60.21,0,16.43,36.53
J06,다발성 및 상세불명 부위의 급성 상기도감염,2024-11,160924.0,207843.0,207506.0,4134914.0,3274319.0,10.07,5.33,15.81,10.48,21.3,0.0,0.0,71.56,73.07,1009.58,32.89,53.31,0,19.99,36.49
J06,다발성 및 상세불명 부위의 급성 상기도감염,2024-12,221178.0,285744.0,285066.0,5755741.0,4519768.0,2.26,-2.15,7.26,9.41,19.4,0.01,0.0,60.1,8.16,1010.47,32.43,55.49,0,18.56,33.45
J06,다발성 및 상세불명 부위의 급성 상기도감염,2025-01,279618.0,372400.0,371142.0,7992317.0,6219658.0,0.25,-4.48,5.72,10.2,21.7,0.05,0.0,63.45,17.67,1011.21,38.81,90.37,1,25.47,70.35
J06,다발성 및 상세불명 부위의 급성 상기도감염,2025-02,169230.0,217944.0,217393.0,4662802.0,3648720.0,-0.1,-5.1,5.34,10.44,24.3,0.08,0.0,56.48,20.79,1011.22,35.0,68.36,0,19.43,46.18
J06,다발성 및 상세불명 부위의 급성 상기도감염,2025-03,175919.0,225319.0,224815.0,4782470.0,3730569.0,7.73,2.15,13.76,11.61,26.7,0.0,0.0,61.19,49.18,1006.2,52.07,133.94,4,28.35,50.89
J06,다발성 및 상세불명 부위의 급성 상기도감염,2025-04,179284.0,230826.0,230293.0,4844354.0,3798926.0,13.11,6.76,19.69,12.93,25.9,0.0,0.0,62.31,69.22,999.94,40.1,64.57,0,21.1,33.95
J06,다발성 및 상세불명 부위의 급성 상기도감염,2025-05,144209.0,183917.0,183493.0,4024687.0,3134888.0,16.79,11.64,22.39,10.75,22.9,0.0,0.0,72.05,119.36,999.52,30.51,51.16,0,18.05,30.71
M54,등통증,2010-01,300224.0,811557.0,774226.0,13797645.0,10769000.0,-1.57,-6.4,3.66,10.06,22.5,0.16,0.0,62.75,34.36,1010.25,48.36,98.13,2,,
M54,등통증,2010-02,308472.0,801561.0,767897.0,13567818.0,10589792.0,2.42,-1.83,7.16,8.99,25.5,0.03,0.0,65.29,86.66,1008.05,41.59,83.52,1,,
M54,등통증,2010-03,348146.0,984054.0,940759.0,16727480.0,13038222.0,5.41,1.17,9.78,8.61,22.7,0.0,0.0,65.66,97.88,1007.24,59.17,174.83,7,,
M54,등통증,2010-04,362733.0,1017800.0,975402.0,17121035.0,13389797.0,9.71,4.5,15.2,10.7,24.2,0.0,0.0,60.35,99.9,1005.35,49.38,85.89,1,,
M54,등통증,2010-05,370792.0,1024141.0,980763.0,17501243.0,13670774.0,16.84,11.47,22.64,11.16,25.9,0.0,0.0,65.85,125.95,998.81,54.54,136.5,5,,
M54,등통증,2010-06,376939.0,1060187.0,1015120.0,18065326.0,14092013.0,22.0,17.26,27.55,10.28,23.4,0.0,0.02,70.07,75.04,997.69,48.66,115.88,2,,
M54,등통증,2010-07,370550.0,1067238.0,1020730.0,18223929.0,14207735.0,25.15,22.1,29.25,7.15,14.5,0.0,0.08,80.13,257.87,996.27,31.35,65.41,0,,
M54,등통증,2010-08,361687.0,1023213.0,976369.0,17574495.0,13674353.0,26.69,23.71,30.88,7.17,16.0,0.0,0.24,81.92,364.9,998.8,33.58,62.5,0,,
M54,등통증,2010-09,368731.0,999238.0,957905.0,16901034.0,13205900.0,21.73,17.95,26.78,8.83,19.5,0.0,0.04,78.23,255.24,1001.24,32.99,83.31,1,,
M54,등통증,2010-10,372736.0,1034427.0,992373.0,17409066.0,13617594.0,14.48,9.7,20.4,10.7,21.5,0.0,0.0,71.84,44.44,1006.16,49.23,91.53,2,,
M54,등통증,2010-11,357939.0,996476.0,954343.0,16912441.0,13223696.0,7.05,1.42,13.5,12.07,22.5,0.0,0.0,60.37,11.95,1008.07,71.32,167.89,7,,
M54,등통증,2010-12,343316.0,949112.0,907399.0,16099977.0,12549746.0,1.04,-3.8,6.38,10.18,22.1,0.07,0.0,61.42,32.99,1003.99,57.96,149.82,8,,
M54,등통증,2011-01,324027.0,890860.0,849315.0,15447769.0,12023419.0,-4.6,-9.56,0.55,10.12,23.4,0.32,0.0,55.76,9.23,1012.44,38.21,57.97,0,,
M54,등통증,2011-02,327286.0,832464.0,796672.0,14739840.0,11445469.0,1.93,-3.15,7.87,11.02,25.3,0.03,0.0,64.68,64.64,1008.38,65.32,135.42,8,,
M54,등통증,2011-03,372246.0,1045239.0,998589.0,18291991.0,14217770.0,4.57,-0.8,10.33,11.13,24.8,0.0,0.0,52.07,25.29,1008.08,64.8,265.38,4,,
M54,등통증,2011-04,385127.0,1066001.0,1020138.0,18558091.0,14463533.0,11.09,5.11,17.21,12.1,26.7,0.0,0.0,59.35,113.75,1001.66,56.56,99.4,4,,
M54,등통증,2011-05,395214.0,1082485.0,1036291.0,19011099.0,14795499.0,17.08,12.08,22.53,10.44,24.0,0.0,0.0,66.78,126.03,998.86,74.0,269.72,10,,
M54,등통증,2011-06,397499.0,1098453.0,1050748.0,19296929.0,15003766.0,21.69,17.43,26.8,9.36,19.8,0.0,0.02,73.79,281.59,994.88,44.59,76.24,0,,
M54,등통증,2011-07,383629.0,1073461.0,1025994.0,18833180.0,14644574.0,24.93,22.01,28.8,6.79,16.1,0.0,0.08,82.07,462.82,994.3,29.49,66.6,0,,
M54,등통증,2011-08,392330.0,1095613.0,1045001.0,19304349.0,14977586.0,24.96,22.08,28.96,6.87,14.9,0.0,0.08,82.18,280.06,996.64,30.26,50.87,0,,
M54,등통증,2011-09,402891.0,1100874.0,1054875.0,19165798.0,14913090.0,20.92,16.72,26.2,9.48,21.8,0.0,0.03,73.37,76.07,1000.12,34.82,60.4,0,,
M54,등통증,2011-10,389628.0,1059982.0,1015793.0,18491093.0,14405235.0,13.82,8.59,20.14,11.55,23.2,0.0,0.0,68.95,55.46,1007.3,47.56,70.02,0,,
M54,등통증,2011-11,387168.0,1061904.0,1017852.0,18452093.0,14367471.0,11.01,6.86,15.97,9.11,20.6,0.0,0.0,70.85,117.67,1009.61,41.58,85.48,1,,
M54,등통증,2011-12,369113.0,1015278.0,1000230.0,17728830.0,13781901.0,0.86,-3.4,5.57,8.97,23.3,0.06,0.0,59.14,19.72,1013.22,38.54,76.03,0,,
M54,등통증,2012-01,350948.0,917305.0,903324.0,16596235.0,12858184.0,-0.99,-5.43,3.9,9.33,22.1,0.12,0.0,58.59,18.17,1011.59,51.46,111.02,2,,
M54,등통증,2012-02,354990.0,935667.0,921717.0,17090630.0,13208499.0,-0.67,-5.54,4.67,10.21,24.3,0.12,0.0,55.34,15.71,1009.66,47.49,97.92,1,,
M54,등통증,2012-03,390309.0,1056247.0,1041076.0,19375372.0,14979739.0,5.64,1.03,10.56,9.52,24.0,0.0,0.0,60.89,93.72,1006.22,51.53,140.08,2,,
M54,등통증,2012-04,402500.0,1060448.0,1045301.0,19564856.0,15129662.0,12.47,6.62,18.58,11.96,26.6,0.0,0.0,60.29,139.37,1000.79,50.5,104.39,4,,
M54,등통증,2012-05,431274.0,1155642.0,1141745.0,21258642.0,16424835.0,18.12,12.79,24.28,11.48,23.4,0.0,0.0,63.61,41.9,998.9,58.65,111.89,4,,
M54,등통증,2012-06,423144.0,1143352.0,1129415.0,20973097.0,16219449.0,21.83,17.74,26.93,9.19,18.9,0.0,0.01,71.8,76.82,995.41,39.35,70.22,0,,
M54,등통증,2012-07,410934.0,1122725.0,1107298.0,20744386.0,16003628.0,25.24,21.88,29.45,7.57,16.4,0.0,0.18,80.73,291.53,994.07,26.6,53.64,0,,
M54,등통증,2012-08,402086.0,1075918.0,1059867.0,19955904.0,15397778.0,26.22,22.94,30.43,7.49,18.2,0.0,0.24,79.18,411.2,996.61,23.66,45.18,0,,
M54,등통증,2012-09,404624.0,1074323.0,1060884.0,19575276.0,15186772.0,20.04,16.1,25.08,8.98,18.7,0.0,0.0,78.17,255.58,1001.15,34.0,79.18,0,,
M54,등통증,2012-10,419592.0,1110240.0,1096549.0,20259005.0,15706411.0,14.34,8.89,20.93,12.04,22.9,0.0,0.0,68.84,55.53,1005.52,35.79,55.52,0,,
M54,등통증,2012-11,392011.0,1045620.0,1032654.0,18965341.0,14721619.0,6.7,2.15,11.76,9.62,22.0,0.0,0.0,63.55,57.96,1005.93,42.89,109.03,3,,
M54,등통증,2012-12,350135.0,901697.0,887637.0,16714190.0,12934047.0,-1.38,-5.64,3.27,8.9,23.9,0.15,0.0,65.81,67.07,1009.93,38.73,66.0,0,,
M54,등통증,2013-01,368180.0,984796.0,968507.0,18631516.0,14383533.0,-1.79,-6.5,3.38,9.88,23.4,0.19,0.0,64.03,27.71,1011.95,55.97,152.15,5,,
M54,등통증,2013-02,363700.0,912809.0,900296.0,17362044.0,13399969.0,0.81,-3.99,5.85,9.85,24.4,0.07,0.0,58.13,52.03,1010.65,45.09,85.8,1,,
M54,등통증,2013-03,401363.0,1067350.0,1051750.0,20358940.0,15731233.0,6.58,0.36,13.42,13.05,29.2,0.0,0.0,58.45,62.93,1004.2,52.46,143.47,3,,
M54,등통증,2013-04,418898.0,1122361.0,1108281.0,21314602.0,16479324.0,10.19,4.38,16.18,11.8,28.7,0.0,0.0,60.04,76.95,1000.38,53.16,144.42,2,,
M54,등통증,2013-05,433790.0,1159016.0,1144739.0,22124871.0,17097436.0,17.59,11.9,23.86,11.96,25.1,0.0,0.01,66.71,133.28,999.3,55.32,107.91,3,,
M54,등통증,2013-06,413034.0,1085478.0,1070666.0,20833557.0,16093081.0,22.27,18.33,27.27,8.94,20.2,0.0,0.01,75.99,101.82,995.9,41.31,67.49,0,,
M54,등통증,2013-07,421868.0,1168423.0,1152438.0,22516632.0,17330906.0,26.03,23.08,29.89,6.81,15.6,0.0,0.12,81.17,297.67,994.01,32.25,84.67,1,,
M54,등통증,2013-08,406127.0,1091831.0,1075635.0,21205387.0,16311603.0,27.04,23.25,32.03,8.77,17.1,0.0,0.4,77.8,158.83,994.95,34.84,64.25,0,,
M54,등통증,2013-09,406967.0,1043180.0,1028195.0,20138630.0,15546190.0,21.03,16.91,26.25,9.34,19.5,0.0,0.0,76.49,112.9,1002.52,32.75,81.3,1,,
M54,등통증,2013-10,417366.0,1108126.0,1092984.0,21522147.0,16652888.0,15.41,10.44,21.52,11.08,22.3,0.0,0.0,71.9,57.34,1006.96,34.5,60.86,0,,
M54,등통증,2013-11,394897.0,1038191.0,1023049.0,20181420.0,15630355.0,7.17,2.45,12.61,10.17,19.5,0.0,0.0,66.53,61.88,1006.94,41.19,78.27,0,,
M54,등통증,2013-12,380232.0,1004767.0,989157.0,19767116.0,15245813.0,1.61,-2.75,6.5,9.25,21.0,0.03,0.0,65.02,22.08,1008.32,46.82,102.55,3,,
M54,등통증,2014-01,366223.0,961961.0,946987.0,19399972.0,14982214.0,0.64,-4.6,6.36,10.96,25.6,0.06,0.0,58.1,13.86,1011.15,54.36,116.93,3,,
M54,등통증,2014-02,368658.0,936215.0,922622.0,19005051.0,14620106.0,2.55,-2.0,7.82,9.82,22.1,0.01,0.0,64.05,32.95,1011.17,56.51,139.72,7,,
M54,등통증,2014-03,402344.0,1056641.0,1041952.0,21715282.0,16712486.0,7.59,2.15,13.34,11.19,24.3,0.0,0.0,62.0,82.3,1006.59,55.51,128.39,3,,
M54,등통증,2014-04,424344.0,1132530.0,1118347.0,23115577.0,17824243.0,13.16,7.44,19.59,12.14,26.9,0.0,0.0,59.9,86.98,1004.14,54.72,99.35,2,,
M54,등통증,2014-05,428345.0,1134613.0,1119337.0,23258580.0,17968068.0,18.11,11.97,24.7,12.73,25.2,0.0,0.03,60.41,67.73,998.6,64.17,163.21,6,,
M54,등통증,2014-06,421645.0,1107875.0,1090744.0,23007879.0,17726595.0,21.51,17.67,26.42,8.75,19.5,0.0,0.01,74.66,79.35,994.41,40.82,100.38,1,,
M54,등통증,2014-07,431377.0,1184299.0,1166381.0,24467924.0,18837895.0,24.75,21.17,29.36,8.19,19.3,0.0,0.13,78.58,167.06,995.34,35.9,83.56,1,,
M54,등통증,2014-08,420389.0,1094607.0,1077825.0,22763861.0,17529184.0,23.59,20.72,27.48,6.76,15.9,0.0,0.03,83.08,393.94,996.03,28.93,75.76,0,,
M54,등통증,2014-09,434665.0,1129193.0,1114051.0,23409202.0,18040294.0,20.75,16.43,26.27,9.84,19.8,0.0,0.0,76.99,119.88,1001.09,32.08,53.27,0,,
M54,등통증,2014-10,430078.0,1125577.0,1109842.0,23207268.0,17819263.0,14.83,9.58,21.12,11.54,24.2,0.0,0.0,72.3,113.95,1006.9,37.67,74.01,0,,
M54,등통증,2014-11,401017.0,1032916.0,1017832.0,21369130.0,16425961.0,8.91,4.22,14.47,10.25,20.9,0.0,0.0,69.73,60.74,1008.38,38.68,59.2,0,,
M54,등통증,2014-12,387747.0,1012051.0,995955.0,21202147.0,16234749.0,-0.25,-4.67,4.58,9.25,19.4,0.06,0.0,61.57,27.83,1010.31,38.06,107.27,2,,
M54,등통증,2015-01,381653.0,998488.0,982234.0,21514194.0,16329618.0,0.72,-3.72,5.65,9.37,20.0,0.04,0.0,64.11,30.7,1010.61,48.74,86.16,1,,
M54,등통증,2015-02,364565.0,873773.0,859769.0,19016853.0,14452188.0,2.12,-2.42,7.25,9.67,23.9,0.02,0.0,61.39,28.65,1008.65,69.15,312.54,7,,
M54,등통증,2015-03,419717.0,1086115.0,1069547.0,23948394.0,18141929.0,6.72,0.6,13.32,12.72,25.4,0.0,0.0,53.27,45.08,1007.98,67.61,148.68,9,,
M54,등통증,2015-04,433814.0,1124521.0,1109988.0,24708475.0,18746418.0,12.56,7.26,18.42,11.16,26.3,0.0,0.0,66.37,133.96,1003.39,45.62,83.36,1,,
M54,등통증,2015-05,428200.0,1090101.0,1074776.0,24261275.0,18435026.0,18.33,12.15,24.84,12.69,25.4,0.0,0.01,60.29,69.74,997.37,47.89,101.84,1,,
M54,등통증,2015-06,394843.0,1005408.0,990917.0,21989603.0,16797098.0,21.33,16.89,26.65,9.76,24.2,0.0,0.02,72.42,102.93,995.02,44.2,89.52,1,30.28,52.04
M54,등통증,2015-07,419439.0,1107385.0,1090659.0,24710150.0,18745371.0,24.12,20.74,28.43,7.69,17.2,0.0,0.1,79.67,186.97,995.04,35.26,82.22,1,22.16,56.73
M54,등통증,2015-08,415160.0,1061766.0,1043876.0,24005203.0,18130573.0,24.98,21.19,30.0,8.8,18.0,0.0,0.17,79.41,119.46,996.37,35.78,69.88,0,25.37,65.89
M54,등통증,2015-09,421009.0,1075910.0,1061226.0,23716970.0,17988231.0,20.27,15.58,25.99,10.41,21.7,0.0,0.0,74.55,69.41,1001.67,29.05,50.61,0,22.25,46.31
M54,등통증,2015-10,450509.0,1147860.0,1132948.0,24934110.0,18924956.0,14.95,9.63,21.48,11.84,23.9,0.0,0.0,69.42,64.8,1005.91,47.68,111.92,4,41.61,119.67
M54,등통증,2015-11,411880.0,1048249.0,1033719.0,22943297.0,17382324.0,10.17,6.74,14.23,7.49,23.5,0.0,0.0,79.52,131.46,1010.17,40.04,90.85,3,37.77,91.87
M54,등통증,2015-12,410469.0,1068530.0,1053775.0,23565702.0,17827618.0,3.71,-0.39,8.33,8.73,20.0,0.01,0.0,69.42,44.92,1011.77,46.68,85.95,1,43.82,79.75
M54,등통증,2016-01,373149.0,945875.0,928910.0,21726372.0,16370904.0,-0.69,-4.86,3.94,8.79,20.8,0.11,0.0,61.48,30.66,1011.06,46.38,77.1,0,35.48,84.29
M54,등통증,2016-02,388182.0,942296.0,927943.0,21779125.0,16402449.0,1.88,-2.96,7.11,10.07,23.9,0.03,0.0,58.26,50.92,1010.8,43.41,77.09,0,29.07,70.08
M54,등통증,2016-03,435180.0,1132333.0,1115867.0,26063132.0,19642241.0,7.17,1.66,13.17,11.51,25.5,0.0,0.0,60.45,62.1,1008.36,59.6,120.08,3,35.3,56.25
M54,등통증,2016-04,439567.0,1125862.0,1111182.0,25850401.0,19531341.0,13.66,8.15,20.0,11.85,27.0,0.0,0.0,65.29,163.52,1000.94,66.56,210.05,5,31.56,73.25
M54,등통증,2016-05,447713.0,1132749.0,1117012.0,26395246.0,19885249.0,18.33,12.31,24.78,12.47,25.5,0.0,0.0,64.58,103.36,999.3,52.43,107.01,3,26.83,52.44
M54,등통증,2016-06,451466.0,1166595.0,1151761.0,26863870.0,20250859.0,22.01,17.9,26.91,9.01,21.9,0.0,0.01,75.63,77.95,995.67,45.05,67.56,0,26.24,40.54
M54,등통증,2016-07,431964.0,1133467.0,1117659.0,26272479.0,19795638.0,25.21,21.89,29.54,7.66,15.9,0.0,0.16,82.7,284.24,996.06,30.0,53.8,0,17.4,29.82
M54,등통증,2016-08,433676.0,1128915.0,1112230.0,26483071.0,19912052.0,26.45,22.3,31.83,9.52,19.2,0.0,0.52,75.53,83.32,993.83,39.1,65.65,0,22.77,42.43
M54,등통증,2016-09,445385.0,1112438.0,1097288.0,25923035.0,19540815.0,21.48,18.02,26.04,8.02,18.2,0.0,0.0,81.66,207.23,1000.99,41.34,66.61,0,23.83,36.89
M54,등통증,2016-10,453119.0,1148794.0,1133540.0,26378307.0,19969152.0,15.8,11.98,20.67,8.68,20.3,0.0,0.0,77.84,155.11,1006.22,44.66,100.52,2,23.92,61.44
M54,등통증,2016-11,427538.0,1095736.0,1081314.0,25206047.0,19045030.0,7.97,3.18,13.35,10.18,21.5,0.0,0.0,68.78,36.42,1009.61,51.18,86.23,2,30.57,65.06
M54,등통증,2016-12,421971.0,1094257.0,1079392.0,25384633.0,19137878.0,3.26,-1.41,8.41,9.82,22.8,0.01,0.0,66.92,67.15,1010.95,43.78,75.88,0,29.21,61.17
M54,등통증,2017-01,390037.0,970140.0,954206.0,23695259.0,17746942.0,0.27,-4.53,5.6,10.13,23.2,0.1,0.0,61.54,16.85,1011.27,49.39,89.3,3,28.39,61.19
M54,등통증,2017-02,397973.0,997496.0,982846.0,24547260.0,18365359.0,1.74,-3.65,7.39,11.04,24.9,0.02,0.0,57.58,33.29,1009.36,44.13,85.1,1,24.54,61.54
M54,등통증,2017-03,446912.0,1166138.0,1151452.0,28715551.0,21480834.0,6.22,0.55,12.5,11.95,25.1,0.0,0.0,57.94,25.37,1006.28,58.79,99.58,1,34.48,69.85
M54,등통증,2017-04,444778.0,1119676.0,1105521.0,27666719.0,20710476.0,13.67,7.66,20.1,12.45,26.5,0.0,0.0,60.14,72.14,1000.34,57.84,123.4,3,25.03,47.81
M54,등통증,2017-05,469678.0,1193159.0,1178202.0,29800978.0,22295262.0,18.46,12.28,25.11,12.83,25.7,0.0,0.02,61.79,30.87,999.82,63.27,237.67,6,23.8,52.5
M54,등통증,2017-06,467962.0,1208124.0,1193030.0,30164955.0,22534681.0,21.52,16.37,27.53,11.16,22.1,0.0,0.05,68.02,57.39,996.35,41.29,65.96,0,22.96,36.56
M54,등통증,2017-07,443155.0,1155957.0,1139890.0,29380795.0,21937805.0,26.25,23.13,30.43,7.3,18.7,0.0,0.19,83.6,281.34,995.76,33.03,52.57,0,19.21,33.41
M54,등통증,2017-08,457506.0,1183019.0,1167510.0,29815659.0,22245566.0,25.32,21.77,29.86,8.08,17.5,0.0,0.18,80.61,238.53,995.52,27.87,48.7,0,14.57,28.66
M54,등통증,2017-09,476351.0,1238734.0,1224976.0,30512026.0,22898422.0,20.47,15.75,26.15,10.4,22.6,0.0,0.0,75.75,96.26,1000.51,39.77,75.53,0,22.16,45.73
M54,등통증,2017-10,435040.0,1031528.0,1017640.0,26064457.0,19511712.0,15.25,10.84,20.83,9.99,22.6,0.0,0.0,74.84,74.33,1007.67,38.13,76.65,0,19.35,46.46
M54,등통증,2017-11,446940.0,1141567.0,1127299.0,28214945.0,21109069.0,6.91,1.4,13.01,11.61,23.9,0.0,0.0,62.36,12.39,1009.35,46.43,81.06,1,25.28,49.64
M54,등통증,2017-12,412700.0,1032778.0,1018122.0,25836770.0,19297273.0,0.01,-4.76,5.1,9.86,23.8,0.07,0.0,58.99,23.31,1011.77,44.25,102.66,2,26.28,74.24
M54,등통증,2018-01,409488.0,1025389.0,1009519.0,27450271.0,20925860.0,-1.87,-6.19,3.1,9.29,23.7,0.17,0.0,59.4,24.79,1010.0,51.65,102.53,5,30.77,73.72
M54,등통증,2018-02,391101.0,914403.0,902068.0,24761229.0,18882221.0,-0.09,-5.54,5.68,11.22,25.8,0.12,0.0,51.67,34.83,1009.56,49.58,78.12,0,26.82,48.39
M54,등통증,2018-03,458897.0,1158728.0,1144442.0,31767617.0,24188335.0,8.03,2.42,14.11,11.69,25.3,0.0,0.0,68.31,112.29,1007.03,47.45,95.74,3,28.22,66.85
M54,등통증,2018-04,465004.0,1160830.0,1148326.0,31714631.0,24178230.0,13.15,7.26,19.36,12.11,26.9,0.0,0.0,64.13,139.6,1002.91,51.14,90.59,2,21.44,41.99
M54,등통증,2018-05,478569.0,1198489.0,1185565.0,32624903.0,24900271.0,17.59,12.47,23.09,10.62,25.0,0.0,0.0,72.58,132.57,999.26,41.91,88.94,2,19.45,35.57
M54,등통증,2018-06,470451.0,1179852.0,1166799.0,32458034.0,24777941.0,21.92,17.34,27.43,10.09,21.8,0.0,0.05,72.46,146.87,995.85,36.21,56.36,0,21.35,37.25
M54,등통증,2018-07,455340.0,1167790.0,1153736.0,32603620.0,24777264.0,26.54,22.64,31.35,8.71,17.3,0.0,0.46,78.08,168.34,996.66,23.09,40.3,0,12.8,26.67
M54,등통증,2018-08,459458.0,1162704.0,1147796.0,32583499.0,24751207.0,27.04,23.18,31.97,8.79,19.6,0.0,0.43,76.96,292.87,995.49,23.72,35.77,0,12.85,20.92
M54,등통증,2018-09,447253.0,1084703.0,1073176.0,29999696.0,22915917.0,20.34,16.27,25.19,8.93,19.2,0.0,0.0,77.19,152.21,1000.97,22.11,39.58,0,9.67,19.35
M54,등통증,2018-10,495510.0,1237552.0,1225815.0,33648926.0,25715436.0,13.05,8.03,19.11,11.08,21.4,0.0,0.0,71.8,166.57,1005.98,31.75,65.8,0,15.71,37.33
M54,등통증,2018-11,459010.0,1158902.0,1147288.0,31724537.0,24238266.0,8.17,3.15,14.46,11.31,22.7,0.0,0.0,70.27,47.73,1010.42,59.81,145.15,5,34.91,79.43
M54,등통증,2018-12,429107.0,1063322.0,1051215.0,29533358.0,22503559.0,1.4,-3.13,6.51,9.64,21.5,0.08,0.0,60.0,32.32,1013.34,45.26,90.28,2,25.53,66.81
M54,등통증,2019-01,433957.0,1103363.0,1089326.0,31855426.0,24198098.0,0.44,-4.64,6.22,10.86,21.9,0.06,0.0,55.19,9.5,1012.18,62.48,146.64,5,37.36,114.77
M54,등통증,2019-02,406749.0,952961.0,942075.0,28089384.0,21328929.0,2.49,-2.42,8.04,10.46,20.7,0.01,0.0,58.1,33.64,1010.49,58.37,119.64,3,36.08,85.07
M54,등통증,2019-03,455508.0,1143418.0,1130845.0,33788980.0,25670508.0,7.41,1.69,13.63,11.95,26.4,0.0,0.0,60.32,42.31,1004.29,67.34,169.14,6,43.31,117.72
M54,등통증,2019-04,485943.0,1234541.0,1222249.0,36405927.0,27664950.0,11.8,6.09,17.82,11.74,25.8,0.0,0.0,62.93,78.13,1002.46,43.43,88.23,1,22.26,42.97
M54,등통증,2019-05,499985.0,1265998.0,1254000.0,37599138.0,28548605.0,18.35,11.63,25.24,13.61,26.7,0.0,0.02,58.14,66.77,999.58,52.71,97.81,2,27.67,58.0
M54,등통증,2019-06,470179.0,1164435.0,1152619.0,34702906.0,26342846.0,21.03,16.48,26.45,9.97,21.8,0.0,0.01,74.83,153.17,995.07,34.02,53.02,0,22.48,37.58
M54,등통증,2019-07,493369.0,1276541.0,1263850.0,38443104.0,29096660.0,24.51,21.24,28.68,7.45,19.5,0.0,0.08,80.88,235.29,994.41,26.45,49.1,0,17.02,37.26
M54,등통증,2019-08,477557.0,1196539.0,1183247.0,36648167.0,27720899.0,25.92,22.16,30.65,8.49,15.4,0.0,0.26,79.44,143.15,995.29,28.76,52.0,0,17.45,38.33
M54,등통증,2019-09,472573.0,1137594.0,1126574.0,34313000.0,26013044.0,21.59,17.95,26.29,8.34,18.9,0.0,0.0,81.7,237.35,1002.8,26.83,60.44,0,14.32,41.58
M54,등통증,2019-10,496330.0,1235442.0,1224002.0,36484537.0,27780425.0,15.7,11.03,21.3,10.27,21.3,0.0,0.0,75.17,164.45,1006.54,38.65,83.11,1,19.95,37.4
M54,등통증,2019-11,462184.0,1155003.0,1144499.0,34107914.0,25950152.0,8.82,3.57,15.12,11.54,22.9,0.0,0.0,69.27,54.24,1009.95,45.76,87.3,1,24.44,48.18
M54,등통증,2019-12,448533.0,1122548.0,1111283.0,34003831.0,25772339.0,2.97,-1.54,8.16,9.69,22.9,0.01,0.0,65.83,29.54,1012.46,42.49,89.34,1,28.77,61.88
M54,등통증,2020-01,435149.0,1053269.0,1041163.0,33458184.0,25315421.0,2.92,-0.96,7.67,8.64,19.6,0.0,0.0,68.41,84.56,1010.27,45.96,80.29,0,31.69,62.0
M54,등통증,2020-02,369123.0,873065.0,863275.0,28183896.0,21311674.0,3.74,-1.12,9.13,10.26,23.2,0.02,0.0,67.05,58.97,1011.66,44.64,88.55,2,30.11,67.05
M54,등통증,2020-03,363158.0,868978.0,859288.0,28788360.0,21732855.0,7.9,1.92,14.04,12.12,24.8,0.0,0.0,60.73,33.14,1005.23,48.45,85.07,1,26.43,64.21
M54,등통증,2020-04,408069.0,986135.0,977129.0,33186872.0,24995568.0,10.73,4.57,17.09,12.52,26.1,0.0,0.0,55.96,43.24,1004.91,45.17,83.12,2,20.39,32.54
M54,등통증,2020-05,454711.0,1107664.0,1097887.0,37692691.0,28346223.0,17.54,12.68,23.06,10.39,22.8,0.0,0.0,72.78,108.66,998.48,35.78,75.82,0,19.42,31.49
M54,등통증,2020-06,468631.0,1162769.0,1152744.0,39771360.0,29868987.0,22.59,18.2,27.84,9.64,22.5,0.0,0.06,75.68,192.17,994.65,35.14,61.11,0,19.55,32.44
M54,등통증,2020-07,459093.0,1166537.0,1155934.0,39813232.0,29904353.0,22.55,19.7,26.27,6.56,16.2,0.0,0.0,86.23,411.05,995.36,22.23,42.09,0,12.92,29.12
M54,등통증,2020-08,425481.0,1019184.0,1008655.0,35732231.0,26794213.0,26.53,23.58,30.56,6.98,16.1,0.0,0.19,85.22,399.13,997.42,24.21,39.74,0,13.33,26.84
M54,등통증,2020-09,448211.0,1104644.0,1096179.0,37664235.0,28368456.0,20.26,16.52,24.99,8.47,19.0,0.0,0.0,80.4,230.87,1000.01,24.78,44.3,0,13.18,24.9
M54,등통증,2020-10,450897.0,1064432.0,1055690.0,36647944.0,27548256.0,13.98,8.81,20.19,11.38,21.5,0.0,0.0,68.96,13.47,1008.18,39.42,73.16,0,20.33,44.45
M54,등통증,2020-11,437677.0,1057724.0,1049028.0,36932609.0,27727476.0,8.88,3.92,14.45,10.53,23.1,0.0,0.0,65.6,40.57,1012.12,42.58,83.79,1,25.33,58.03
M54,등통증,2020-12,406642.0,987107.0,978974.0,35220356.0,26365380.0,0.87,-3.78,6.36,10.15,19.3,0.06,0.0,60.61,10.76,1013.13,42.41,79.2,0,27.34,58.99
M54,등통증,2021-01,379223.0,893230.0,882948.0,33574760.0,25060092.0,-0.54,-5.61,4.87,10.48,22.5,0.17,0.0,63.55,24.77,1011.44,44.71,103.5,2,24.86,42.83
M54,등통증,2021-02,392234.0,893407.0,885380.0,33533531.0,25034903.0,3.78,-1.65,9.69,11.35,27.4,0.01,0.0,58.52,22.54,1008.4,52.24,95.49,5,31.66,76.72
M54,등통증,2021-03,467911.0,1160999.0,1151190.0,44024568.0,32839983.0,8.91,3.45,14.91,11.46,24.2,0.0,0.0,67.6,113.02,1007.2,79.25,488.35,8,34.77,82.85
M54,등통증,2021-04,466621.0,1149381.0,1139623.0,42994460.0,32117387.0,13.25,7.48,19.31,11.83,24.9,0.0,0.0,58.99,77.17,1006.17,47.13,87.21,2,20.69,39.47
M54,등통증,2021-05,461922.0,1090335.0,1081011.0,40727394.0,30433262.0,16.74,11.61,22.25,10.64,23.4,0.0,0.0,71.03,139.1,997.42,63.56,415.67,5,22.34,88.09
M54,등통증,2021-06,486140.0,1141575.0,1131032.0,42064427.0,31442492.0,21.77,17.62,26.75,9.14,20.8,0.0,0.0,77.55,97.12,996.29,35.11,59.05,0,20.78,31.83
M54,등통증,2021-07,456591.0,1115337.0,1103755.0,43482202.0,32343304.0,26.07,22.34,30.77,8.43,16.1,0.0,0.26,80.78,236.44,996.83,23.76,48.44,0,13.41,33.59
M54,등통증,2021-08,462486.0,1091528.0,1079784.0,42052258.0,31317784.0,24.94,21.71,29.34,7.63,15.6,0.0,0.12,83.03,287.8,996.98,23.16,41.28,0,12.85,29.58
M54,등통증,2021-09,461851.0,1069293.0,1059906.0,41566875.0,30961565.0,21.54,17.95,25.99,8.04,15.3,0.0,0.0,80.68,158.26,1001.79,18.51,28.44,0,8.9,16.16
M54,등통증,2021-10,473290.0,1113514.0,1103614.0,43064768.0,32137992.0,15.45,10.82,21.38,10.56,21.0,0.0,0.0,76.1,54.89,1008.97,32.51,52.8,0,16.96,31.92
M54,등통증,2021-11,469931.0,1118089.0,1108803.0,43191638.0,32199091.0,8.68,3.75,14.82,11.07,22.0,0.0,0.0,70.08,56.49,1007.15,44.31,106.04,2,24.99,76.14
M54,등통증,2021-12,447062.0,1055321.0,1045988.0,40434517.0,30148169.0,2.35,-2.49,7.84,10.33,20.4,0.05,0.0,63.85,10.09,1011.76,42.72,92.94,1,26.03,60.41
M54,등통증,2022-01,408009.0,950860.0,941109.0,39095192.0,29034777.0,-0.3,-5.3,5.32,10.63,22.4,0.09,0.0,57.01,4.5,1011.48,45.28,99.93,2,30.3,78.42
M54,등통증,2022-02,383797.0,858800.0,850611.0,36768898.0,27238673.0,0.32,-4.88,5.93,10.81,23.5,0.06,0.0,52.02,4.57,1012.35,43.52,98.52,3,27.8,77.25
M54,등통증,2022-03,428320.0,980462.0,970903.0,42855334.0,31730578.0,7.9,2.29,13.84,11.54,23.7,0.0,0.0,64.98,91.99,1004.99,47.08,100.94,2,25.31,48.17
M54,등통증,2022-04,467557.0,1079781.0,1071211.0,47584453.0,35122485.0,13.81,7.67,20.38,12.72,25.0,0.0,0.0,60.53,60.47,1004.74,45.16,156.52,1,21.83,35.7
M54,등통증,2022-05,494979.0,1153634.0,1143140.0,51778280.0,38148837.0,18.05,11.69,24.6,12.91,24.5,0.0,0.01,58.29,6.07,1000.41,34.82,58.75,0,17.23,32.95
M54,등통증,2022-06,473251.0,1100181.0,1089569.0,49499595.0,36420109.0,22.34,18.38,27.09,8.71,23.1,0.0,0.05,76.47,180.74,995.9,22.86,38.95,0,11.41,22.52
M54,등통증,2022-07,465297.0,1094362.0,1083844.0,48896237.0,35984574.0,25.99,22.59,30.33,7.73,16.6,0.0,0.2,81.65,184.25,994.37,25.53,41.38,0,14.66,27.3
M54,등통증,2022-08,478010.0,1104138.0,1093902.0,49227933.0,36255474.0,25.44,22.33,29.29,6.96,18.2,0.0,0.11,83.12,280.77,995.75,18.85,28.62,0,8.91,16.69
M54,등통증,2022-09,477058.0,1085811.0,1077107.0,48693299.0,35868695.0,21.13,16.91,26.38,9.47,22.4,0.0,0.01,77.04,157.82,1001.15,26.57,50.21,0,13.73,35.64
M54,등통증,2022-10,485093.0,1106304.0,1097540.0,49441648.0,36531502.0,14.21,9.25,20.22,10.97,24.3,0.0,0.0,72.53,76.72,1009.32,34.23,60.12,0,19.27,42.75
M54,등통증,2022-11,488278.0,1140691.0,1131072.0,51360162.0,37889336.0,9.99,4.41,16.74,12.33,23.8,0.0,0.0,68.1,62.27,1008.75,46.78,92.22,2,27.94,66.92
M54,등통증,2022-12,445065.0,1025211.0,1015971.0,47123755.0,34640196.0,-0.76,-5.27,4.33,9.6,21.1,0.11,0.0,61.79,17.02,1011.5,38.29,113.42,1,22.24,36.61
M54,등통증,2023-01,430198.0,960567.0,949636.0,46822674.0,34366951.0,-0.06,-5.14,5.56,10.7,25.8,0.11,0.0,62.69,44.95,1011.53,51.29,149.56,4,27.61,89.0
M54,등통증,2023-02,443242.0,1017960.0,1008286.0,50010380.0,36699855.0,2.86,-2.33,8.75,11.09,25.7,0.0,0.0,60.9,19.36,1012.66,53.91,107.32,4,35.06,77.85
M54,등통증,2023-03,497974.0,1177896.0,1167381.0,58526267.0,42927437.0,9.51,3.01,16.52,13.51,25.7,0.0,0.0,56.49,30.92,1007.87,70.44,140.77,8,29.72,56.32
M54,등통증,2023-04,476969.0,1097662.0,1087620.0,54489922.0,39992414.0,13.18,7.27,19.08,11.8,26.1,0.0,0.0,63.03,70.46,1002.92,75.03,306.24,8,25.07,84.74
M54,등통증,2023-05,505613.0,1162900.0,1151900.0,58616152.0,42986021.0,17.89,12.53,23.56,11.02,26.7,0.0,0.01,70.56,201.29,1001.52,40.44,160.02,2,18.52,35.59
M54,등통증,2023-06,504155.0,1173972.0,1163310.0,58868501.0,43142363.0,22.34,18.03,27.45,9.42,18.8,0.0,0.03,75.66,203.27,995.74,28.16,41.52,0,16.42,24.93
M54,등통증,2023-07,476915.0,1110777.0,1100138.0,55895443.0,40923588.0,25.55,22.49,29.63,7.13,16.0,0.0,0.14,85.64,483.87,996.49,24.37,50.19,0,13.8,34.94
M54,등통증,2023-08,483185.0,1112320.0,1100249.0,56656510.0,41465276.0,26.5,23.09,30.97,7.88,15.2,0.0,0.3,81.64,292.99,994.21,24.84,36.55,0,13.61,23.92
M54,등통증,2023-09,473308.0,1079946.0,1069647.0,54114626.0,39712818.0,22.73,19.25,27.31,8.06,18.5,0.0,0.0,81.67,193.0,1001.37,24.84,46.25,0,13.31,29.29
M54,등통증,2023-10,508264.0,1141118.0,1130767.0,57273985.0,42057644.0,15.03,9.94,21.36,11.42,22.3,0.0,0.0,72.15,16.35,1006.84,33.9,53.61,0,17.48,34.21
M54,등통증,2023-11,487239.0,1119715.0,1109389.0,55483797.0,40739869.0,8.34,3.31,13.85,10.54,23.1,0.0,0.0,65.65,65.1,1009.04,32.71,88.83,1,18.39,43.56
M54,등통증,2023-12,452608.0,1026016.0,1015982.0,52345216.0,38367293.0,2.82,-1.59,7.72,9.31,24.2,0.05,0.0,70.62,102.05,1011.96,40.95,86.45,1,25.71,63.86
M54,등통증,2024-01,464699.0,1083105.0,1070058.0,56770141.0,41558411.0,1.32,-2.94,6.1,9.04,22.0,0.04,0.0,67.25,35.3,1012.14,39.26,86.36,1,27.15,60.07
M54,등통증,2024-02,449595.0,989100.0,980139.0,52270713.0,38277302.0,4.43,0.44,9.04,8.6,23.0,0.0,0.0,75.76,110.19,1011.72,36.49,91.17,1,25.69,70.28
M54,등통증,2024-03,478201.0,1097277.0,1087175.0,58074266.0,42648588.0,7.11,1.74,12.72,10.99,24.4,0.0,0.0,62.61,68.17,1006.01,50.11,145.58,5,24.3,63.03
M54,등통증,2024-04,508489.0,1173355.0,1163545.0,62796454.0,46135846.0,14.95,9.51,21.06,11.55,26.5,0.0,0.0,68.48,84.93,1001.96,52.03,140.01,3,24.05,38.31
M54,등통증,2024-05,519144.0,1202368.0,1192486.0,64206275.0,47176170.0,17.73,11.9,23.96,12.06,27.2,0.0,0.0,67.49,119.52,1001.4,32.19,79.66,0,17.11,36.2
M54,등통증,2024-06,495110.0,1128276.0,1117889.0,60999867.0,44729679.0,22.68,17.64,28.34,10.7,24.0,0.0,0.1,71.33,145.51,996.37,30.19,50.03,0,17.05,23.56
M54,등통증,2024-07,511281.0,1211956.0,1200907.0,65734997.0,48178008.0,26.31,23.43,29.98,6.55,15.1,0.0,0.15,83.71,353.5,995.68,18.74,39.2,0,10.08,27.6
M54,등통증,2024-08,492361.0,1132714.0,1121435.0,62305725.0,45693981.0,28.0,24.22,33.02,8.81,16.6,0.0,0.56,78.96,83.62,995.9,25.45,37.69,0,15.2,24.67
M54,등통증,2024-09,484900.0,1072375.0,1063035.0,59293779.0,43530981.0,24.81,21.06,29.77,8.71,19.9,0.0,0.21,79.93,249.76,1001.53,20.46,33.15,0,10.78,20.87
M54,등통증,2024-10,522287.0,1190992.0,1180815.0,64925913.0,47697121.0,16.42,12.23,21.65,9.42,19.9,0.0,0.0,79.41,119.26,1007.87,29.25,60.21,0,16.43,36.53
M54,등통증,2024-11,497436.0,1147638.0,1136704.0,63147132.0,46374052.0,10.07,5.33,15.81,10.48,21.3,0.0,0.0,71.56,73.07,1009.58,32.89,53.31,0,19.99,36.49
M54,등통증,2024-12,481029.0,1110172.0,1100701.0,61472100.0,45085137.0,2.26,-2.15,7.26,9.41,19.4,0.01,0.0,60.1,8.16,1010.47,32.43,55.49,0,18.56,33.45
M54,등통증,2025-01,441329.0,967886.0,956962.0,56275667.0,41257733.0,0.25,-4.48,5.72,10.2,21.7,0.05,0.0,63.45,17.67,1011.21,38.81,90.37,1,25.47,70.35
M54,등통증,2025-02,448636.0,1001423.0,991667.0,58984852.0,43133948.0,-0.1,-5.1,5.34,10.44,24.3,0.08,0.0,56.48,20.79,1011.22,35.0,68.36,0,19.43,46.18
M54,등통증,2025-03,500584.0,1139865.0,1129409.0,68428004.0,49997197.0,7.73,2.15,13.76,11.61,26.7,0.0,0.0,61.19,49.18,1006.2,52.07,133.94,4,28.35,50.89
M54,등통증,2025-04,523845.0,1212084.0,1202159.0,71652545.0,52389362.0,13.11,6.76,19.69,12.93,25.9,0.0,0.0,62.31,69.22,999.94,40.1,64.57,0,21.1,33.95
M54,등통증,2025-05,522502.0,1193474.0,1184115.0,71763851.0,52484301.0,16.79,11.64,22.39,10.75,22.9,0.0,0.0,72.05,119.36,999.52,30.51,51.16,0,18.05,30.71
M17,무릎관절증,2010-01,310854.0,949398.0,756147.0,54401793.0,41869116.0,-1.57,-6.4,3.66,10.06,22.5,0.16,0.0,62.75,34.36,1010.25,48.36,98.13,2,,
M17,무릎관절증,2010-02,321162.0,890088.0,762533.0,40134776.0,30696495.0,2.42,-1.83,7.16,8.99,25.5,0.03,0.0,65.29,86.66,1008.05,41.59,83.52,1,,
M17,무릎관절증,2010-03,374207.0,1145542.0,972567.0,55802106.0,42675099.0,5.41,1.17,9.78,8.61,22.7,0.0,0.0,65.66,97.88,1007.24,59.17,174.83,7,,
M17,무릎관절증,2010-04,391562.0,1174317.0,1018292.0,48947428.0,37268070.0,9.71,4.5,15.2,10.7,24.2,0.0,0.0,60.35,99.9,1005.35,49.38,85.89,1,,
M17,무릎관절증,2010-05,400402.0,1172782.0,1023895.0,48337815.0,36797323.0,16.84,11.47,22.64,11.16,25.9,0.0,0.0,65.85,125.95,998.81,54.54,136.5,5,,
M17,무릎관절증,2010-06,399079.0,1184088.0,1032945.0,48331782.0,36795584.0,22.0,17.26,27.55,10.28,23.4,0.0,0.02,70.07,75.04,997.69,48.66,115.88,2,,
M17,무릎관절증,2010-07,383523.0,1155927.0,1008454.0,44752457.0,34054204.0,25.15,22.1,29.25,7.15,14.5,0.0,0.08,80.13,257.87,996.27,31.35,65.41,0,,
M17,무릎관절증,2010-08,365731.0,1076283.0,938771.0,41197986.0,31346720.0,26.69,23.71,30.88,7.17,16.0,0.0,0.24,81.92,364.9,998.8,33.58,62.5,0,,
M17,무릎관절증,2010-09,358712.0,991339.0,882158.0,34571319.0,26252732.0,21.73,17.95,26.78,8.83,19.5,0.0,0.04,78.23,255.24,1001.24,32.99,83.31,1,,
M17,무릎관절증,2010-10,375300.0,1097470.0,958947.0,45873514.0,34979896.0,14.48,9.7,20.4,10.7,21.5,0.0,0.0,71.84,44.44,1006.16,49.23,91.53,2,,
M17,무릎관절증,2010-11,364308.0,1078517.0,928412.0,49317094.0,37698176.0,7.05,1.42,13.5,12.07,22.5,0.0,0.0,60.37,11.95,1008.07,71.32,167.89,7,,
M17,무릎관절증,2010-12,347299.0,1028336.0,874222.0,55652413.0,42715451.0,1.04,-3.8,6.38,10.18,22.1,0.07,0.0,61.42,32.99,1003.99,57.96,149.82,8,,
M17,무릎관절증,2011-01,329461.0,1002399.0,809965.0,50898733.0,38933242.0,-4.6,-9.56,0.55,10.12,23.4,0.32,0.0,55.76,9.23,1012.44,38.21,57.97,0,,
M17,무릎관절증,2011-02,340290.0,926700.0,787960.0,44291748.0,33761372.0,1.93,-3.15,7.87,11.02,25.3,0.03,0.0,64.68,64.64,1008.38,65.32,135.42,8,,
M17,무릎관절증,2011-03,402647.0,1211886.0,1034724.0,56623906.0,43090119.0,4.57,-0.8,10.33,11.13,24.8,0.0,0.0,52.07,25.29,1008.08,64.8,265.38,4,,
M17,무릎관절증,2011-04,416829.0,1218921.0,1059269.0,50953904.0,38659541.0,11.09,5.11,17.21,12.1,26.7,0.0,0.0,59.35,113.75,1001.66,56.56,99.4,4,,
M17,무릎관절증,2011-05,425487.0,1224354.0,1064347.0,51827519.0,39334186.0,17.08,12.08,22.53,10.44,24.0,0.0,0.0,66.78,126.03,998.86,74.0,269.72,10,,
M17,무릎관절증,2011-06,416272.0,1205795.0,1049472.0,49858817.0,37820623.0,21.69,17.43,26.8,9.36,19.8,0.0,0.02,73.79,281.59,994.88,44.59,76.24,0,,
M17,무릎관절증,2011-07,389199.0,1126500.0,977776.0,45075337.0,34228153.0,24.93,22.01,28.8,6.79,16.1,0.0,0.08,82.07,462.82,994.3,29.49,66.6,0,,
M17,무릎관절증,2011-08,393022.0,1126814.0,985067.0,43040226.0,32650077.0,24.96,22.08,28.96,6.87,14.9,0.0,0.08,82.18,280.06,996.64,30.26,50.87,0,,
M17,무릎관절증,2011-09,398298.0,1111131.0,979301.0,42392047.0,32183051.0,20.92,16.72,26.2,9.48,21.8,0.0,0.03,73.37,76.07,1000.12,34.82,60.4,0,,
M17,무릎관절증,2011-10,394756.0,1121732.0,975542.0,46739286.0,35509975.0,13.82,8.59,20.14,11.55,23.2,0.0,0.0,68.95,55.46,1007.3,47.56,70.02,0,,
M17,무릎관절증,2011-11,388532.0,1127839.0,964032.0,53455328.0,40775936.0,11.01,6.86,15.97,9.11,20.6,0.0,0.0,70.85,117.67,1009.61,41.58,85.48,1,,
M17,무릎관절증,2011-12,375770.0,1100901.0,972208.0,59564210.0,45647637.0,0.86,-3.4,5.57,8.97,23.3,0.06,0.0,59.14,19.72,1013.22,38.54,76.03,0,,
M17,무릎관절증,2012-01,360331.0,1044050.0,883474.0,55803897.0,42651300.0,-0.99,-5.43,3.9,9.33,22.1,0.12,0.0,58.59,18.17,1011.59,51.46,111.02,2,,
M17,무릎관절증,2012-02,367543.0,1039175.0,910196.0,52905938.0,40271712.0,-0.67,-5.54,4.67,10.21,24.3,0.12,0.0,55.34,15.71,1009.66,47.49,97.92,1,,
M17,무릎관절증,2012-03,413518.0,1193711.0,1064902.0,57020493.0,43258022.0,5.64,1.03,10.56,9.52,24.0,0.0,0.0,60.89,93.72,1006.22,51.53,140.08,2,,
M17,무릎관절증,2012-04,431049.0,1199224.0,1081098.0,53546553.0,40589421.0,12.47,6.62,18.58,11.96,26.6,0.0,0.0,60.29,139.37,1000.79,50.5,104.39,4,,
M17,무릎관절증,2012-05,465620.0,1318041.0,1198511.0,57017824.0,43128524.0,18.12,12.79,24.28,11.48,23.4,0.0,0.0,63.61,41.9,998.9,58.65,111.89,4,,
M17,무릎관절증,2012-06,448366.0,1253372.0,1147448.0,51358416.0,38836498.0,21.83,17.74,26.93,9.19,18.9,0.0,0.01,71.8,76.82,995.41,39.35,70.22,0,,
M17,무릎관절증,2012-07,426429.0,1209219.0,1097504.0,51418506.0,38953719.0,25.24,21.88,29.45,7.57,16.4,0.0,0.18,80.73,291.53,994.07,26.6,53.64,0,,
M17,무릎관절증,2012-08,406515.0,1123022.0,1021184.0,45276414.0,34257628.0,26.22,22.94,30.43,7.49,18.2,0.0,0.24,79.18,411.2,996.61,23.66,45.18,0,,
M17,무릎관절증,2012-09,400314.0,1065335.0,990735.0,38354631.0,28957547.0,20.04,16.1,25.08,8.98,18.7,0.0,0.0,78.17,255.58,1001.15,34.0,79.18,0,,
M17,무릎관절증,2012-10,428796.0,1190356.0,1069869.0,56413279.0,42918287.0,14.34,8.89,20.93,12.04,22.9,0.0,0.0,68.84,55.53,1005.52,35.79,55.52,0,,
M17,무릎관절증,2012-11,400221.0,1123534.0,999696.0,54784140.0,41734999.0,6.7,2.15,11.76,9.62,22.0,0.0,0.0,63.55,57.96,1005.93,42.89,109.03,3,,
M17,무릎관절증,2012-12,355820.0,971074.0,842690.0,57053406.0,43682267.0,-1.38,-5.64,3.27,8.9,23.9,0.15,0.0,65.81,67.07,1009.93,38.73,66.0,0,,
M17,무릎관절증,2013-01,377164.0,1112736.0,924765.0,65880404.0,50363642.0,-1.79,-6.5,3.38,9.88,23.4,0.19,0.0,64.03,27.71,1011.95,55.97,152.15,5,,
M17,무릎관절증,2013-02,378469.0,993660.0,878849.0,49182987.0,37331490.0,0.81,-3.99,5.85,9.85,24.4,0.07,0.0,58.13,52.03,1010.65,45.09,85.8,1,,
M17,무릎관절증,2013-03,434644.0,1223954.0,1082843.0,61633383.0,46752911.0,6.58,0.36,13.42,13.05,29.2,0.0,0.0,58.45,62.93,1004.2,52.46,143.47,3,,
M17,무릎관절증,2013-04,457438.0,1281754.0,1155497.0,58066183.0,43823204.0,10.19,4.38,16.18,11.8,28.7,0.0,0.0,60.04,76.95,1000.38,53.16,144.42,2,,
M17,무릎관절증,2013-05,473737.0,1319862.0,1197603.0,57847251.0,43654511.0,17.59,11.9,23.86,11.96,25.1,0.0,0.01,66.71,133.28,999.3,55.32,107.91,3,,
M17,무릎관절증,2013-06,438104.0,1179533.0,1073202.0,49585965.0,37385501.0,22.27,18.33,27.27,8.94,20.2,0.0,0.01,75.99,101.82,995.9,41.31,67.49,0,,
M17,무릎관절증,2013-07,437790.0,1238479.0,1124479.0,51702006.0,39007662.0,26.03,23.08,29.89,6.81,15.6,0.0,0.12,81.17,297.67,994.01,32.25,84.67,1,,
M17,무릎관절증,2013-08,416450.0,1134097.0,1037636.0,44185137.0,33262000.0,27.04,23.25,32.03,8.77,17.1,0.0,0.4,77.8,158.83,994.95,34.84,64.25,0,,
M17,무릎관절증,2013-09,410927.0,1056909.0,969554.0,42095286.0,31734529.0,21.03,16.91,26.25,9.34,19.5,0.0,0.0,76.49,112.9,1002.52,32.75,81.3,1,,
M17,무릎관절증,2013-10,436852.0,1199050.0,1084472.0,53719863.0,40626838.0,15.41,10.44,21.52,11.08,22.3,0.0,0.0,71.9,57.34,1006.96,34.5,60.86,0,,
M17,무릎관절증,2013-11,409932.0,1126603.0,1003325.0,54959184.0,41739787.0,7.17,2.45,12.61,10.17,19.5,0.0,0.0,66.53,61.88,1006.94,41.19,78.27,0,,
M17,무릎관절증,2013-12,400954.0,1127691.0,980228.0,66293964.0,50627130.0,1.61,-2.75,6.5,9.25,21.0,0.03,0.0,65.02,22.08,1008.32,46.82,102.55,3,,
M17,무릎관절증,2014-01,391233.0,1124144.0,948663.0,60937043.0,46412860.0,0.64,-4.6,6.36,10.96,25.6,0.06,0.0,58.1,13.86,1011.15,54.36,116.93,3,,
M17,무릎관절증,2014-02,398479.0,1092835.0,938946.0,62520183.0,47593757.0,2.55,-2.0,7.82,9.82,22.1,0.01,0.0,64.05,32.95,1011.17,56.51,139.72,7,,
M17,무릎관절증,2014-03,447496.0,1246841.0,1100115.0,62915318.0,47652188.0,7.59,2.15,13.34,11.19,24.3,0.0,0.0,62.0,82.3,1006.59,55.51,128.39,3,,
M17,무릎관절증,2014-04,476125.0,1317819.0,1193197.0,57911946.0,43582283.0,13.16,7.44,19.59,12.14,26.9,0.0,0.0,59.9,86.98,1004.14,54.72,99.35,2,,
M17,무릎관절증,2014-05,473861.0,1285701.0,1173112.0,53821805.0,40511969.0,18.11,11.97,24.7,12.73,25.2,0.0,0.03,60.41,67.73,998.6,64.17,163.21,6,,
M17,무릎관절증,2014-06,454857.0,1219437.0,1106311.0,52256520.0,39360660.0,21.51,17.67,26.42,8.75,19.5,0.0,0.01,74.66,79.35,994.41,40.82,100.38,1,,
M17,무릎관절증,2014-07,461021.0,1286206.0,1168663.0,53900131.0,40576169.0,24.75,21.17,29.36,8.19,19.3,0.0,0.13,78.58,167.06,995.34,35.9,83.56,1,,
M17,무릎관절증,2014-08,433437.0,1145829.0,1045205.0,46104922.0,34716034.0,23.59,20.72,27.48,6.76,15.9,0.0,0.03,83.08,393.94,996.03,28.93,75.76,0,,
M17,무릎관절증,2014-09,456609.0,1210250.0,1097448.0,53691824.0,40543736.0,20.75,16.43,26.27,9.84,19.8,0.0,0.0,76.99,119.88,1001.09,32.08,53.27,0,,
M17,무릎관절증,2014-10,467245.0,1268376.0,1144250.0,57323423.0,43155782.0,14.83,9.58,21.12,11.54,24.2,0.0,0.0,72.3,113.95,1006.9,37.67,74.01,0,,
M17,무릎관절증,2014-11,427387.0,1154426.0,1021683.0,57908628.0,43889495.0,8.91,4.22,14.47,10.25,20.9,0.0,0.0,69.73,60.74,1008.38,38.68,59.2,0,,
M17,무릎관절증,2014-12,412834.0,1145465.0,993579.0,67378792.0,51313286.0,-0.25,-4.67,4.58,9.25,19.4,0.06,0.0,61.57,27.83,1010.31,38.06,107.27,2,,
M17,무릎관절증,2015-01,416764.0,1217908.0,1001001.0,75193031.0,57078470.0,0.72,-3.72,5.65,9.37,20.0,0.04,0.0,64.11,30.7,1010.61,48.74,86.16,1,,
M17,무릎관절증,2015-02,396229.0,982790.0,868403.0,47758218.0,35849177.0,2.12,-2.42,7.25,9.67,23.9,0.02,0.0,61.39,28.65,1008.65,69.15,312.54,7,,
M17,무릎관절증,2015-03,470654.0,1305719.0,1137084.0,73154937.0,55150344.0,6.72,0.6,13.32,12.72,25.4,0.0,0.0,53.27,45.08,1007.98,67.61,148.68,9,,
M17,무릎관절증,2015-04,496219.0,1346694.0,1196093.0,68052305.0,51048394.0,12.56,7.26,18.42,11.16,26.3,0.0,0.0,66.37,133.96,1003.39,45.62,83.36,1,,
M17,무릎관절증,2015-05,491645.0,1299165.0,1164239.0,62449464.0,46776565.0,18.33,12.15,24.84,12.69,25.4,0.0,0.01,60.29,69.74,997.37,47.89,101.84,1,,
M17,무릎관절증,2015-06,439887.0,1130220.0,1025061.0,49310122.0,36913215.0,21.33,16.89,26.65,9.76,24.2,0.0,0.02,72.42,102.93,995.02,44.2,89.52,1,30.28,52.04
M17,무릎관절증,2015-07,470800.0,1266385.0,1144143.0,58199973.0,43545812.0,24.12,20.74,28.43,7.69,17.2,0.0,0.1,79.67,186.97,995.04,35.26,82.22,1,22.16,56.73
M17,무릎관절증,2015-08,457734.0,1202828.0,1070937.0,59104236.0,44364266.0,24.98,21.19,30.0,8.8,18.0,0.0,0.17,79.41,119.46,996.37,35.78,69.88,0,25.37,65.89
M17,무릎관절증,2015-09,456181.0,1175279.0,1068347.0,52286919.0,39091163.0,20.27,15.58,25.99,10.41,21.7,0.0,0.0,74.55,69.41,1001.67,29.05,50.61,0,22.25,46.31
M17,무릎관절증,2015-10,491306.0,1310689.0,1161609.0,69945501.0,52645024.0,14.95,9.63,21.48,11.84,23.9,0.0,0.0,69.42,64.8,1005.91,47.68,111.92,4,41.61,119.67
M17,무릎관절증,2015-11,451030.0,1213145.0,1050449.0,71344100.0,53933975.0,10.17,6.74,14.23,7.49,23.5,0.0,0.0,79.52,131.46,1010.17,40.04,90.85,3,37.77,91.87
M17,무릎관절증,2015-12,454204.0,1254305.0,1081127.0,81257961.0,61675350.0,3.71,-0.39,8.33,8.73,20.0,0.01,0.0,69.42,44.92,1011.77,46.68,85.95,1,43.82,79.75
M17,무릎관절증,2016-01,416595.0,1196235.0,956174.0,84056962.0,63893563.0,-0.69,-4.86,3.94,8.79,20.8,0.11,0.0,61.48,30.66,1011.06,46.38,77.1,0,35.48,84.29
M17,무릎관절증,2016-02,427878.0,1099962.0,944690.0,64524333.0,48584701.0,1.88,-2.96,7.11,10.07,23.9,0.03,0.0,58.26,50.92,1010.8,43.41,77.09,0,29.07,70.08
M17,무릎관절증,2016-03,507797.0,1402990.0,1216081.0,84434211.0,63567185.0,7.17,1.66,13.17,11.51,25.5,0.0,0.0,60.45,62.1,1008.36,59.6,120.08,3,35.3,56.25
M17,무릎관절증,2016-04,516079.0,1375906.0,1216423.0,74813320.0,56092307.0,13.66,8.15,20.0,11.85,27.0,0.0,0.0,65.29,163.52,1000.94,66.56,210.05,5,31.56,73.25
M17,무릎관절증,2016-05,518791.0,1371939.0,1209559.0,75656052.0,56749680.0,18.33,12.31,24.78,12.47,25.5,0.0,0.0,64.58,103.36,999.3,52.43,107.01,3,26.83,52.44
M17,무릎관절증,2016-06,510227.0,1355598.0,1202742.0,72764506.0,54591914.0,22.01,17.9,26.91,9.01,21.9,0.0,0.01,75.63,77.95,995.67,45.05,67.56,0,26.24,40.54
M17,무릎관절증,2016-07,477875.0,1269248.0,1125489.0,65878843.0,49383299.0,25.21,21.89,29.54,7.66,15.9,0.0,0.16,82.7,284.24,996.06,30.0,53.8,0,17.4,29.82
M17,무릎관절증,2016-08,475470.0,1257261.0,1113910.0,64381988.0,48235989.0,26.45,22.3,31.83,9.52,19.2,0.0,0.52,75.53,83.32,993.83,39.1,65.65,0,22.77,42.43
M17,무릎관절증,2016-09,476754.0,1191717.0,1073117.0,59763670.0,44702537.0,21.48,18.02,26.04,8.02,18.2,0.0,0.0,81.66,207.23,1000.99,41.34,66.61,0,23.83,36.89
M17,무릎관절증,2016-10,496739.0,1300098.0,1149577.0,73763845.0,55520431.0,15.8,11.98,20.67,8.68,20.3,0.0,0.0,77.84,155.11,1006.22,44.66,100.52,2,23.92,61.44
M17,무릎관절증,2016-11,475211.0,1280743.0,1104174.0,81719917.0,61773191.0,7.97,3.18,13.35,10.18,21.5,0.0,0.0,68.78,36.42,1009.61,51.18,86.23,2,30.57,65.06
M17,무릎관절증,2016-12,469463.0,1290789.0,1104224.0,91055584.0,69124097.0,3.26,-1.41,8.41,9.82,22.8,0.01,0.0,66.92,67.15,1010.95,43.78,75.88,0,29.21,61.17
M17,무릎관절증,2017-01,435706.0,1221512.0,983410.0,88431491.0,66976247.0,0.27,-4.53,5.6,10.13,23.2,0.1,0.0,61.54,16.85,1011.27,49.39,89.3,3,28.39,61.19
M17,무릎관절증,2017-02,456970.0,1226791.0,1030102.0,85498849.0,64575956.0,1.74,-3.65,7.39,11.04,24.9,0.02,0.0,57.58,33.29,1009.36,44.13,85.1,1,24.54,61.54
M17,무릎관절증,2017-03,522840.0,1432177.0,1239885.0,90491798.0,67990072.0,6.22,0.55,12.5,11.95,25.1,0.0,0.0,57.94,25.37,1006.28,58.79,99.58,1,34.48,69.85
M17,무릎관절증,2017-04,519036.0,1350383.0,1185512.0,80374200.0,60201254.0,13.67,7.66,20.1,12.45,26.5,0.0,0.0,60.14,72.14,1000.34,57.84,123.4,3,25.03,47.81
M17,무릎관절증,2017-05,546161.0,1426416.0,1262217.0,83778117.0,62690199.0,18.46,12.28,25.11,12.83,25.7,0.0,0.02,61.79,30.87,999.82,63.27,237.67,6,23.8,52.5
M17,무릎관절증,2017-06,534843.0,1400482.0,1242380.0,79815637.0,59643353.0,21.52,16.37,27.53,11.16,22.1,0.0,0.05,68.02,57.39,996.35,41.29,65.96,0,22.96,36.56
M17,무릎관절증,2017-07,495100.0,1302692.0,1142255.0,75149290.0,56270272.0,26.25,23.13,30.43,7.3,18.7,0.0,0.19,83.6,281.34,995.76,33.03,52.57,0,19.21,33.41
M17,무릎관절증,2017-08,497193.0,1296500.0,1144432.0,72879025.0,54540602.0,25.32,21.77,29.86,8.08,17.5,0.0,0.18,80.61,238.53,995.52,27.87,48.7,0,14.57,28.66
M17,무릎관절증,2017-09,516641.0,1325982.0,1201574.0,67274657.0,50139938.0,20.47,15.75,26.15,10.4,22.6,0.0,0.0,75.75,96.26,1000.51,39.77,75.53,0,22.16,45.73
M17,무릎관절증,2017-10,479423.0,1171094.0,1027264.0,72783077.0,54642761.0,15.25,10.84,20.83,9.99,22.6,0.0,0.0,74.84,74.33,1007.67,38.13,76.65,0,19.35,46.46
M17,무릎관절증,2017-11,498964.0,1319973.0,1139470.0,88876850.0,67074144.0,6.91,1.4,13.01,11.61,23.9,0.0,0.0,62.36,12.39,1009.35,46.43,81.06,1,25.28,49.64
M17,무릎관절증,2017-12,461829.0,1212926.0,1028640.0,90248062.0,68376024.0,0.01,-4.76,5.1,9.86,23.8,0.07,0.0,58.99,23.31,1011.77,44.25,102.66,2,26.28,74.24
M17,무릎관절증,2018-01,454653.0,1286597.0,1025009.0,106885973.0,81564816.0,-1.87,-6.19,3.1,9.29,23.7,0.17,0.0,59.4,24.79,1010.0,51.65,102.53,5,30.77,73.72
M17,무릎관절증,2018-02,441702.0,1064257.0,921948.0,68469530.0,51636446.0,-0.09,-5.54,5.68,11.22,25.8,0.12,0.0,51.67,34.83,1009.56,49.58,78.12,0,26.82,48.39
M17,무릎관절증,2018-03,538676.0,1410871.0,1231903.0,96677706.0,72908923.0,8.03,2.42,14.11,11.69,25.3,0.0,0.0,68.31,112.29,1007.03,47.45,95.74,3,28.22,66.85
M17,무릎관절증,2018-04,547693.0,1421821.0,1234676.0,95620673.0,72143646.0,13.15,7.26,19.36,12.11,26.9,0.0,0.0,64.13,139.6,1002.91,51.14,90.59,2,21.44,41.99
M17,무릎관절증,2018-05,559340.0,1439506.0,1269459.0,91182299.0,68621117.0,17.59,12.47,23.09,10.62,25.0,0.0,0.0,72.58,132.57,999.26,41.91,88.94,2,19.45,35.57
M17,무릎관절증,2018-06,538232.0,1373105.0,1214757.0,85272098.0,64177347.0,21.92,17.34,27.43,10.09,21.8,0.0,0.05,72.46,146.87,995.85,36.21,56.36,0,21.35,37.25
M17,무릎관절증,2018-07,514847.0,1345278.0,1172938.0,87071548.0,65564471.0,26.54,22.64,31.35,8.71,17.3,0.0,0.46,78.08,168.34,996.66,23.09,40.3,0,12.8,26.67
M17,무릎관절증,2018-08,501465.0,1282531.0,1128321.0,78253939.0,58840422.0,27.04,23.18,31.97,8.79,19.6,0.0,0.43,76.96,292.87,995.49,23.72,35.77,0,12.85,20.92
M17,무릎관절증,2018-09,481858.0,1159696.0,1040742.0,66606501.0,49965590.0,20.34,16.27,25.19,8.93,19.2,0.0,0.0,77.19,152.21,1000.97,22.11,39.58,0,9.67,19.35
M17,무릎관절증,2018-10,554697.0,1426728.0,1256565.0,95408829.0,71941649.0,13.05,8.03,19.11,11.08,21.4,0.0,0.0,71.8,166.57,1005.98,31.75,65.8,0,15.71,37.33
M17,무릎관절증,2018-11,514543.0,1349054.0,1163758.0,97746798.0,74081569.0,8.17,3.15,14.46,11.31,22.7,0.0,0.0,70.27,47.73,1010.42,59.81,145.15,5,34.91,79.43
M17,무릎관절증,2018-12,483512.0,1275416.0,1074312.0,104844568.0,79910855.0,1.4,-3.13,6.51,9.64,21.5,0.08,0.0,60.0,32.32,1013.34,45.26,90.28,2,25.53,66.81
M17,무릎관절증,2019-01,503982.0,1411215.0,1149476.0,120283921.0,90517700.0,0.44,-4.64,6.22,10.86,21.9,0.06,0.0,55.19,9.5,1012.18,62.48,146.64,5,37.36,114.77
M17,무릎관절증,2019-02,471836.0,1180429.0,996830.0,94411096.0,70855869.0,2.49,-2.42,8.04,10.46,20.7,0.01,0.0,58.1,33.64,1010.49,58.37,119.64,3,36.08,85.07
M17,무릎관절증,2019-03,540708.0,1426577.0,1220762.0,110373045.0,82739980.0,7.41,1.69,13.63,11.95,26.4,0.0,0.0,60.32,42.31,1004.29,67.34,169.14,6,43.31,117.72
M17,무릎관절증,2019-04,571315.0,1497031.0,1307093.0,107948109.0,80717005.0,11.8,6.09,17.82,11.74,25.8,0.0,0.0,62.93,78.13,1002.46,43.43,88.23,1,22.26,42.97
M17,무릎관절증,2019-05,581076.0,1512422.0,1329725.0,105722512.0,78988973.0,18.35,11.63,25.24,13.61,26.7,0.0,0.02,58.14,66.77,999.58,52.71,97.81,2,27.67,58.0
M17,무릎관절증,2019-06,536740.0,1351589.0,1186484.0,95135218.0,71107030.0,21.03,16.48,26.45,9.97,21.8,0.0,0.01,74.83,153.17,995.07,34.02,53.02,0,22.48,37.58
M17,무릎관절증,2019-07,553804.0,1459494.0,1279176.0,102479922.0,76531313.0,24.51,21.24,28.68,7.45,19.5,0.0,0.08,80.88,235.29,994.41,26.45,49.1,0,17.02,37.26
M17,무릎관절증,2019-08,518682.0,1302860.0,1150602.0,85043310.0,63370305.0,25.92,22.16,30.65,8.49,15.4,0.0,0.26,79.44,143.15,995.29,28.76,52.0,0,17.45,38.33
M17,무릎관절증,2019-09,510850.0,1238053.0,1089131.0,87574151.0,65381408.0,21.59,17.95,26.29,8.34,18.9,0.0,0.0,81.7,237.35,1002.8,26.83,60.44,0,14.32,41.58
M17,무릎관절증,2019-10,552898.0,1404074.0,1236836.0,100363617.0,74949835.0,15.7,11.03,21.3,10.27,21.3,0.0,0.0,75.17,164.45,1006.54,38.65,83.11,1,19.95,37.4
M17,무릎관절증,2019-11,512317.0,1337478.0,1142969.0,108972023.0,81708989.0,8.82,3.57,15.12,11.54,22.9,0.0,0.0,69.27,54.24,1009.95,45.76,87.3,1,24.44,48.18
M17,무릎관절증,2019-12,506638.0,1355915.0,1137101.0,124097168.0,93187987.0,2.97,-1.54,8.16,9.69,22.9,0.01,0.0,65.83,29.54,1012.46,42.49,89.34,1,28.77,61.88
M17,무릎관절증,2020-01,491992.0,1327614.0,1073171.0,121188011.0,90976800.0,2.92,-0.96,7.67,8.64,19.6,0.0,0.0,68.41,84.56,1010.27,45.96,80.29,0,31.69,62.0
M17,무릎관절증,2020-02,423650.0,1079886.0,901524.0,94912562.0,71142413.0,3.74,-1.12,9.13,10.26,23.2,0.02,0.0,67.05,58.97,1011.66,44.64,88.55,2,30.11,67.05
M17,무릎관절증,2020-03,426168.0,1033984.0,898455.0,75559397.0,55751048.0,7.9,1.92,14.04,12.12,24.8,0.0,0.0,60.73,33.14,1005.23,48.45,85.07,1,26.43,64.21
M17,무릎관절증,2020-04,491463.0,1183945.0,1057711.0,84941537.0,62115256.0,10.73,4.57,17.09,12.52,26.1,0.0,0.0,55.96,43.24,1004.91,45.17,83.12,2,20.39,32.54
M17,무릎관절증,2020-05,547396.0,1352658.0,1196226.0,105322990.0,77428544.0,17.54,12.68,23.06,10.39,22.8,0.0,0.0,72.78,108.66,998.48,35.78,75.82,0,19.42,31.49
M17,무릎관절증,2020-06,546514.0,1391831.0,1214163.0,112241522.0,82764255.0,22.59,18.2,27.84,9.64,22.5,0.0,0.06,75.68,192.17,994.65,35.14,61.11,0,19.55,32.44
M17,무릎관절증,2020-07,520486.0,1337451.0,1171178.0,101810970.0,74953006.0,22.55,19.7,26.27,6.56,16.2,0.0,0.0,86.23,411.05,995.36,22.23,42.09,0,12.92,29.12
M17,무릎관절증,2020-08,465812.0,1135985.0,986837.0,87239484.0,64283916.0,26.53,23.58,30.56,6.98,16.1,0.0,0.19,85.22,399.13,997.42,24.21,39.74,0,13.33,26.84
M17,무릎관절증,2020-09,478598.0,1147870.0,1040319.0,74286399.0,54392254.0,20.26,16.52,24.99,8.47,19.0,0.0,0.0,80.4,230.87,1000.01,24.78,44.3,0,13.18,24.9
M17,무릎관절증,2020-10,498841.0,1214462.0,1061115.0,99290115.0,73212653.0,13.98,8.81,20.19,11.38,21.5,0.0,0.0,68.96,13.47,1008.18,39.42,73.16,0,20.33,44.45
M17,무릎관절증,2020-11,491110.0,1243189.0,1063403.0,111935629.0,82803417.0,8.88,3.92,14.45,10.53,23.1,0.0,0.0,65.6,40.57,1012.12,42.58,83.79,1,25.33,58.03
M17,무릎관절증,2020-12,470992.0,1209961.0,1027005.0,115823765.0,85600694.0,0.87,-3.78,6.36,10.15,19.3,0.06,0.0,60.61,10.76,1013.13,42.41,79.2,0,27.34,58.99
M17,무릎관절증,2021-01,440814.0,1133608.0,918519.0,110974859.0,82090330.0,-0.54,-5.61,4.87,10.48,22.5,0.17,0.0,63.55,24.77,1011.44,44.71,103.5,2,24.86,42.83
M17,무릎관절증,2021-02,456962.0,1062878.0,923857.0,89421218.0,65643616.0,3.78,-1.65,9.69,11.35,27.4,0.01,0.0,58.52,22.54,1008.4,52.24,95.49,5,31.66,76.72
M17,무릎관절증,2021-03,559177.0,1448394.0,1244768.0,132080410.0,97089067.0,8.91,3.45,14.91,11.46,24.2,0.0,0.0,67.6,113.02,1007.2,79.25,488.35,8,34.77,82.85
M17,무릎관절증,2021-04,551375.0,1387770.0,1214524.0,112807146.0,82537172.0,13.25,7.48,19.31,11.83,24.9,0.0,0.0,58.99,77.17,1006.17,47.13,87.21,2,20.69,39.47
M17,무릎관절증,2021-05,532052.0,1291508.0,1137975.0,101967260.0,74546942.0,16.74,11.61,22.25,10.64,23.4,0.0,0.0,71.03,139.1,997.42,63.56,415.67,5,22.34,88.09
M17,무릎관절증,2021-06,544167.0,1317950.0,1162022.0,106083785.0,77589763.0,21.77,17.62,26.75,9.14,20.8,0.0,0.0,77.55,97.12,996.29,35.11,59.05,0,20.78,31.83
M17,무릎관절증,2021-07,532922.0,1324298.0,1161796.0,107148880.0,78164844.0,26.07,22.34,30.77,8.43,16.1,0.0,0.26,80.78,236.44,996.83,23.76,48.44,0,13.41,33.59
M17,무릎관절증,2021-08,511497.0,1224183.0,1080975.0,93358316.0,68026097.0,24.94,21.71,29.34,7.63,15.6,0.0,0.12,83.03,287.8,996.98,23.16,41.28,0,12.85,29.58
M17,무릎관절증,2021-09,520334.0,1191559.0,1069741.0,88671060.0,64383340.0,21.54,17.95,25.99,8.04,15.3,0.0,0.0,80.68,158.26,1001.79,18.51,28.44,0,8.9,16.16
M17,무릎관절증,2021-10,551135.0,1330597.0,1173224.0,110611867.0,80578389.0,15.45,10.82,21.38,10.56,21.0,0.0,0.0,76.1,54.89,1008.97,32.51,52.8,0,16.96,31.92
M17,무릎관절증,2021-11,548115.0,1374655.0,1182550.0,126457266.0,92503472.0,8.68,3.75,14.82,11.07,22.0,0.0,0.0,70.08,56.49,1007.15,44.31,106.04,2,24.99,76.14
M17,무릎관절증,2021-12,524417.0,1319669.0,1124672.0,130547218.0,95711117.0,2.35,-2.49,7.84,10.33,20.4,0.05,0.0,63.85,10.09,1011.76,42.72,92.94,1,26.03,60.41
M17,무릎관절증,2022-01,493478.0,1248403.0,1033130.0,119504244.0,87385786.0,-0.3,-5.3,5.32,10.63,22.4,0.09,0.0,57.01,4.5,1011.48,45.28,99.93,2,30.3,78.42
M17,무릎관절증,2022-02,475691.0,1131063.0,967367.0,105687809.0,76863657.0,0.32,-4.88,5.93,10.81,23.5,0.06,0.0,52.02,4.57,1012.35,43.52,98.52,3,27.8,77.25
M17,무릎관절증,2022-03,532056.0,1273259.0,1115172.0,112085613.0,81232437.0,7.9,2.29,13.84,11.54,23.7,0.0,0.0,64.98,91.99,1004.99,47.08,100.94,2,25.31,48.17
M17,무릎관절증,2022-04,581112.0,1379262.0,1231316.0,115325068.0,82962287.0,13.81,7.67,20.38,12.72,25.0,0.0,0.0,60.53,60.47,1004.74,45.16,156.52,1,21.83,35.7
M17,무릎관절증,2022-05,621139.0,1500940.0,1329877.0,129942656.0,93567837.0,18.05,11.69,24.6,12.91,24.5,0.0,0.01,58.29,6.07,1000.41,34.82,58.75,0,17.23,32.95
M17,무릎관절증,2022-06,586848.0,1403473.0,1234564.0,122901616.0,88523050.0,22.34,18.38,27.09,8.71,23.1,0.0,0.05,76.47,180.74,995.9,22.86,38.95,0,11.41,22.52
M17,무릎관절증,2022-07,556027.0,1332213.0,1175510.0,110129059.0,79204752.0,25.99,22.59,30.33,7.73,16.6,0.0,0.2,81.65,184.25,994.37,25.53,41.38,0,14.66,27.3
M17,무릎관절증,2022-08,544286.0,1279186.0,1137303.0,102308151.0,73514582.0,25.44,22.33,29.29,6.96,18.2,0.0,0.11,83.12,280.77,995.75,18.85,28.62,0,8.91,16.69
M17,무릎관절증,2022-09,550412.0,1258441.0,1126309.0,102320046.0,73536411.0,21.13,16.91,26.38,9.47,22.4,0.0,0.01,77.04,157.82,1001.15,26.57,50.21,0,13.73,35.64
M17,무릎관절증,2022-10,578587.0,1355166.0,1199061.0,117876502.0,84899121.0,14.21,9.25,20.22,10.97,24.3,0.0,0.0,72.53,76.72,1009.32,34.23,60.12,0,19.27,42.75
M17,무릎관절증,2022-11,581010.0,1424156.0,1238203.0,134718165.0,97300354.0,9.99,4.41,16.74,12.33,23.8,0.0,0.0,68.1,62.27,1008.75,46.78,92.22,2,27.94,66.92
M17,무릎관절증,2022-12,537623.0,1314491.0,1122967.0,136381636.0,98892721.0,-0.76,-5.27,4.33,9.6,21.1,0.11,0.0,61.79,17.02,1011.5,38.29,113.42,1,22.24,36.61
M17,무릎관절증,2023-01,512724.0,1259355.0,1037683.0,132210608.0,95983953.0,-0.06,-5.14,5.56,10.7,25.8,0.11,0.0,62.69,44.95,1011.53,51.29,149.56,4,27.61,89.0
M17,무릎관절증,2023-02,548718.0,1326820.0,1142440.0,129163732.0,93127445.0,2.86,-2.33,8.75,11.09,25.7,0.0,0.0,60.9,19.36,1012.66,53.91,107.32,4,35.06,77.85
M17,무릎관절증,2023-03,626135.0,1547068.0,1350068.0,144752348.0,103892232.0,9.51,3.01,16.52,13.51,25.7,0.0,0.0,56.49,30.92,1007.87,70.44,140.77,8,29.72,56.32
M17,무릎관절증,2023-04,592837.0,1407216.0,1238083.0,127256121.0,91030523.0,13.18,7.27,19.08,11.8,26.1,0.0,0.0,63.03,70.46,1002.92,75.03,306.24,8,25.07,84.74
M17,무릎관절증,2023-05,626578.0,1495228.0,1325133.0,132537703.0,94458032.0,17.89,12.53,23.56,11.02,26.7,0.0,0.01,70.56,201.29,1001.52,40.44,160.02,2,18.52,35.59
M17,무릎관절증,2023-06,617735.0,1465409.0,1305573.0,126666931.0,90131226.0,22.34,18.03,27.45,9.42,18.8,0.0,0.03,75.66,203.27,995.74,28.16,41.52,0,16.42,24.93
M17,무릎관절증,2023-07,564907.0,1341035.0,1181652.0,117316836.0,83631505.0,25.55,22.49,29.63,7.13,16.0,0.0,0.14,85.64,483.87,996.49,24.37,50.19,0,13.8,34.94
M17,무릎관절증,2023-08,562140.0,1313592.0,1163813.0,112423764.0,80038484.0,26.5,23.09,30.97,7.88,15.2,0.0,0.3,81.64,292.99,994.21,24.84,36.55,0,13.61,23.92
M17,무릎관절증,2023-09,547679.0,1232720.0,1124947.0,95161586.0,67293129.0,22.73,19.25,27.31,8.06,18.5,0.0,0.0,81.67,193.0,1001.37,24.84,46.25,0,13.31,29.29
M17,무릎관절증,2023-10,616492.0,1435126.0,1271823.0,131917544.0,94106280.0,15.03,9.94,21.36,11.42,22.3,0.0,0.0,72.15,16.35,1006.84,33.9,53.61,0,17.48,34.21
M17,무릎관절증,2023-11,590704.0,1422696.0,1238132.0,140433571.0,100550677.0,8.34,3.31,13.85,10.54,23.1,0.0,0.0,65.65,65.1,1009.04,32.71,88.83,1,18.39,43.56
M17,무릎관절증,2023-12,553095.0,1311173.0,1142547.0,136909380.0,98343926.0,2.82,-1.59,7.72,9.31,24.2,0.05,0.0,70.62,102.05,1011.96,40.95,86.45,1,25.71,63.86
M17,무릎관절증,2024-01,573402.0,1498613.0,1215292.0,169118890.0,122330928.0,1.32,-2.94,6.1,9.04,22.0,0.04,0.0,67.25,35.3,1012.14,39.26,86.36,1,27.15,60.07
M17,무릎관절증,2024-02,551100.0,1266623.0,1103809.0,119138922.0,84975933.0,4.43,0.44,9.04,8.6,23.0,0.0,0.0,75.76,110.19,1011.72,36.49,91.17,1,25.69,70.28
M17,무릎관절증,2024-03,612752.0,1464100.0,1285712.0,139055690.0,99130003.0,7.11,1.74,12.72,10.99,24.4,0.0,0.0,62.61,68.17,1006.01,50.11,145.58,5,24.3,63.03
M17,무릎관절증,2024-04,647601.0,1540700.0,1365496.0,140917411.0,100097637.0,14.95,9.51,21.06,11.55,26.5,0.0,0.0,68.48,84.93,1001.96,52.03,140.01,3,24.05,38.31
M17,무릎관절증,2024-05,661661.0,1567340.0,1400752.0,141175127.0,100035446.0,17.73,11.9,23.96,12.06,27.2,0.0,0.0,67.49,119.52,1001.4,32.19,79.66,0,17.11,36.2
M17,무릎관절증,2024-06,618690.0,1438143.0,1276620.0,131817882.0,93532296.0,22.68,17.64,28.34,10.7,24.0,0.0,0.1,71.33,145.51,996.37,30.19,50.03,0,17.05,23.56
M17,무릎관절증,2024-07,617117.0,1497251.0,1322257.0,137360335.0,97641672.0,26.31,23.43,29.98,6.55,15.1,0.0,0.15,83.71,353.5,995.68,18.74,39.2,0,10.08,27.6
M17,무릎관절증,2024-08,573261.0,1335765.0,1189089.0,115349472.0,81784044.0,28.0,24.22,33.02,8.81,16.6,0.0,0.56,78.96,83.62,995.9,25.45,37.69,0,15.2,24.67
M17,무릎관절증,2024-09,569343.0,1258047.0,1129752.0,109847380.0,77885939.0,24.81,21.06,29.77,8.71,19.9,0.0,0.21,79.93,249.76,1001.53,20.46,33.15,0,10.78,20.87
M17,무릎관절증,2024-10,635588.0,1496074.0,1328319.0,141038345.0,100199683.0,16.42,12.23,21.65,9.42,19.9,0.0,0.0,79.41,119.26,1007.87,29.25,60.21,0,16.43,36.53
M17,무릎관절증,2024-11,605072.0,1449614.0,1268015.0,143774822.0,102144643.0,10.07,5.33,15.81,10.48,21.3,0.0,0.0,71.56,73.07,1009.58,32.89,53.31,0,19.99,36.49
M17,무릎관절증,2024-12,595953.0,1456685.0,1253609.0,159588690.0,114248627.0,2.26,-2.15,7.26,9.41,19.4,0.01,0.0,60.1,8.16,1010.47,32.43,55.49,0,18.56,33.45
M17,무릎관절증,2025-01,532660.0,1294838.0,1076990.0,137782683.0,98752809.0,0.25,-4.48,5.72,10.2,21.7,0.05,0.0,63.45,17.67,1011.21,38.81,90.37,1,25.47,70.35
M17,무릎관절증,2025-02,562605.0,1336468.0,1141085.0,144554269.0,103456952.0,-0.1,-5.1,5.34,10.44,24.3,0.08,0.0,56.48,20.79,1011.22,35.0,68.36,0,19.43,46.18
M17,무릎관절증,2025-03,633737.0,1522415.0,1324943.0,154208372.0,109924117.0,7.73,2.15,13.76,11.61,26.7,0.0,0.0,61.19,49.18,1006.2,52.07,133.94,4,28.35,50.89
M17,무릎관절증,2025-04,661998.0,1584833.0,1402670.0,151610483.0,107535728.0,13.11,6.76,19.69,12.93,25.9,0.0,0.0,62.31,69.22,999.94,40.1,64.57,0,21.1,33.95
M17,무릎관절증,2025-05,664207.0,1554087.0,1388351.0,145806424.0,103077399.0,16.79,11.64,22.39,10.75,22.9,0.0,0.0,72.05,119.36,999.52,30.51,51.16,0,18.05,30.71
I10,본태성(원발성) 고혈압,2010-01,1463728.0,1920875.0,1708371.0,33518876.0,24563607.0,-1.57,-6.4,3.66,10.06,22.5,0.16,0.0,62.75,34.36,1010.25,48.36,98.13,2,,
I10,본태성(원발성) 고혈압,2010-02,1414591.0,1813448.0,1634859.0,31464256.0,23039970.0,2.42,-1.83,7.16,8.99,25.5,0.03,0.0,65.29,86.66,1008.05,41.59,83.52,1,,
I10,본태성(원발성) 고혈압,2010-03,1571927.0,2101019.0,1883144.0,37360226.0,27213714.0,5.41,1.17,9.78,8.61,22.7,0.0,0.0,65.66,97.88,1007.24,59.17,174.83,7,,
I10,본태성(원발성) 고혈압,2010-04,1519074.0,2017542.0,1805064.0,35723247.0,26141902.0,9.71,4.5,15.2,10.7,24.2,0.0,0.0,60.35,99.9,1005.35,49.38,85.89,1,,
I10,본태성(원발성) 고혈압,2010-05,1531728.0,2012332.0,1802140.0,35839620.0,26298034.0,16.84,11.47,22.64,11.16,25.9,0.0,0.0,65.85,125.95,998.81,54.54,136.5,5,,
I10,본태성(원발성) 고혈압,2010-06,1523581.0,1987931.0,1780542.0,35364713.0,25923237.0,22.0,17.26,27.55,10.28,23.4,0.0,0.02,70.07,75.04,997.69,48.66,115.88,2,,
I10,본태성(원발성) 고혈압,2010-07,1541692.0,2029240.0,1812462.0,36401307.0,26708614.0,25.15,22.1,29.25,7.15,14.5,0.0,0.08,80.13,257.87,996.27,31.35,65.41,0,,
I10,본태성(원발성) 고혈압,2010-08,1531046.0,1991101.0,1777898.0,35688480.0,26204375.0,26.69,23.71,30.88,7.17,16.0,0.0,0.24,81.92,364.9,998.8,33.58,62.5,0,,
I10,본태성(원발성) 고혈압,2010-09,1514854.0,1960889.0,1757322.0,34679266.0,25497136.0,21.73,17.95,26.78,8.83,19.5,0.0,0.04,78.23,255.24,1001.24,32.99,83.31,1,,
I10,본태성(원발성) 고혈압,2010-10,1517688.0,1983573.0,1769275.0,35495014.0,26026595.0,14.48,9.7,20.4,10.7,21.5,0.0,0.0,71.84,44.44,1006.16,49.23,91.53,2,,
I10,본태성(원발성) 고혈압,2010-11,1555605.0,2033412.0,1819304.0,36336890.0,26610515.0,7.05,1.42,13.5,12.07,22.5,0.0,0.0,60.37,11.95,1008.07,71.32,167.89,7,,
I10,본태성(원발성) 고혈압,2010-12,1593191.0,2107372.0,1888083.0,37289734.0,27305032.0,1.04,-3.8,6.38,10.18,22.1,0.07,0.0,61.42,32.99,1003.99,57.96,149.82,8,,
I10,본태성(원발성) 고혈압,2011-01,1592402.0,2107933.0,1882172.0,37826559.0,27873044.0,-4.6,-9.56,0.55,10.12,23.4,0.32,0.0,55.76,9.23,1012.44,38.21,57.97,0,,
I10,본태성(원발성) 고혈압,2011-02,1390219.0,1757465.0,1577460.0,32334141.0,23743806.0,1.93,-3.15,7.87,11.02,25.3,0.03,0.0,64.68,64.64,1008.38,65.32,135.42,8,,
I10,본태성(원발성) 고혈압,2011-03,1605443.0,2109494.0,1895406.0,38894719.0,28480312.0,4.57,-0.8,10.33,11.13,24.8,0.0,0.0,52.07,25.29,1008.08,64.8,265.38,4,,
I10,본태성(원발성) 고혈압,2011-04,1532250.0,1981209.0,1782763.0,35900193.0,26347941.0,11.09,5.11,17.21,12.1,26.7,0.0,0.0,59.35,113.75,1001.66,56.56,99.4,4,,
I10,본태성(원발성) 고혈압,2011-05,1584968.0,2050805.0,1844471.0,37366363.0,27477477.0,17.08,12.08,22.53,10.44,24.0,0.0,0.0,66.78,126.03,998.86,74.0,269.72,10,,
I10,본태성(원발성) 고혈압,2011-06,1559938.0,1995467.0,1799644.0,36390068.0,26771944.0,21.69,17.43,26.8,9.36,19.8,0.0,0.02,73.79,281.59,994.88,44.59,76.24,0,,
I10,본태성(원발성) 고혈압,2011-07,1550333.0,1977546.0,1781535.0,36286872.0,26752566.0,24.93,22.01,28.8,6.79,16.1,0.0,0.08,82.07,462.82,994.3,29.49,66.6,0,,
I10,본태성(원발성) 고혈압,2011-08,1595404.0,2048245.0,1849966.0,37125325.0,27471681.0,24.96,22.08,28.96,6.87,14.9,0.0,0.08,82.18,280.06,996.64,30.26,50.87,0,,
I10,본태성(원발성) 고혈압,2011-09,1574229.0,2006230.0,1816965.0,36257413.0,26917724.0,20.92,16.72,26.2,9.48,21.8,0.0,0.03,73.37,76.07,1000.12,34.82,60.4,0,,
I10,본태성(원발성) 고혈압,2011-10,1533787.0,1959061.0,1769498.0,35722042.0,26737850.0,13.82,8.59,20.14,11.55,23.2,0.0,0.0,68.95,55.46,1007.3,47.56,70.02,0,,
I10,본태성(원발성) 고혈압,2011-11,1545946.0,1969794.0,1784147.0,35742556.0,26758637.0,11.01,6.86,15.97,9.11,20.6,0.0,0.0,70.85,117.67,1009.61,41.58,85.48,1,,
I10,본태성(원발성) 고혈압,2011-12,1606786.0,2068190.0,1922951.0,37105619.0,27849220.0,0.86,-3.4,5.57,8.97,23.3,0.06,0.0,59.14,19.72,1013.22,38.54,76.03,0,,
I10,본태성(원발성) 고혈압,2012-01,1578502.0,2018974.0,1871775.0,37016101.0,27877365.0,-0.99,-5.43,3.9,9.33,22.1,0.12,0.0,58.59,18.17,1011.59,51.46,111.02,2,,
I10,본태성(원발성) 고혈압,2012-02,1566564.0,1989206.0,1848363.0,36601017.0,27447757.0,-0.67,-5.54,4.67,10.21,24.3,0.12,0.0,55.34,15.71,1009.66,47.49,97.92,1,,
I10,본태성(원발성) 고혈압,2012-03,1631952.0,2098067.0,1950203.0,38846852.0,29154816.0,5.64,1.03,10.56,9.52,24.0,0.0,0.0,60.89,93.72,1006.22,51.53,140.08,2,,
I10,본태성(원발성) 고혈압,2012-04,1614890.0,2043434.0,1898780.0,37370382.0,28147606.0,12.47,6.62,18.58,11.96,26.6,0.0,0.0,60.29,139.37,1000.79,50.5,104.39,4,,
I10,본태성(원발성) 고혈압,2012-05,1694040.0,2168946.0,2017661.0,40030570.0,30171866.0,18.12,12.79,24.28,11.48,23.4,0.0,0.0,63.61,41.9,998.9,58.65,111.89,4,,
I10,본태성(원발성) 고혈압,2012-06,1657264.0,2073832.0,1929784.0,38126858.0,28789042.0,21.83,17.74,26.93,9.19,18.9,0.0,0.01,71.8,76.82,995.41,39.35,70.22,0,,
I10,본태성(원발성) 고혈압,2012-07,1688359.0,2132068.0,1979703.0,39458352.0,29808896.0,25.24,21.88,29.45,7.57,16.4,0.0,0.18,80.73,291.53,994.07,26.6,53.64,0,,
I10,본태성(원발성) 고혈압,2012-08,1690716.0,2125565.0,1970088.0,39172877.0,29632137.0,26.22,22.94,30.43,7.49,18.2,0.0,0.24,79.18,411.2,996.61,23.66,45.18,0,,
I10,본태성(원발성) 고혈압,2012-09,1666185.0,2071228.0,1925568.0,37939811.0,28725002.0,20.04,16.1,25.08,8.98,18.7,0.0,0.0,78.17,255.58,1001.15,34.0,79.18,0,,
I10,본태성(원발성) 고혈압,2012-10,1709260.0,2145872.0,1998429.0,39165414.0,29660176.0,14.34,8.89,20.93,12.04,22.9,0.0,0.0,68.84,55.53,1005.52,35.79,55.52,0,,
I10,본태성(원발성) 고혈압,2012-11,1700016.0,2128520.0,1984882.0,39003109.0,29476255.0,6.7,2.15,11.76,9.62,22.0,0.0,0.0,63.55,57.96,1005.93,42.89,109.03,3,,
I10,본태성(원발성) 고혈압,2012-12,1715943.0,2143688.0,1993195.0,39069090.0,29555875.0,-1.38,-5.64,3.27,8.9,23.9,0.15,0.0,65.81,67.07,1009.93,38.73,66.0,0,,
I10,본태성(원발성) 고혈압,2013-01,1758074.0,2239356.0,2080208.0,42239782.0,31968486.0,-1.79,-6.5,3.38,9.88,23.4,0.19,0.0,64.03,27.71,1011.95,55.97,152.15,5,,
I10,본태성(원발성) 고혈압,2013-02,1636560.0,2019561.0,1881626.0,37751136.0,28608371.0,0.81,-3.99,5.85,9.85,24.4,0.07,0.0,58.13,52.03,1010.65,45.09,85.8,1,,
I10,본태성(원발성) 고혈압,2013-03,1725800.0,2171098.0,2013418.0,41825576.0,31643397.0,6.58,0.36,13.42,13.05,29.2,0.0,0.0,58.45,62.93,1004.2,52.46,143.47,3,,
I10,본태성(원발성) 고혈압,2013-04,1762574.0,2231823.0,2078311.0,42210712.0,31956388.0,10.19,4.38,16.18,11.8,28.7,0.0,0.0,60.04,76.95,1000.38,53.16,144.42,2,,
I10,본태성(원발성) 고혈압,2013-05,1791596.0,2272635.0,2113995.0,43288720.0,32767688.0,17.59,11.9,23.86,11.96,25.1,0.0,0.01,66.71,133.28,999.3,55.32,107.91,3,,
I10,본태성(원발성) 고혈압,2013-06,1678285.0,2073295.0,1919285.0,39808287.0,30136838.0,22.27,18.33,27.27,8.94,20.2,0.0,0.01,75.99,101.82,995.9,41.31,67.49,0,,
I10,본태성(원발성) 고혈압,2013-07,1783495.0,2263240.0,2099927.0,43630103.0,33007505.0,26.03,23.08,29.89,6.81,15.6,0.0,0.12,81.17,297.67,994.01,32.25,84.67,1,,
I10,본태성(원발성) 고혈압,2013-08,1733978.0,2164772.0,1999439.0,41708115.0,31608085.0,27.04,23.25,32.03,8.77,17.1,0.0,0.4,77.8,158.83,994.95,34.84,64.25,0,,
I10,본태성(원발성) 고혈압,2013-09,1698087.0,2101355.0,1944190.0,40190924.0,30453433.0,21.03,16.91,26.25,9.34,19.5,0.0,0.0,76.49,112.9,1002.52,32.75,81.3,1,,
I10,본태성(원발성) 고혈압,2013-10,1769571.0,2230752.0,2069588.0,42894446.0,32509439.0,15.41,10.44,21.52,11.08,22.3,0.0,0.0,71.9,57.34,1006.96,34.5,60.86,0,,
I10,본태성(원발성) 고혈압,2013-11,1722056.0,2140685.0,1987669.0,41035907.0,31152815.0,7.17,2.45,12.61,10.17,19.5,0.0,0.0,66.53,61.88,1006.94,41.19,78.27,0,,
I10,본태성(원발성) 고혈압,2013-12,1794073.0,2257835.0,2099471.0,43026006.0,32614372.0,1.61,-2.75,6.5,9.25,21.0,0.03,0.0,65.02,22.08,1008.32,46.82,102.55,3,,
I10,본태성(원발성) 고혈압,2014-01,1773419.0,2236013.0,2071753.0,43767330.0,33298541.0,0.64,-4.6,6.36,10.96,25.6,0.06,0.0,58.1,13.86,1011.15,54.36,116.93,3,,
I10,본태성(원발성) 고혈압,2014-02,1680867.0,2076392.0,1930217.0,40885355.0,31037842.0,2.55,-2.0,7.82,9.82,22.1,0.01,0.0,64.05,32.95,1011.17,56.51,139.72,7,,
I10,본태성(원발성) 고혈압,2014-03,1775694.0,2230194.0,2064589.0,44804754.0,33977832.0,7.59,2.15,13.34,11.19,24.3,0.0,0.0,62.0,82.3,1006.59,55.51,128.39,3,,
I10,본태성(원발성) 고혈압,2014-04,1779942.0,2235730.0,2078147.0,44443602.0,33939532.0,13.16,7.44,19.59,12.14,26.9,0.0,0.0,59.9,86.98,1004.14,54.72,99.35,2,,
I10,본태성(원발성) 고혈압,2014-05,1788799.0,2242773.0,2083056.0,44895392.0,34172337.0,18.11,11.97,24.7,12.73,25.2,0.0,0.03,60.41,67.73,998.6,64.17,163.21,6,,
I10,본태성(원발성) 고혈압,2014-06,1737350.0,2142947.0,1985588.0,43226910.0,32898629.0,21.51,17.67,26.42,8.75,19.5,0.0,0.01,74.66,79.35,994.41,40.82,100.38,1,,
I10,본태성(원발성) 고혈압,2014-07,1793204.0,2256981.0,2093345.0,45280666.0,34410939.0,24.75,21.17,29.36,8.19,19.3,0.0,0.13,78.58,167.06,995.34,35.9,83.56,1,,
I10,본태성(원발성) 고혈압,2014-08,1736874.0,2149353.0,1985627.0,43159815.0,32872324.0,23.59,20.72,27.48,6.76,15.9,0.0,0.03,83.08,393.94,996.03,28.93,75.76,0,,
I10,본태성(원발성) 고혈압,2014-09,1766414.0,2193282.0,2037511.0,43541588.0,33125256.0,20.75,16.43,26.27,9.84,19.8,0.0,0.0,76.99,119.88,1001.09,32.08,53.27,0,,
I10,본태성(원발성) 고혈압,2014-10,1801023.0,2259775.0,2102439.0,44510637.0,33825250.0,14.83,9.58,21.12,11.54,24.2,0.0,0.0,72.3,113.95,1006.9,37.67,74.01,0,,
I10,본태성(원발성) 고혈압,2014-11,1696860.0,2091638.0,1938468.0,41774873.0,31735141.0,8.91,4.22,14.47,10.25,20.9,0.0,0.0,69.73,60.74,1008.38,38.68,59.2,0,,
I10,본태성(원발성) 고혈압,2014-12,1856975.0,2355534.0,2195807.0,45727164.0,34736249.0,-0.25,-4.67,4.58,9.25,19.4,0.06,0.0,61.57,27.83,1010.31,38.06,107.27,2,,
I10,본태성(원발성) 고혈압,2015-01,1790211.0,2242774.0,2075915.0,46139419.0,35047804.0,0.72,-3.72,5.65,9.37,20.0,0.04,0.0,64.11,30.7,1010.61,48.74,86.16,1,,
I10,본태성(원발성) 고혈압,2015-02,1685125.0,2062448.0,1913253.0,41683195.0,31729589.0,2.12,-2.42,7.25,9.67,23.9,0.02,0.0,61.39,28.65,1008.65,69.15,312.54,7,,
I10,본태성(원발성) 고혈압,2015-03,1850539.0,2330556.0,2169658.0,47877900.0,36297793.0,6.72,0.6,13.32,12.72,25.4,0.0,0.0,53.27,45.08,1007.98,67.61,148.68,9,,
I10,본태성(원발성) 고혈압,2015-04,1820340.0,2275882.0,2120864.0,46092950.0,34963214.0,12.56,7.26,18.42,11.16,26.3,0.0,0.0,66.37,133.96,1003.39,45.62,83.36,1,,
I10,본태성(원발성) 고혈압,2015-05,1799702.0,2222745.0,2066049.0,45609954.0,34643085.0,18.33,12.15,24.84,12.69,25.4,0.0,0.01,60.29,69.74,997.37,47.89,101.84,1,,
I10,본태성(원발성) 고혈압,2015-06,1837264.0,2255196.0,2105417.0,44777077.0,34148172.0,21.33,16.89,26.65,9.76,24.2,0.0,0.02,72.42,102.93,995.02,44.2,89.52,1,30.28,52.04
I10,본태성(원발성) 고혈압,2015-07,1861158.0,2316598.0,2161640.0,47230445.0,35836151.0,24.12,20.74,28.43,7.69,17.2,0.0,0.1,79.67,186.97,995.04,35.26,82.22,1,22.16,56.73
I10,본태성(원발성) 고혈압,2015-08,1798176.0,2198014.0,2042504.0,45021971.0,34139146.0,24.98,21.19,30.0,8.8,18.0,0.0,0.17,79.41,119.46,996.37,35.78,69.88,0,25.37,65.89
I10,본태성(원발성) 고혈압,2015-09,1781084.0,2176943.0,2026652.0,44181008.0,33498110.0,20.27,15.58,25.99,10.41,21.7,0.0,0.0,74.55,69.41,1001.67,29.05,50.61,0,22.25,46.31
I10,본태성(원발성) 고혈압,2015-10,1871454.0,2329242.0,2176645.0,46701212.0,35364214.0,14.95,9.63,21.48,11.84,23.9,0.0,0.0,69.42,64.8,1005.91,47.68,111.92,4,41.61,119.67
I10,본태성(원발성) 고혈압,2015-11,1794822.0,2191303.0,2048048.0,44324524.0,33520253.0,10.17,6.74,14.23,7.49,23.5,0.0,0.0,79.52,131.46,1010.17,40.04,90.85,3,37.77,91.87
I10,본태성(원발성) 고혈압,2015-12,1912568.0,2403955.0,2254979.0,47531691.0,35942789.0,3.71,-0.39,8.33,8.73,20.0,0.01,0.0,69.42,44.92,1011.77,46.68,85.95,1,43.82,79.75
I10,본태성(원발성) 고혈압,2016-01,1811108.0,2223519.0,2070013.0,46230456.0,35023291.0,-0.69,-4.86,3.94,8.79,20.8,0.11,0.0,61.48,30.66,1011.06,46.38,77.1,0,35.48,84.29
I10,본태성(원발성) 고혈압,2016-02,1800537.0,2200828.0,2062513.0,44783088.0,34017367.0,1.88,-2.96,7.11,10.07,23.9,0.03,0.0,58.26,50.92,1010.8,43.41,77.09,0,29.07,70.08
I10,본태성(원발성) 고혈압,2016-03,1923003.0,2402563.0,2254083.0,50053352.0,37901134.0,7.17,1.66,13.17,11.51,25.5,0.0,0.0,60.45,62.1,1008.36,59.6,120.08,3,35.3,56.25
I10,본태성(원발성) 고혈압,2016-04,1847351.0,2267993.0,2130149.0,46882422.0,35564656.0,13.66,8.15,20.0,11.85,27.0,0.0,0.0,65.29,163.52,1000.94,66.56,210.05,5,31.56,73.25
I10,본태성(원발성) 고혈압,2016-05,1895978.0,2329901.0,2187926.0,48525430.0,36791204.0,18.33,12.31,24.78,12.47,25.5,0.0,0.0,64.58,103.36,999.3,52.43,107.01,3,26.83,52.44
I10,본태성(원발성) 고혈압,2016-06,1863463.0,2266220.0,2135220.0,46635618.0,35393702.0,22.01,17.9,26.91,9.01,21.9,0.0,0.01,75.63,77.95,995.67,45.05,67.56,0,26.24,40.54
I10,본태성(원발성) 고혈압,2016-07,1837354.0,2232252.0,2095194.0,46251713.0,35101414.0,25.21,21.89,29.54,7.66,15.9,0.0,0.16,82.7,284.24,996.06,30.0,53.8,0,17.4,29.82
I10,본태성(원발성) 고혈압,2016-08,1895938.0,2320880.0,2182420.0,47429944.0,36046649.0,26.45,22.3,31.83,9.52,19.2,0.0,0.52,75.53,83.32,993.83,39.1,65.65,0,22.77,42.43
I10,본태성(원발성) 고혈압,2016-09,1860371.0,2257245.0,2126908.0,45740471.0,34779197.0,21.48,18.02,26.04,8.02,18.2,0.0,0.0,81.66,207.23,1000.99,41.34,66.61,0,23.83,36.89
I10,본태성(원발성) 고혈압,2016-10,1864406.0,2274643.0,2141149.0,46435529.0,35299114.0,15.8,11.98,20.67,8.68,20.3,0.0,0.0,77.84,155.11,1006.22,44.66,100.52,2,23.92,61.44
I10,본태성(원발성) 고혈압,2016-11,1878829.0,2283794.0,2155881.0,46630979.0,35386530.0,7.97,3.18,13.35,10.18,21.5,0.0,0.0,68.78,36.42,1009.61,51.18,86.23,2,30.57,65.06
I10,본태성(원발성) 고혈압,2016-12,1927990.0,2383156.0,2248937.0,47895414.0,36395121.0,3.26,-1.41,8.41,9.82,22.8,0.01,0.0,66.92,67.15,1010.95,43.78,75.88,0,29.21,61.17
I10,본태성(원발성) 고혈압,2017-01,1861574.0,2259184.0,2128854.0,47046945.0,35852848.0,0.27,-4.53,5.6,10.13,23.2,0.1,0.0,61.54,16.85,1011.27,49.39,89.3,3,28.39,61.19
I10,본태성(원발성) 고혈압,2017-02,1851330.0,2224537.0,2108424.0,46989532.0,35718202.0,1.74,-3.65,7.39,11.04,24.9,0.02,0.0,57.58,33.29,1009.36,44.13,85.1,1,24.54,61.54
I10,본태성(원발성) 고혈압,2017-03,1974054.0,2440650.0,2312967.0,52205124.0,39649048.0,6.22,0.55,12.5,11.95,25.1,0.0,0.0,57.94,25.37,1006.28,58.79,99.58,1,34.48,69.85
I10,본태성(원발성) 고혈압,2017-04,1865179.0,2262076.0,2140908.0,48326757.0,36743202.0,13.67,7.66,20.1,12.45,26.5,0.0,0.0,60.14,72.14,1000.34,57.84,123.4,3,25.03,47.81
I10,본태성(원발성) 고혈압,2017-05,1973802.0,2422761.0,2299241.0,51563202.0,39247216.0,18.46,12.28,25.11,12.83,25.7,0.0,0.02,61.79,30.87,999.82,63.27,237.67,6,23.8,52.5
I10,본태성(원발성) 고혈압,2017-06,1925882.0,2337177.0,2217315.0,49886435.0,37959660.0,21.52,16.37,27.53,11.16,22.1,0.0,0.05,68.02,57.39,996.35,41.29,65.96,0,22.96,36.56
I10,본태성(원발성) 고혈압,2017-07,1901230.0,2303460.0,2178952.0,49216395.0,37479397.0,26.25,23.13,30.43,7.3,18.7,0.0,0.19,83.6,281.34,995.76,33.03,52.57,0,19.21,33.41
I10,본태성(원발성) 고혈압,2017-08,1935560.0,2356289.0,2233897.0,49636945.0,37840356.0,25.32,21.77,29.86,8.08,17.5,0.0,0.18,80.61,238.53,995.52,27.87,48.7,0,14.57,28.66
I10,본태성(원발성) 고혈압,2017-09,2040191.0,2553901.0,2437456.0,52411148.0,40056707.0,20.47,15.75,26.15,10.4,22.6,0.0,0.0,75.75,96.26,1000.51,39.77,75.53,0,22.16,45.73
I10,본태성(원발성) 고혈압,2017-10,1747360.0,2088396.0,1969642.0,44580577.0,33989659.0,15.25,10.84,20.83,9.99,22.6,0.0,0.0,74.84,74.33,1007.67,38.13,76.65,0,19.35,46.46
I10,본태성(원발성) 고혈압,2017-11,1935330.0,2343589.0,2228602.0,49351894.0,37572151.0,6.91,1.4,13.01,11.61,23.9,0.0,0.0,62.36,12.39,1009.35,46.43,81.06,1,25.28,49.64
I10,본태성(원발성) 고혈압,2017-12,1943016.0,2368832.0,2251926.0,49088992.0,37468997.0,0.01,-4.76,5.1,9.86,23.8,0.07,0.0,58.99,23.31,1011.77,44.25,102.66,2,26.28,74.24
I10,본태성(원발성) 고혈압,2018-01,1998662.0,2467464.0,2348470.0,52628768.0,40441502.0,-1.87,-6.19,3.1,9.29,23.7,0.17,0.0,59.4,24.79,1010.0,51.65,102.53,5,30.77,73.72
I10,본태성(원발성) 고혈압,2018-02,1842525.0,2198457.0,2093496.0,47006934.0,36168513.0,-0.09,-5.54,5.68,11.22,25.8,0.12,0.0,51.67,34.83,1009.56,49.58,78.12,0,26.82,48.39
I10,본태성(원발성) 고혈압,2018-03,2013769.0,2461566.0,2345879.0,54394397.0,41700000.0,8.03,2.42,14.11,11.69,25.3,0.0,0.0,68.31,112.29,1007.03,47.45,95.74,3,28.22,66.85
I10,본태성(원발성) 고혈압,2018-04,1943874.0,2358028.0,2250052.0,52331782.0,40138142.0,13.15,7.26,19.36,12.11,26.9,0.0,0.0,64.13,139.6,1002.91,51.14,90.59,2,21.44,41.99
I10,본태성(원발성) 고혈압,2018-05,2030459.0,2487878.0,2373633.0,55299791.0,42406043.0,17.59,12.47,23.09,10.62,25.0,0.0,0.0,72.58,132.57,999.26,41.91,88.94,2,19.45,35.57
I10,본태성(원발성) 고혈압,2018-06,1942194.0,2343243.0,2234730.0,51948824.0,39892400.0,21.92,17.34,27.43,10.09,21.8,0.0,0.05,72.46,146.87,995.85,36.21,56.36,0,21.35,37.25
I10,본태성(원발성) 고혈압,2018-07,2029553.0,2494278.0,2385573.0,54396050.0,41753954.0,26.54,22.64,31.35,8.71,17.3,0.0,0.46,78.08,168.34,996.66,23.09,40.3,0,12.8,26.67
I10,본태성(원발성) 고혈압,2018-08,2009178.0,2452831.0,2343084.0,53193770.0,40855507.0,27.04,23.18,31.97,8.79,19.6,0.0,0.43,76.96,292.87,995.49,23.72,35.77,0,12.85,20.92
I10,본태성(원발성) 고혈압,2018-09,1863587.0,2218116.0,2114686.0,48579080.0,37349217.0,20.34,16.27,25.19,8.93,19.2,0.0,0.0,77.19,152.21,1000.97,22.11,39.58,0,9.67,19.35
I10,본태성(원발성) 고혈압,2018-10,2075789.0,2555045.0,2446908.0,55242733.0,42405927.0,13.05,8.03,19.11,11.08,21.4,0.0,0.0,71.8,166.57,1005.98,31.75,65.8,0,15.71,37.33
I10,본태성(원발성) 고혈압,2018-11,1997423.0,2421597.0,2320388.0,52970602.0,40547905.0,8.17,3.15,14.46,11.31,22.7,0.0,0.0,70.27,47.73,1010.42,59.81,145.15,5,34.91,79.43
I10,본태성(원발성) 고혈압,2018-12,2023106.0,2443968.0,2338267.0,52348453.0,40075845.0,1.4,-3.13,6.51,9.64,21.5,0.08,0.0,60.0,32.32,1013.34,45.26,90.28,2,25.53,66.81
I10,본태성(원발성) 고혈압,2019-01,2118218.0,2610567.0,2492207.0,57467225.0,44016793.0,0.44,-4.64,6.22,10.86,21.9,0.06,0.0,55.19,9.5,1012.18,62.48,146.64,5,37.36,114.77
I10,본태성(원발성) 고혈압,2019-02,1839141.0,2169912.0,2064908.0,48816860.0,37384603.0,2.49,-2.42,8.04,10.46,20.7,0.01,0.0,58.1,33.64,1010.49,58.37,119.64,3,36.08,85.07
I10,본태성(원발성) 고혈압,2019-03,2019584.0,2424673.0,2311158.0,56043039.0,42819226.0,7.41,1.69,13.63,11.95,26.4,0.0,0.0,60.32,42.31,1004.29,67.34,169.14,6,43.31,117.72
I10,본태성(원발성) 고혈압,2019-04,2069518.0,2516408.0,2409679.0,57336342.0,43905552.0,11.8,6.09,17.82,11.74,25.8,0.0,0.0,62.93,78.13,1002.46,43.43,88.23,1,22.26,42.97
I10,본태성(원발성) 고혈압,2019-05,2102784.0,2566016.0,2455908.0,58598250.0,44909131.0,18.35,11.63,25.24,13.61,26.7,0.0,0.02,58.14,66.77,999.58,52.71,97.81,2,27.67,58.0
I10,본태성(원발성) 고혈압,2019-06,1958637.0,2333527.0,2227713.0,53443412.0,40964879.0,21.03,16.48,26.45,9.97,21.8,0.0,0.01,74.83,153.17,995.07,34.02,53.02,0,22.48,37.58
I10,본태성(원발성) 고혈압,2019-07,2106049.0,2574685.0,2463170.0,58390552.0,44759550.0,24.51,21.24,28.68,7.45,19.5,0.0,0.08,80.88,235.29,994.41,26.45,49.1,0,17.02,37.26
I10,본태성(원발성) 고혈압,2019-08,2043917.0,2458980.0,2345918.0,55586490.0,42691470.0,25.92,22.16,30.65,8.49,15.4,0.0,0.26,79.44,143.15,995.29,28.76,52.0,0,17.45,38.33
I10,본태성(원발성) 고혈압,2019-09,2004694.0,2390849.0,2284419.0,53523563.0,41112231.0,21.59,17.95,26.29,8.34,18.9,0.0,0.0,81.7,237.35,1002.8,26.83,60.44,0,14.32,41.58
I10,본태성(원발성) 고혈압,2019-10,2123862.0,2588884.0,2482526.0,57506883.0,44245854.0,15.7,11.03,21.3,10.27,21.3,0.0,0.0,75.17,164.45,1006.54,38.65,83.11,1,19.95,37.4
I10,본태성(원발성) 고혈압,2019-11,2018523.0,2414226.0,2318814.0,53983060.0,41404160.0,8.82,3.57,15.12,11.54,22.9,0.0,0.0,69.27,54.24,1009.95,45.76,87.3,1,24.44,48.18
I10,본태성(원발성) 고혈압,2019-12,2121560.0,2583495.0,2489745.0,56157182.0,43188533.0,2.97,-1.54,8.16,9.69,22.9,0.01,0.0,65.83,29.54,1012.46,42.49,89.34,1,28.77,61.88
I10,본태성(원발성) 고혈압,2020-01,2091201.0,2510733.0,2419865.0,55489947.0,42766316.0,2.92,-0.96,7.67,8.64,19.6,0.0,0.0,68.41,84.56,1010.27,45.96,80.29,0,31.69,62.0
I10,본태성(원발성) 고혈압,2020-02,2041294.0,2399401.0,2314947.0,53526253.0,41301838.0,3.74,-1.12,9.13,10.26,23.2,0.02,0.0,67.05,58.97,1011.66,44.64,88.55,2,30.11,67.05
I10,본태성(원발성) 고혈압,2020-03,2084124.0,2470530.0,2382002.0,55653033.0,43156839.0,7.9,1.92,14.04,12.12,24.8,0.0,0.0,60.73,33.14,1005.23,48.45,85.07,1,26.43,64.21
I10,본태성(원발성) 고혈압,2020-04,2060418.0,2425435.0,2345257.0,56627513.0,43582679.0,10.73,4.57,17.09,12.52,26.1,0.0,0.0,55.96,43.24,1004.91,45.17,83.12,2,20.39,32.54
I10,본태성(원발성) 고혈압,2020-05,2112137.0,2501271.0,2420916.0,59965455.0,46002227.0,17.54,12.68,23.06,10.39,22.8,0.0,0.0,72.78,108.66,998.48,35.78,75.82,0,19.42,31.49
I10,본태성(원발성) 고혈압,2020-06,2140887.0,2558686.0,2481205.0,61212021.0,47048638.0,22.59,18.2,27.84,9.64,22.5,0.0,0.06,75.68,192.17,994.65,35.14,61.11,0,19.55,32.44
I10,본태성(원발성) 고혈압,2020-07,2147666.0,2569740.0,2491180.0,60983876.0,46739928.0,22.55,19.7,26.27,6.56,16.2,0.0,0.0,86.23,411.05,995.36,22.23,42.09,0,12.92,29.12
I10,본태성(원발성) 고혈압,2020-08,2083841.0,2443384.0,2363110.0,56803726.0,43715373.0,26.53,23.58,30.56,6.98,16.1,0.0,0.19,85.22,399.13,997.42,24.21,39.74,0,13.33,26.84
I10,본태성(원발성) 고혈압,2020-09,2173816.0,2610600.0,2534221.0,59319694.0,45865569.0,20.26,16.52,24.99,8.47,19.0,0.0,0.0,80.4,230.87,1000.01,24.78,44.3,0,13.18,24.9
I10,본태성(원발성) 고혈압,2020-10,2098274.0,2455356.0,2379058.0,56423977.0,43425578.0,13.98,8.81,20.19,11.38,21.5,0.0,0.0,68.96,13.47,1008.18,39.42,73.16,0,20.33,44.45
I10,본태성(원발성) 고혈압,2020-11,2078612.0,2436681.0,2362720.0,56893262.0,43647226.0,8.88,3.92,14.45,10.53,23.1,0.0,0.0,65.6,40.57,1012.12,42.58,83.79,1,25.33,58.03
I10,본태성(원발성) 고혈압,2020-12,2240888.0,2694330.0,2612610.0,61609435.0,47503404.0,0.87,-3.78,6.36,10.15,19.3,0.06,0.0,60.61,10.76,1013.13,42.41,79.2,0,27.34,58.99
I10,본태성(원발성) 고혈압,2021-01,2079375.0,2423177.0,2343734.0,57920954.0,44546773.0,-0.54,-5.61,4.87,10.48,22.5,0.17,0.0,63.55,24.77,1011.44,44.71,103.5,2,24.86,42.83
I10,본태성(원발성) 고혈압,2021-02,2038613.0,2359073.0,2289835.0,56213213.0,43237603.0,3.78,-1.65,9.69,11.35,27.4,0.01,0.0,58.52,22.54,1008.4,52.24,95.49,5,31.66,76.72
I10,본태성(원발성) 고혈압,2021-03,2269705.0,2751977.0,2676087.0,68541326.0,52792344.0,8.91,3.45,14.91,11.46,24.2,0.0,0.0,67.6,113.02,1007.2,79.25,488.35,8,34.77,82.85
I10,본태성(원발성) 고혈압,2021-04,2197475.0,2638778.0,2566998.0,64895284.0,50046292.0,13.25,7.48,19.31,11.83,24.9,0.0,0.0,58.99,77.17,1006.17,47.13,87.21,2,20.69,39.47
I10,본태성(원발성) 고혈압,2021-05,2213166.0,2649510.0,2574918.0,64735490.0,49960510.0,16.74,11.61,22.25,10.64,23.4,0.0,0.0,71.03,139.1,997.42,63.56,415.67,5,22.34,88.09
I10,본태성(원발성) 고혈압,2021-06,2222849.0,2680248.0,2611971.0,64810770.0,50147060.0,21.77,17.62,26.75,9.14,20.8,0.0,0.0,77.55,97.12,996.29,35.11,59.05,0,20.78,31.83
I10,본태성(원발성) 고혈압,2021-07,2223180.0,2659605.0,2590772.0,64075759.0,49485759.0,26.07,22.34,30.77,8.43,16.1,0.0,0.26,80.78,236.44,996.83,23.76,48.44,0,13.41,33.59
I10,본태성(원발성) 고혈압,2021-08,2228582.0,2640595.0,2570004.0,61807302.0,47815000.0,24.94,21.71,29.34,7.63,15.6,0.0,0.12,83.03,287.8,996.98,23.16,41.28,0,12.85,29.58
I10,본태성(원발성) 고혈압,2021-09,2167855.0,2568330.0,2502722.0,60684601.0,47082427.0,21.54,17.95,25.99,8.04,15.3,0.0,0.0,80.68,158.26,1001.79,18.51,28.44,0,8.9,16.16
I10,본태성(원발성) 고혈압,2021-10,2211899.0,2614312.0,2549604.0,62388822.0,48132155.0,15.45,10.82,21.38,10.56,21.0,0.0,0.0,76.1,54.89,1008.97,32.51,52.8,0,16.96,31.92
I10,본태성(원발성) 고혈압,2021-11,2222582.0,2643362.0,2576460.0,63011749.0,48526007.0,8.68,3.75,14.82,11.07,22.0,0.0,0.0,70.08,56.49,1007.15,44.31,106.04,2,24.99,76.14
I10,본태성(원발성) 고혈압,2021-12,2334510.0,2826029.0,2752885.0,65319753.0,50580316.0,2.35,-2.49,7.84,10.33,20.4,0.05,0.0,63.85,10.09,1011.76,42.72,92.94,1,26.03,60.41
I10,본태성(원발성) 고혈압,2022-01,2229968.0,2638496.0,2569559.0,64170690.0,49651373.0,-0.3,-5.3,5.32,10.63,22.4,0.09,0.0,57.01,4.5,1011.48,45.28,99.93,2,30.3,78.42
I10,본태성(원발성) 고혈압,2022-02,2094386.0,2442272.0,2379269.0,60329054.0,46657262.0,0.32,-4.88,5.93,10.81,23.5,0.06,0.0,52.02,4.57,1012.35,43.52,98.52,3,27.8,77.25
I10,본태성(원발성) 고혈압,2022-03,2295121.0,2751995.0,2680426.0,68960788.0,53781157.0,7.9,2.29,13.84,11.54,23.7,0.0,0.0,64.98,91.99,1004.99,47.08,100.94,2,25.31,48.17
I10,본태성(원발성) 고혈압,2022-04,2220802.0,2632230.0,2565712.0,67028627.0,51870878.0,13.81,7.67,20.38,12.72,25.0,0.0,0.0,60.53,60.47,1004.74,45.16,156.52,1,21.83,35.7
I10,본태성(원발성) 고혈압,2022-05,2282731.0,2719978.0,2658780.0,70203463.0,54105833.0,18.05,11.69,24.6,12.91,24.5,0.0,0.01,58.29,6.07,1000.41,34.82,58.75,0,17.23,32.95
I10,본태성(원발성) 고혈압,2022-06,2223457.0,2635194.0,2580252.0,67905885.0,52511731.0,22.34,18.38,27.09,8.71,23.1,0.0,0.05,76.47,180.74,995.9,22.86,38.95,0,11.41,22.52
I10,본태성(원발성) 고혈압,2022-07,2218141.0,2626677.0,2566689.0,66740308.0,51549927.0,25.99,22.59,30.33,7.73,16.6,0.0,0.2,81.65,184.25,994.37,25.53,41.38,0,14.66,27.3
I10,본태성(원발성) 고혈압,2022-08,2280211.0,2714928.0,2651911.0,67055748.0,51947491.0,25.44,22.33,29.29,6.96,18.2,0.0,0.11,83.12,280.77,995.75,18.85,28.62,0,8.91,16.69
I10,본태성(원발성) 고혈압,2022-09,2229742.0,2654725.0,2594838.0,66000162.0,51282413.0,21.13,16.91,26.38,9.47,22.4,0.0,0.01,77.04,157.82,1001.15,26.57,50.21,0,13.73,35.64
I10,본태성(원발성) 고혈압,2022-10,2252689.0,2661805.0,2600320.0,66329794.0,51351822.0,14.21,9.25,20.22,10.97,24.3,0.0,0.0,72.53,76.72,1009.32,34.23,60.12,0,19.27,42.75
I10,본태성(원발성) 고혈압,2022-11,2226810.0,2636508.0,2576779.0,66182611.0,51114234.0,9.99,4.41,16.74,12.33,23.8,0.0,0.0,68.1,62.27,1008.75,46.78,92.22,2,27.94,66.92
I10,본태성(원발성) 고혈압,2022-12,2326845.0,2780645.0,2718974.0,68620057.0,53256163.0,-0.76,-5.27,4.33,9.6,21.1,0.11,0.0,61.79,17.02,1011.5,38.29,113.42,1,22.24,36.61
I10,본태성(원발성) 고혈압,2023-01,2231244.0,2626494.0,2565688.0,66074652.0,51225425.0,-0.06,-5.14,5.56,10.7,25.8,0.11,0.0,62.69,44.95,1011.53,51.29,149.56,4,27.61,89.0
I10,본태성(원발성) 고혈압,2023-02,2174205.0,2547945.0,2493230.0,67096171.0,51709643.0,2.86,-2.33,8.75,11.09,25.7,0.0,0.0,60.9,19.36,1012.66,53.91,107.32,4,35.06,77.85
I10,본태성(원발성) 고혈압,2023-03,2347452.0,2831365.0,2773474.0,75550982.0,58322708.0,9.51,3.01,16.52,13.51,25.7,0.0,0.0,56.49,30.92,1007.87,70.44,140.77,8,29.72,56.32
I10,본태성(원발성) 고혈압,2023-04,2206766.0,2603465.0,2549448.0,69257442.0,53402180.0,13.18,7.27,19.08,11.8,26.1,0.0,0.0,63.03,70.46,1002.92,75.03,306.24,8,25.07,84.74
I10,본태성(원발성) 고혈압,2023-05,2337567.0,2789924.0,2738476.0,73174526.0,56480690.0,17.89,12.53,23.56,11.02,26.7,0.0,0.01,70.56,201.29,1001.52,40.44,160.02,2,18.52,35.59
I10,본태성(원발성) 고혈압,2023-06,2308256.0,2747351.0,2698721.0,72363681.0,55993862.0,22.34,18.03,27.45,9.42,18.8,0.0,0.03,75.66,203.27,995.74,28.16,41.52,0,16.42,24.93
I10,본태성(원발성) 고혈압,2023-07,2251878.0,2660165.0,2609837.0,69394224.0,53648507.0,25.55,22.49,29.63,7.13,16.0,0.0,0.14,85.64,483.87,996.49,24.37,50.19,0,13.8,34.94
I10,본태성(원발성) 고혈압,2023-08,2284357.0,2696214.0,2644221.0,69524019.0,53762634.0,26.5,23.09,30.97,7.88,15.2,0.0,0.3,81.64,292.99,994.21,24.84,36.55,0,13.61,23.92
I10,본태성(원발성) 고혈압,2023-09,2223915.0,2623131.0,2572676.0,67331282.0,52259705.0,22.73,19.25,27.31,8.06,18.5,0.0,0.0,81.67,193.0,1001.37,24.84,46.25,0,13.31,29.29
I10,본태성(원발성) 고혈압,2023-10,2318608.0,2737016.0,2686612.0,69527506.0,53806484.0,15.03,9.94,21.36,11.42,22.3,0.0,0.0,72.15,16.35,1006.84,33.9,53.61,0,17.48,34.21
I10,본태성(원발성) 고혈압,2023-11,2239816.0,2637179.0,2589925.0,68101720.0,52504046.0,8.34,3.31,13.85,10.54,23.1,0.0,0.0,65.65,65.1,1009.04,32.71,88.83,1,18.39,43.56
I10,본태성(원발성) 고혈압,2023-12,2301177.0,2746010.0,2698118.0,69559264.0,54064510.0,2.82,-1.59,7.72,9.31,24.2,0.05,0.0,70.62,102.05,1011.96,40.95,86.45,1,25.71,63.86
I10,본태성(원발성) 고혈압,2024-01,2330992.0,2774702.0,2724503.0,72573014.0,55946791.0,1.32,-2.94,6.1,9.04,22.0,0.04,0.0,67.25,35.3,1012.14,39.26,86.36,1,27.15,60.07
I10,본태성(원발성) 고혈압,2024-02,2217596.0,2608499.0,2564033.0,68143840.0,52588545.0,4.43,0.44,9.04,8.6,23.0,0.0,0.0,75.76,110.19,1011.72,36.49,91.17,1,25.69,70.28
I10,본태성(원발성) 고혈압,2024-03,2259743.0,2681286.0,2633698.0,73524255.0,56492749.0,7.11,1.74,12.72,10.99,24.4,0.0,0.0,62.61,68.17,1006.01,50.11,145.58,5,24.3,63.03
I10,본태성(원발성) 고혈압,2024-04,2330777.0,2784708.0,2739935.0,75655441.0,58191347.0,14.95,9.51,21.06,11.55,26.5,0.0,0.0,68.48,84.93,1001.96,52.03,140.01,3,24.05,38.31
I10,본태성(원발성) 고혈압,2024-05,2344518.0,2806818.0,2759352.0,76667339.0,58987401.0,17.73,11.9,23.96,12.06,27.2,0.0,0.0,67.49,119.52,1001.4,32.19,79.66,0,17.11,36.2
I10,본태성(원발성) 고혈압,2024-06,2195283.0,2580553.0,2537921.0,70516307.0,54268485.0,22.68,17.64,28.34,10.7,24.0,0.0,0.1,71.33,145.51,996.37,30.19,50.03,0,17.05,23.56
I10,본태성(원발성) 고혈압,2024-07,2336906.0,2806013.0,2763503.0,75420189.0,58097851.0,26.31,23.43,29.98,6.55,15.1,0.0,0.15,83.71,353.5,995.68,18.74,39.2,0,10.08,27.6
I10,본태성(원발성) 고혈압,2024-08,2272128.0,2690180.0,2647188.0,70672284.0,54584725.0,28.0,24.22,33.02,8.81,16.6,0.0,0.56,78.96,83.62,995.9,25.45,37.69,0,15.2,24.67
I10,본태성(원발성) 고혈압,2024-09,2216618.0,2593184.0,2552008.0,68354124.0,52829025.0,24.81,21.06,29.77,8.71,19.9,0.0,0.21,79.93,249.76,1001.53,20.46,33.15,0,10.78,20.87
I10,본태성(원발성) 고혈압,2024-10,2338936.0,2701130.0,2656438.0,73165368.0,56074185.0,16.42,12.23,21.65,9.42,19.9,0.0,0.0,79.41,119.26,1007.87,29.25,60.21,0,16.43,36.53
I10,본태성(원발성) 고혈압,2024-11,2217282.0,2544438.0,2500507.0,70427552.0,53825375.0,10.07,5.33,15.81,10.48,21.3,0.0,0.0,71.56,73.07,1009.58,32.89,53.31,0,19.99,36.49
I10,본태성(원발성) 고혈압,2024-12,2349314.0,2723605.0,2679380.0,73477385.0,56281324.0,2.26,-2.15,7.26,9.41,19.4,0.01,0.0,60.1,8.16,1010.47,32.43,55.49,0,18.56,33.45
I10,본태성(원발성) 고혈압,2025-01,2229723.0,2562068.0,2516883.0,68868461.0,53192163.0,0.25,-4.48,5.72,10.2,21.7,0.05,0.0,63.45,17.67,1011.21,38.81,90.37,1,25.47,70.35
I10,본태성(원발성) 고혈압,2025-02,2246505.0,2562071.0,2521730.0,73263255.0,56060341.0,-0.1,-5.1,5.34,10.44,24.3,0.08,0.0,56.48,20.79,1011.22,35.0,68.36,0,19.43,46.18
I10,본태성(원발성) 고혈압,2025-03,2283408.0,2628471.0,2583056.0,77258047.0,58954750.0,7.73,2.15,13.76,11.61,26.7,0.0,0.0,61.19,49.18,1006.2,52.07,133.94,4,28.35,50.89
I10,본태성(원발성) 고혈압,2025-04,2338712.0,2710777.0,2668616.0,79421375.0,60606892.0,13.11,6.76,19.69,12.93,25.9,0.0,0.0,62.31,69.22,999.94,40.1,64.57,0,21.1,33.95
I10,본태성(원발성) 고혈압,2025-05,2310403.0,2656873.0,2615636.0,77534864.0,59264273.0,16.79,11.64,22.39,10.75,22.9,0.0,0.0,72.05,119.36,999.52,30.51,51.16,0,18.05,30.71
L23,알레르기성 접촉피부염,2010-01,97398.0,153124.0,149302.0,1794921.0,1427986.0,-1.57,-6.4,3.66,10.06,22.5,0.16,0.0,62.75,34.36,1010.25,48.36,98.13,2,,
L23,알레르기성 접촉피부염,2010-02,96196.0,148074.0,144995.0,1742254.0,1383291.0,2.42,-1.83,7.16,8.99,25.5,0.03,0.0,65.29,86.66,1008.05,41.59,83.52,1,,
L23,알레르기성 접촉피부염,2010-03,110210.0,177366.0,173125.0,2102182.0,1667018.0,5.41,1.17,9.78,8.61,22.7,0.0,0.0,65.66,97.88,1007.24,59.17,174.83,7,,
L23,알레르기성 접촉피부염,2010-04,111548.0,178953.0,174662.0,2098619.0,1670084.0,9.71,4.5,15.2,10.7,24.2,0.0,0.0,60.35,99.9,1005.35,49.38,85.89,1,,
L23,알레르기성 접촉피부염,2010-05,124028.0,196270.0,191855.0,2323398.0,1849608.0,16.84,11.47,22.64,11.16,25.9,0.0,0.0,65.85,125.95,998.81,54.54,136.5,5,,
L23,알레르기성 접촉피부염,2010-06,143094.0,220380.0,215273.0,2606045.0,2078785.0,22.0,17.26,27.55,10.28,23.4,0.0,0.02,70.07,75.04,997.69,48.66,115.88,2,,
L23,알레르기성 접촉피부염,2010-07,159143.0,246156.0,240170.0,2884380.0,2310343.0,25.15,22.1,29.25,7.15,14.5,0.0,0.08,80.13,257.87,996.27,31.35,65.41,0,,
L23,알레르기성 접촉피부염,2010-08,161380.0,247774.0,241556.0,2900606.0,2322839.0,26.69,23.71,30.88,7.17,16.0,0.0,0.24,81.92,364.9,998.8,33.58,62.5,0,,
L23,알레르기성 접촉피부염,2010-09,143543.0,217436.0,212209.0,2552726.0,2041648.0,21.73,17.95,26.78,8.83,19.5,0.0,0.04,78.23,255.24,1001.24,32.99,83.31,1,,
L23,알레르기성 접촉피부염,2010-10,125137.0,195241.0,190951.0,2282093.0,1823070.0,14.48,9.7,20.4,10.7,21.5,0.0,0.0,71.84,44.44,1006.16,49.23,91.53,2,,
L23,알레르기성 접촉피부염,2010-11,117081.0,185109.0,180982.0,2163807.0,1725967.0,7.05,1.42,13.5,12.07,22.5,0.0,0.0,60.37,11.95,1008.07,71.32,167.89,7,,
L23,알레르기성 접촉피부염,2010-12,107729.0,171146.0,167207.0,1994595.0,1589040.0,1.04,-3.8,6.38,10.18,22.1,0.07,0.0,61.42,32.99,1003.99,57.96,149.82,8,,
L23,알레르기성 접촉피부염,2011-01,108099.0,170996.0,166799.0,2031210.0,1628608.0,-4.6,-9.56,0.55,10.12,23.4,0.32,0.0,55.76,9.23,1012.44,38.21,57.97,0,,
L23,알레르기성 접촉피부염,2011-02,101510.0,154354.0,151353.0,1855233.0,1482551.0,1.93,-3.15,7.87,11.02,25.3,0.03,0.0,64.68,64.64,1008.38,65.32,135.42,8,,
L23,알레르기성 접촉피부염,2011-03,121854.0,193966.0,189738.0,2327678.0,1859019.0,4.57,-0.8,10.33,11.13,24.8,0.0,0.0,52.07,25.29,1008.08,64.8,265.38,4,,
L23,알레르기성 접촉피부염,2011-04,121581.0,193442.0,189448.0,2320982.0,1853864.0,11.09,5.11,17.21,12.1,26.7,0.0,0.0,59.35,113.75,1001.66,56.56,99.4,4,,
L23,알레르기성 접촉피부염,2011-05,138204.0,215847.0,211274.0,2606685.0,2080343.0,17.08,12.08,22.53,10.44,24.0,0.0,0.0,66.78,126.03,998.86,74.0,269.72,10,,
L23,알레르기성 접촉피부염,2011-06,154537.0,234470.0,229680.0,2829958.0,2262219.0,21.69,17.43,26.8,9.36,19.8,0.0,0.02,73.79,281.59,994.88,44.59,76.24,0,,
L23,알레르기성 접촉피부염,2011-07,164089.0,248944.0,243373.0,2992163.0,2401414.0,24.93,22.01,28.8,6.79,16.1,0.0,0.08,82.07,462.82,994.3,29.49,66.6,0,,
L23,알레르기성 접촉피부염,2011-08,169600.0,257546.0,251792.0,3095637.0,2485744.0,24.96,22.08,28.96,6.87,14.9,0.0,0.08,82.18,280.06,996.64,30.26,50.87,0,,
L23,알레르기성 접촉피부염,2011-09,155176.0,235644.0,230914.0,2829844.0,2273796.0,20.92,16.72,26.2,9.48,21.8,0.0,0.03,73.37,76.07,1000.12,34.82,60.4,0,,
L23,알레르기성 접촉피부염,2011-10,129661.0,200657.0,197336.0,2401649.0,1939913.0,13.82,8.59,20.14,11.55,23.2,0.0,0.0,68.95,55.46,1007.3,47.56,70.02,0,,
L23,알레르기성 접촉피부염,2011-11,121901.0,190424.0,186953.0,2271485.0,1833824.0,11.01,6.86,15.97,9.11,20.6,0.0,0.0,70.85,117.67,1009.61,41.58,85.48,1,,
L23,알레르기성 접촉피부염,2011-12,122187.0,190972.0,190494.0,2275799.0,1840024.0,0.86,-3.4,5.57,8.97,23.3,0.06,0.0,59.14,19.72,1013.22,38.54,76.03,0,,
L23,알레르기성 접촉피부염,2012-01,115781.0,177718.0,177362.0,2163116.0,1753944.0,-0.99,-5.43,3.9,9.33,22.1,0.12,0.0,58.59,18.17,1011.59,51.46,111.02,2,,
L23,알레르기성 접촉피부염,2012-02,116118.0,176576.0,176389.0,2155217.0,1744788.0,-0.67,-5.54,4.67,10.21,24.3,0.12,0.0,55.34,15.71,1009.66,47.49,97.92,1,,
L23,알레르기성 접촉피부염,2012-03,126965.0,197880.0,197491.0,2421063.0,1959493.0,5.64,1.03,10.56,9.52,24.0,0.0,0.0,60.89,93.72,1006.22,51.53,140.08,2,,
L23,알레르기성 접촉피부염,2012-04,131042.0,200881.0,200601.0,2480334.0,2007560.0,12.47,6.62,18.58,11.96,26.6,0.0,0.0,60.29,139.37,1000.79,50.5,104.39,4,,
L23,알레르기성 접촉피부염,2012-05,164201.0,251683.0,251321.0,3102708.0,2500905.0,18.12,12.79,24.28,11.48,23.4,0.0,0.0,63.61,41.9,998.9,58.65,111.89,4,,
L23,알레르기성 접촉피부염,2012-06,171328.0,256533.0,256140.0,3150263.0,2546308.0,21.83,17.74,26.93,9.19,18.9,0.0,0.01,71.8,76.82,995.41,39.35,70.22,0,,
L23,알레르기성 접촉피부염,2012-07,182425.0,271721.0,271451.0,3330019.0,2694139.0,25.24,21.88,29.45,7.57,16.4,0.0,0.18,80.73,291.53,994.07,26.6,53.64,0,,
L23,알레르기성 접촉피부염,2012-08,179377.0,267199.0,267006.0,3264376.0,2642445.0,26.22,22.94,30.43,7.49,18.2,0.0,0.24,79.18,411.2,996.61,23.66,45.18,0,,
L23,알레르기성 접촉피부염,2012-09,144836.0,218944.0,218805.0,2679346.0,2168530.0,20.04,16.1,25.08,8.98,18.7,0.0,0.0,78.17,255.58,1001.15,34.0,79.18,0,,
L23,알레르기성 접촉피부염,2012-10,149866.0,228675.0,228345.0,2817226.0,2280416.0,14.34,8.89,20.93,12.04,22.9,0.0,0.0,68.84,55.53,1005.52,35.79,55.52,0,,
L23,알레르기성 접촉피부염,2012-11,127759.0,196645.0,196455.0,2399292.0,1941254.0,6.7,2.15,11.76,9.62,22.0,0.0,0.0,63.55,57.96,1005.93,42.89,109.03,3,,
L23,알레르기성 접촉피부염,2012-12,115495.0,175397.0,175303.0,2145278.0,1734334.0,-1.38,-5.64,3.27,8.9,23.9,0.15,0.0,65.81,67.07,1009.93,38.73,66.0,0,,
L23,알레르기성 접촉피부염,2013-01,123869.0,189185.0,189055.0,2360886.0,1912014.0,-1.79,-6.5,3.38,9.88,23.4,0.19,0.0,64.03,27.71,1011.95,55.97,152.15,5,,
L23,알레르기성 접촉피부염,2013-02,120648.0,179374.0,179322.0,2244855.0,1819111.0,0.81,-3.99,5.85,9.85,24.4,0.07,0.0,58.13,52.03,1010.65,45.09,85.8,1,,
L23,알레르기성 접촉피부염,2013-03,132517.0,202356.0,202226.0,2548811.0,2060296.0,6.58,0.36,13.42,13.05,29.2,0.0,0.0,58.45,62.93,1004.2,52.46,143.47,3,,
L23,알레르기성 접촉피부염,2013-04,141659.0,218360.0,218082.0,2752397.0,2222926.0,10.19,4.38,16.18,11.8,28.7,0.0,0.0,60.04,76.95,1000.38,53.16,144.42,2,,
L23,알레르기성 접촉피부염,2013-05,173727.0,263213.0,262979.0,3339921.0,2692828.0,17.59,11.9,23.86,11.96,25.1,0.0,0.01,66.71,133.28,999.3,55.32,107.91,3,,
L23,알레르기성 접촉피부염,2013-06,181916.0,266404.0,266271.0,3371790.0,2725255.0,22.27,18.33,27.27,8.94,20.2,0.0,0.01,75.99,101.82,995.9,41.31,67.49,0,,
L23,알레르기성 접촉피부염,2013-07,204298.0,305245.0,305100.0,3833912.0,3107876.0,26.03,23.08,29.89,6.81,15.6,0.0,0.12,81.17,297.67,994.01,32.25,84.67,1,,
L23,알레르기성 접촉피부염,2013-08,205474.0,304240.0,304124.0,3839243.0,3109587.0,27.04,23.25,32.03,8.77,17.1,0.0,0.4,77.8,158.83,994.95,34.84,64.25,0,,
L23,알레르기성 접촉피부염,2013-09,169239.0,245968.0,245798.0,3111547.0,2513258.0,21.03,16.91,26.25,9.34,19.5,0.0,0.0,76.49,112.9,1002.52,32.75,81.3,1,,
L23,알레르기성 접촉피부염,2013-10,171531.0,257925.0,257743.0,3329877.0,2702163.0,15.41,10.44,21.52,11.08,22.3,0.0,0.0,71.9,57.34,1006.96,34.5,60.86,0,,
L23,알레르기성 접촉피부염,2013-11,138190.0,209064.0,208915.0,2698914.0,2190254.0,7.17,2.45,12.61,10.17,19.5,0.0,0.0,66.53,61.88,1006.94,41.19,78.27,0,,
L23,알레르기성 접촉피부염,2013-12,131775.0,200969.0,200843.0,2570350.0,2088107.0,1.61,-2.75,6.5,9.25,21.0,0.03,0.0,65.02,22.08,1008.32,46.82,102.55,3,,
L23,알레르기성 접촉피부염,2014-01,133946.0,202239.0,201827.0,2644423.0,2104203.0,0.64,-4.6,6.36,10.96,25.6,0.06,0.0,58.1,13.86,1011.15,54.36,116.93,3,,
L23,알레르기성 접촉피부염,2014-02,126884.0,188554.0,188432.0,2462851.0,1950679.0,2.55,-2.0,7.82,9.82,22.1,0.01,0.0,64.05,32.95,1011.17,56.51,139.72,7,,
L23,알레르기성 접촉피부염,2014-03,143919.0,218457.0,218179.0,2892409.0,2292179.0,7.59,2.15,13.34,11.19,24.3,0.0,0.0,62.0,82.3,1006.59,55.51,128.39,3,,
L23,알레르기성 접촉피부염,2014-04,161223.0,244102.0,243731.0,3226167.0,2554464.0,13.16,7.44,19.59,12.14,26.9,0.0,0.0,59.9,86.98,1004.14,54.72,99.35,2,,
L23,알레르기성 접촉피부염,2014-05,185875.0,277661.0,277364.0,3719697.0,2943962.0,18.11,11.97,24.7,12.73,25.2,0.0,0.03,60.41,67.73,998.6,64.17,163.21,6,,
L23,알레르기성 접촉피부염,2014-06,188407.0,274471.0,274273.0,3669744.0,2904910.0,21.51,17.67,26.42,8.75,19.5,0.0,0.01,74.66,79.35,994.41,40.82,100.38,1,,
L23,알레르기성 접촉피부염,2014-07,206727.0,304808.0,304467.0,4021333.0,3193747.0,24.75,21.17,29.36,8.19,19.3,0.0,0.13,78.58,167.06,995.34,35.9,83.56,1,,
L23,알레르기성 접촉피부염,2014-08,184385.0,268009.0,267727.0,3559540.0,2831081.0,23.59,20.72,27.48,6.76,15.9,0.0,0.03,83.08,393.94,996.03,28.93,75.76,0,,
L23,알레르기성 접촉피부염,2014-09,187174.0,275811.0,275529.0,3667407.0,2908353.0,20.75,16.43,26.27,9.84,19.8,0.0,0.0,76.99,119.88,1001.09,32.08,53.27,0,,
L23,알레르기성 접촉피부염,2014-10,169675.0,254760.0,254502.0,3349214.0,2646248.0,14.83,9.58,21.12,11.54,24.2,0.0,0.0,72.3,113.95,1006.9,37.67,74.01,0,,
L23,알레르기성 접촉피부염,2014-11,135856.0,203768.0,203510.0,2682300.0,2121491.0,8.91,4.22,14.47,10.25,20.9,0.0,0.0,69.73,60.74,1008.38,38.68,59.2,0,,
L23,알레르기성 접촉피부염,2014-12,139875.0,211294.0,210954.0,2761792.0,2188053.0,-0.25,-4.67,4.58,9.25,19.4,0.06,0.0,61.57,27.83,1010.31,38.06,107.27,2,,
L23,알레르기성 접촉피부염,2015-01,139429.0,210303.0,210028.0,2845228.0,2255652.0,0.72,-3.72,5.65,9.37,20.0,0.04,0.0,64.11,30.7,1010.61,48.74,86.16,1,,
L23,알레르기성 접촉피부염,2015-02,131446.0,192138.0,191836.0,2603220.0,2061066.0,2.12,-2.42,7.25,9.67,23.9,0.02,0.0,61.39,28.65,1008.65,69.15,312.54,7,,
L23,알레르기성 접촉피부염,2015-03,157781.0,237857.0,237615.0,3233905.0,2555608.0,6.72,0.6,13.32,12.72,25.4,0.0,0.0,53.27,45.08,1007.98,67.61,148.68,9,,
L23,알레르기성 접촉피부염,2015-04,161387.0,242036.0,241843.0,3291779.0,2598667.0,12.56,7.26,18.42,11.16,26.3,0.0,0.0,66.37,133.96,1003.39,45.62,83.36,1,,
L23,알레르기성 접촉피부염,2015-05,186382.0,278168.0,277809.0,3841248.0,3022082.0,18.33,12.15,24.84,12.69,25.4,0.0,0.01,60.29,69.74,997.37,47.89,101.84,1,,
L23,알레르기성 접촉피부염,2015-06,181392.0,268444.0,268316.0,3598401.0,2853127.0,21.33,16.89,26.65,9.76,24.2,0.0,0.02,72.42,102.93,995.02,44.2,89.52,1,30.28,52.04
L23,알레르기성 접촉피부염,2015-07,205985.0,301108.0,300922.0,4080415.0,3229942.0,24.12,20.74,28.43,7.69,17.2,0.0,0.1,79.67,186.97,995.04,35.26,82.22,1,22.16,56.73
L23,알레르기성 접촉피부염,2015-08,196669.0,284353.0,284163.0,3877257.0,3065687.0,24.98,21.19,30.0,8.8,18.0,0.0,0.17,79.41,119.46,996.37,35.78,69.88,0,25.37,65.89
L23,알레르기성 접촉피부염,2015-09,176819.0,256958.0,256591.0,3485309.0,2748799.0,20.27,15.58,25.99,10.41,21.7,0.0,0.0,74.55,69.41,1001.67,29.05,50.61,0,22.25,46.31
L23,알레르기성 접촉피부염,2015-10,177350.0,262323.0,262164.0,3553160.0,2804388.0,14.95,9.63,21.48,11.84,23.9,0.0,0.0,69.42,64.8,1005.91,47.68,111.92,4,41.61,119.67
L23,알레르기성 접촉피부염,2015-11,139704.0,208430.0,208288.0,2818969.0,2225280.0,10.17,6.74,14.23,7.49,23.5,0.0,0.0,79.52,131.46,1010.17,40.04,90.85,3,37.77,91.87
L23,알레르기성 접촉피부염,2015-12,145061.0,217978.0,217854.0,2935620.0,2321922.0,3.71,-0.39,8.33,8.73,20.0,0.01,0.0,69.42,44.92,1011.77,46.68,85.95,1,43.82,79.75
L23,알레르기성 접촉피부염,2016-01,140538.0,206617.0,206440.0,2893876.0,2287752.0,-0.69,-4.86,3.94,8.79,20.8,0.11,0.0,61.48,30.66,1011.06,46.38,77.1,0,35.48,84.29
L23,알레르기성 접촉피부염,2016-02,140051.0,203906.0,203776.0,2859864.0,2260093.0,1.88,-2.96,7.11,10.07,23.9,0.03,0.0,58.26,50.92,1010.8,43.41,77.09,0,29.07,70.08
L23,알레르기성 접촉피부염,2016-03,158155.0,236977.0,236791.0,3340024.0,2636850.0,7.17,1.66,13.17,11.51,25.5,0.0,0.0,60.45,62.1,1008.36,59.6,120.08,3,35.3,56.25
L23,알레르기성 접촉피부염,2016-04,166988.0,246969.0,246747.0,3518274.0,2767480.0,13.66,8.15,20.0,11.85,27.0,0.0,0.0,65.29,163.52,1000.94,66.56,210.05,5,31.56,73.25
L23,알레르기성 접촉피부염,2016-05,191425.0,281704.0,281503.0,3981666.0,3127712.0,18.33,12.31,24.78,12.47,25.5,0.0,0.0,64.58,103.36,999.3,52.43,107.01,3,26.83,52.44
L23,알레르기성 접촉피부염,2016-06,200922.0,288467.0,288326.0,4066193.0,3200291.0,22.01,17.9,26.91,9.01,21.9,0.0,0.01,75.63,77.95,995.67,45.05,67.56,0,26.24,40.54
L23,알레르기성 접촉피부염,2016-07,211229.0,301873.0,301527.0,4257457.0,3353333.0,25.21,21.89,29.54,7.66,15.9,0.0,0.16,82.7,284.24,996.06,30.0,53.8,0,17.4,29.82
L23,알레르기성 접촉피부염,2016-08,217554.0,312592.0,312377.0,4368731.0,3444246.0,26.45,22.3,31.83,9.52,19.2,0.0,0.52,75.53,83.32,993.83,39.1,65.65,0,22.77,42.43
L23,알레르기성 접촉피부염,2016-09,188942.0,269540.0,269405.0,3782302.0,2978025.0,21.48,18.02,26.04,8.02,18.2,0.0,0.0,81.66,207.23,1000.99,41.34,66.61,0,23.83,36.89
L23,알레르기성 접촉피부염,2016-10,181653.0,266523.0,266336.0,3745958.0,2958769.0,15.8,11.98,20.67,8.68,20.3,0.0,0.0,77.84,155.11,1006.22,44.66,100.52,2,23.92,61.44
L23,알레르기성 접촉피부염,2016-11,159039.0,234317.0,233976.0,3295374.0,2601422.0,7.97,3.18,13.35,10.18,21.5,0.0,0.0,68.78,36.42,1009.61,51.18,86.23,2,30.57,65.06
L23,알레르기성 접촉피부염,2016-12,151274.0,224418.0,224297.0,3149073.0,2487034.0,3.26,-1.41,8.41,9.82,22.8,0.01,0.0,66.92,67.15,1010.95,43.78,75.88,0,29.21,61.17
L23,알레르기성 접촉피부염,2017-01,143849.0,208555.0,208443.0,2992722.0,2371292.0,0.27,-4.53,5.6,10.13,23.2,0.1,0.0,61.54,16.85,1011.27,49.39,89.3,3,28.39,61.19
L23,알레르기성 접촉피부염,2017-02,150052.0,216967.0,216851.0,3140062.0,2490204.0,1.74,-3.65,7.39,11.04,24.9,0.02,0.0,57.58,33.29,1009.36,44.13,85.1,1,24.54,61.54
L23,알레르기성 접촉피부염,2017-03,165552.0,246352.0,246217.0,3576079.0,2826487.0,6.22,0.55,12.5,11.95,25.1,0.0,0.0,57.94,25.37,1006.28,58.79,99.58,1,34.48,69.85
L23,알레르기성 접촉피부염,2017-04,164863.0,240364.0,240198.0,3522786.0,2774637.0,13.67,7.66,20.1,12.45,26.5,0.0,0.0,60.14,72.14,1000.34,57.84,123.4,3,25.03,47.81
L23,알레르기성 접촉피부염,2017-05,202105.0,297521.0,297331.0,4372387.0,3439317.0,18.46,12.28,25.11,12.83,25.7,0.0,0.02,61.79,30.87,999.82,63.27,237.67,6,23.8,52.5
L23,알레르기성 접촉피부염,2017-06,198042.0,284335.0,284021.0,4187686.0,3295646.0,21.52,16.37,27.53,11.16,22.1,0.0,0.05,68.02,57.39,996.35,41.29,65.96,0,22.96,36.56
L23,알레르기성 접촉피부염,2017-07,223553.0,319226.0,319062.0,4662340.0,3680896.0,26.25,23.13,30.43,7.3,18.7,0.0,0.19,83.6,281.34,995.76,33.03,52.57,0,19.21,33.41
L23,알레르기성 접촉피부염,2017-08,215708.0,307546.0,307346.0,4483342.0,3544507.0,25.32,21.77,29.86,8.08,17.5,0.0,0.18,80.61,238.53,995.52,27.87,48.7,0,14.57,28.66
L23,알레르기성 접촉피부염,2017-09,202513.0,294648.0,294398.0,4303208.0,3403575.0,20.47,15.75,26.15,10.4,22.6,0.0,0.0,75.75,96.26,1000.51,39.77,75.53,0,22.16,45.73
L23,알레르기성 접촉피부염,2017-10,171555.0,243957.0,243826.0,3645411.0,2871439.0,15.25,10.84,20.83,9.99,22.6,0.0,0.0,74.84,74.33,1007.67,38.13,76.65,0,19.35,46.46
L23,알레르기성 접촉피부염,2017-11,163950.0,238426.0,238332.0,3488354.0,2757374.0,6.91,1.4,13.01,11.61,23.9,0.0,0.0,62.36,12.39,1009.35,46.43,81.06,1,25.28,49.64
L23,알레르기성 접촉피부염,2017-12,147899.0,214208.0,214075.0,3124136.0,2473430.0,0.01,-4.76,5.1,9.86,23.8,0.07,0.0,58.99,23.31,1011.77,44.25,102.66,2,26.28,74.24
L23,알레르기성 접촉피부염,2018-01,147537.0,213792.0,213662.0,3252182.0,2655378.0,-1.87,-6.19,3.1,9.29,23.7,0.17,0.0,59.4,24.79,1010.0,51.65,102.53,5,30.77,73.72
L23,알레르기성 접촉피부염,2018-02,146206.0,205444.0,205268.0,3115568.0,2550636.0,-0.09,-5.54,5.68,11.22,25.8,0.12,0.0,51.67,34.83,1009.56,49.58,78.12,0,26.82,48.39
L23,알레르기성 접촉피부염,2018-03,165361.0,242185.0,242072.0,3721219.0,3037101.0,8.03,2.42,14.11,11.69,25.3,0.0,0.0,68.31,112.29,1007.03,47.45,95.74,3,28.22,66.85
L23,알레르기성 접촉피부염,2018-04,181114.0,262255.0,262112.0,4039110.0,3290656.0,13.15,7.26,19.36,12.11,26.9,0.0,0.0,64.13,139.6,1002.91,51.14,90.59,2,21.44,41.99
L23,알레르기성 접촉피부염,2018-05,206606.0,298509.0,298299.0,4601303.0,3746731.0,17.59,12.47,23.09,10.62,25.0,0.0,0.0,72.58,132.57,999.26,41.91,88.94,2,19.45,35.57
L23,알레르기성 접촉피부염,2018-06,212043.0,299399.0,299293.0,4613434.0,3767031.0,21.92,17.34,27.43,10.09,21.8,0.0,0.05,72.46,146.87,995.85,36.21,56.36,0,21.35,37.25
L23,알레르기성 접촉피부염,2018-07,238049.0,335877.0,335739.0,5135842.0,4200022.0,26.54,22.64,31.35,8.71,17.3,0.0,0.46,78.08,168.34,996.66,23.09,40.3,0,12.8,26.67
L23,알레르기성 접촉피부염,2018-08,214533.0,303630.0,303390.0,4645024.0,3794945.0,27.04,23.18,31.97,8.79,19.6,0.0,0.43,76.96,292.87,995.49,23.72,35.77,0,12.85,20.92
L23,알레르기성 접촉피부염,2018-09,182452.0,256254.0,256101.0,3975372.0,3251428.0,20.34,16.27,25.19,8.93,19.2,0.0,0.0,77.19,152.21,1000.97,22.11,39.58,0,9.67,19.35
L23,알레르기성 접촉피부염,2018-10,195204.0,283366.0,283163.0,4344688.0,3554030.0,13.05,8.03,19.11,11.08,21.4,0.0,0.0,71.8,166.57,1005.98,31.75,65.8,0,15.71,37.33
L23,알레르기성 접촉피부염,2018-11,160912.0,234602.0,234522.0,3590376.0,2932641.0,8.17,3.15,14.46,11.31,22.7,0.0,0.0,70.27,47.73,1010.42,59.81,145.15,5,34.91,79.43
L23,알레르기성 접촉피부염,2018-12,156496.0,226376.0,226193.0,3472974.0,2838991.0,1.4,-3.13,6.51,9.64,21.5,0.08,0.0,60.0,32.32,1013.34,45.26,90.28,2,25.53,66.81
L23,알레르기성 접촉피부염,2019-01,165403.0,241771.0,241551.0,3786760.0,3104446.0,0.44,-4.64,6.22,10.86,21.9,0.06,0.0,55.19,9.5,1012.18,62.48,146.64,5,37.36,114.77
L23,알레르기성 접촉피부염,2019-02,150357.0,211437.0,211352.0,3364270.0,2752944.0,2.49,-2.42,8.04,10.46,20.7,0.01,0.0,58.1,33.64,1010.49,58.37,119.64,3,36.08,85.07
L23,알레르기성 접촉피부염,2019-03,165835.0,241485.0,241400.0,3857783.0,3150907.0,7.41,1.69,13.63,11.95,26.4,0.0,0.0,60.32,42.31,1004.29,67.34,169.14,6,43.31,117.72
L23,알레르기성 접촉피부염,2019-04,184836.0,269037.0,268857.0,4322041.0,3520246.0,11.8,6.09,17.82,11.74,25.8,0.0,0.0,62.93,78.13,1002.46,43.43,88.23,1,22.26,42.97
L23,알레르기성 접촉피부염,2019-05,220988.0,321892.0,321737.0,5185533.0,4219845.0,18.35,11.63,25.24,13.61,26.7,0.0,0.02,58.14,66.77,999.58,52.71,97.81,2,27.67,58.0
L23,알레르기성 접촉피부염,2019-06,205781.0,289056.0,288858.0,4646080.0,3792369.0,21.03,16.48,26.45,9.97,21.8,0.0,0.01,74.83,153.17,995.07,34.02,53.02,0,22.48,37.58
L23,알레르기성 접촉피부염,2019-07,240440.0,341655.0,341474.0,5450852.0,4459982.0,24.51,21.24,28.68,7.45,19.5,0.0,0.08,80.88,235.29,994.41,26.45,49.1,0,17.02,37.26
L23,알레르기성 접촉피부염,2019-08,237015.0,332854.0,332708.0,5320688.0,4351148.0,25.92,22.16,30.65,8.49,15.4,0.0,0.26,79.44,143.15,995.29,28.76,52.0,0,17.45,38.33
L23,알레르기성 접촉피부염,2019-09,211800.0,296477.0,296415.0,4740575.0,3874998.0,21.59,17.95,26.29,8.34,18.9,0.0,0.0,81.7,237.35,1002.8,26.83,60.44,0,14.32,41.58
L23,알레르기성 접촉피부염,2019-10,203693.0,293560.0,293532.0,4670272.0,3825872.0,15.7,11.03,21.3,10.27,21.3,0.0,0.0,75.17,164.45,1006.54,38.65,83.11,1,19.95,37.4
L23,알레르기성 접촉피부염,2019-11,168090.0,243430.0,243283.0,3911227.0,3201622.0,8.82,3.57,15.12,11.54,22.9,0.0,0.0,69.27,54.24,1009.95,45.76,87.3,1,24.44,48.18
L23,알레르기성 접촉피부염,2019-12,164558.0,239199.0,239124.0,3799222.0,3113341.0,2.97,-1.54,8.16,9.69,22.9,0.01,0.0,65.83,29.54,1012.46,42.49,89.34,1,28.77,61.88
L23,알레르기성 접촉피부염,2020-01,160805.0,231167.0,231031.0,3767048.0,3082595.0,2.92,-0.96,7.67,8.64,19.6,0.0,0.0,68.41,84.56,1010.27,45.96,80.29,0,31.69,62.0
L23,알레르기성 접촉피부염,2020-02,150137.0,216243.0,216201.0,3512264.0,2873578.0,3.74,-1.12,9.13,10.26,23.2,0.02,0.0,67.05,58.97,1011.66,44.64,88.55,2,30.11,67.05
L23,알레르기성 접촉피부염,2020-03,164743.0,242604.0,242548.0,3917149.0,3214511.0,7.9,1.92,14.04,12.12,24.8,0.0,0.0,60.73,33.14,1005.23,48.45,85.07,1,26.43,64.21
L23,알레르기성 접촉피부염,2020-04,176575.0,256520.0,256495.0,4184271.0,3429335.0,10.73,4.57,17.09,12.52,26.1,0.0,0.0,55.96,43.24,1004.91,45.17,83.12,2,20.39,32.54
L23,알레르기성 접촉피부염,2020-05,223777.0,324185.0,324069.0,5358116.0,4373220.0,17.54,12.68,23.06,10.39,22.8,0.0,0.0,72.78,108.66,998.48,35.78,75.82,0,19.42,31.49
L23,알레르기성 접촉피부염,2020-06,255202.0,359163.0,359129.0,5872409.0,4802916.0,22.59,18.2,27.84,9.64,22.5,0.0,0.06,75.68,192.17,994.65,35.14,61.11,0,19.55,32.44
L23,알레르기성 접촉피부염,2020-07,222453.0,316785.0,316732.0,5172712.0,4229348.0,22.55,19.7,26.27,6.56,16.2,0.0,0.0,86.23,411.05,995.36,22.23,42.09,0,12.92,29.12
L23,알레르기성 접촉피부염,2020-08,239904.0,333880.0,333803.0,5503623.0,4498834.0,26.53,23.58,30.56,6.98,16.1,0.0,0.19,85.22,399.13,997.42,24.21,39.74,0,13.33,26.84
L23,알레르기성 접촉피부염,2020-09,209032.0,300119.0,300011.0,4870516.0,3992148.0,20.26,16.52,24.99,8.47,19.0,0.0,0.0,80.4,230.87,1000.01,24.78,44.3,0,13.18,24.9
L23,알레르기성 접촉피부염,2020-10,185825.0,263026.0,262926.0,4308560.0,3532592.0,13.98,8.81,20.19,11.38,21.5,0.0,0.0,68.96,13.47,1008.18,39.42,73.16,0,20.33,44.45
L23,알레르기성 접촉피부염,2020-11,163365.0,234617.0,234466.0,3841212.0,3144838.0,8.88,3.92,14.45,10.53,23.1,0.0,0.0,65.6,40.57,1012.12,42.58,83.79,1,25.33,58.03
L23,알레르기성 접촉피부염,2020-12,162091.0,235044.0,234907.0,3830970.0,3141540.0,0.87,-3.78,6.36,10.15,19.3,0.06,0.0,60.61,10.76,1013.13,42.41,79.2,0,27.34,58.99
L23,알레르기성 접촉피부염,2021-01,147348.0,209641.0,209600.0,3503930.0,2877449.0,-0.54,-5.61,4.87,10.48,22.5,0.17,0.0,63.55,24.77,1011.44,44.71,103.5,2,24.86,42.83
L23,알레르기성 접촉피부염,2021-02,148314.0,208205.0,208122.0,3461248.0,2845270.0,3.78,-1.65,9.69,11.35,27.4,0.01,0.0,58.52,22.54,1008.4,52.24,95.49,5,31.66,76.72
L23,알레르기성 접촉피부염,2021-03,174887.0,254454.0,254395.0,4291981.0,3519431.0,8.91,3.45,14.91,11.46,24.2,0.0,0.0,67.6,113.02,1007.2,79.25,488.35,8,34.77,82.85
L23,알레르기성 접촉피부염,2021-04,189913.0,271238.0,271109.0,4572810.0,3742261.0,13.25,7.48,19.31,11.83,24.9,0.0,0.0,58.99,77.17,1006.17,47.13,87.21,2,20.69,39.47
L23,알레르기성 접촉피부염,2021-05,202401.0,286822.0,286663.0,4870176.0,3972179.0,16.74,11.61,22.25,10.64,23.4,0.0,0.0,71.03,139.1,997.42,63.56,415.67,5,22.34,88.09
L23,알레르기성 접촉피부염,2021-06,242236.0,331531.0,331458.0,5575954.0,4553350.0,21.77,17.62,26.75,9.14,20.8,0.0,0.0,77.55,97.12,996.29,35.11,59.05,0,20.78,31.83
L23,알레르기성 접촉피부염,2021-07,253129.0,351045.0,350998.0,5927612.0,4845649.0,26.07,22.34,30.77,8.43,16.1,0.0,0.26,80.78,236.44,996.83,23.76,48.44,0,13.41,33.59
L23,알레르기성 접촉피부염,2021-08,228834.0,313884.0,313753.0,5264254.0,4301976.0,24.94,21.71,29.34,7.63,15.6,0.0,0.12,83.03,287.8,996.98,23.16,41.28,0,12.85,29.58
L23,알레르기성 접촉피부염,2021-09,222089.0,304837.0,304564.0,5183841.0,4238390.0,21.54,17.95,25.99,8.04,15.3,0.0,0.0,80.68,158.26,1001.79,18.51,28.44,0,8.9,16.16
L23,알레르기성 접촉피부염,2021-10,212116.0,296090.0,295942.0,5021803.0,4112001.0,15.45,10.82,21.38,10.56,21.0,0.0,0.0,76.1,54.89,1008.97,32.51,52.8,0,16.96,31.92
L23,알레르기성 접촉피부염,2021-11,170359.0,241987.0,241952.0,4025657.0,3301536.0,8.68,3.75,14.82,11.07,22.0,0.0,0.0,70.08,56.49,1007.15,44.31,106.04,2,24.99,76.14
L23,알레르기성 접촉피부염,2021-12,166409.0,235928.0,235907.0,3892537.0,3200406.0,2.35,-2.49,7.84,10.33,20.4,0.05,0.0,63.85,10.09,1011.76,42.72,92.94,1,26.03,60.41
L23,알레르기성 접촉피부염,2022-01,158263.0,223498.0,223334.0,3828562.0,3157648.0,-0.3,-5.3,5.32,10.63,22.4,0.09,0.0,57.01,4.5,1011.48,45.28,99.93,2,30.3,78.42
L23,알레르기성 접촉피부염,2022-02,148477.0,205836.0,205704.0,3570271.0,2939139.0,0.32,-4.88,5.93,10.81,23.5,0.06,0.0,52.02,4.57,1012.35,43.52,98.52,3,27.8,77.25
L23,알레르기성 접촉피부염,2022-03,154171.0,217301.0,217291.0,3777272.0,3110443.0,7.9,2.29,13.84,11.54,23.7,0.0,0.0,64.98,91.99,1004.99,47.08,100.94,2,25.31,48.17
L23,알레르기성 접촉피부염,2022-04,183749.0,256183.0,256086.0,4488022.0,3684979.0,13.81,7.67,20.38,12.72,25.0,0.0,0.0,60.53,60.47,1004.74,45.16,156.52,1,21.83,35.7
L23,알레르기성 접촉피부염,2022-05,214346.0,300878.0,300890.0,5257352.0,4313430.0,18.05,11.69,24.6,12.91,24.5,0.0,0.01,58.29,6.07,1000.41,34.82,58.75,0,17.23,32.95
L23,알레르기성 접촉피부염,2022-06,217299.0,295210.0,295172.0,5170641.0,4247897.0,22.34,18.38,27.09,8.71,23.1,0.0,0.05,76.47,180.74,995.9,22.86,38.95,0,11.41,22.52
L23,알레르기성 접촉피부염,2022-07,237732.0,324570.0,324492.0,5670755.0,4661624.0,25.99,22.59,30.33,7.73,16.6,0.0,0.2,81.65,184.25,994.37,25.53,41.38,0,14.66,27.3
L23,알레르기성 접촉피부염,2022-08,234744.0,320719.0,320661.0,5582686.0,4592103.0,25.44,22.33,29.29,6.96,18.2,0.0,0.11,83.12,280.77,995.75,18.85,28.62,0,8.91,16.69
L23,알레르기성 접촉피부염,2022-09,211140.0,290323.0,290276.0,5056793.0,4161350.0,21.13,16.91,26.38,9.47,22.4,0.0,0.01,77.04,157.82,1001.15,26.57,50.21,0,13.73,35.64
L23,알레르기성 접촉피부염,2022-10,191915.0,266712.0,266586.0,4667979.0,3843943.0,14.21,9.25,20.22,10.97,24.3,0.0,0.0,72.53,76.72,1009.32,34.23,60.12,0,19.27,42.75
L23,알레르기성 접촉피부염,2022-11,163802.0,230254.0,230132.0,4016678.0,3305774.0,9.99,4.41,16.74,12.33,23.8,0.0,0.0,68.1,62.27,1008.75,46.78,92.22,2,27.94,66.92
L23,알레르기성 접촉피부염,2022-12,162827.0,227716.0,227672.0,3950763.0,3256221.0,-0.76,-5.27,4.33,9.6,21.1,0.11,0.0,61.79,17.02,1011.5,38.29,113.42,1,22.24,36.61
L23,알레르기성 접촉피부염,2023-01,154151.0,212363.0,212352.0,3763483.0,3099798.0,-0.06,-5.14,5.56,10.7,25.8,0.11,0.0,62.69,44.95,1011.53,51.29,149.56,4,27.61,89.0
L23,알레르기성 접촉피부염,2023-02,157358.0,216309.0,216293.0,3875033.0,3187316.0,2.86,-2.33,8.75,11.09,25.7,0.0,0.0,60.9,19.36,1012.66,53.91,107.32,4,35.06,77.85
L23,알레르기성 접촉피부염,2023-03,179933.0,252756.0,252727.0,4549128.0,3734132.0,9.51,3.01,16.52,13.51,25.7,0.0,0.0,56.49,30.92,1007.87,70.44,140.77,8,29.72,56.32
L23,알레르기성 접촉피부염,2023-04,180577.0,249666.0,249628.0,4534529.0,3711666.0,13.18,7.27,19.08,11.8,26.1,0.0,0.0,63.03,70.46,1002.92,75.03,306.24,8,25.07,84.74
L23,알레르기성 접촉피부염,2023-05,211589.0,293590.0,293530.0,5337215.0,4367771.0,17.89,12.53,23.56,11.02,26.7,0.0,0.01,70.56,201.29,1001.52,40.44,160.02,2,18.52,35.59
L23,알레르기성 접촉피부염,2023-06,233591.0,316773.0,316750.0,5699565.0,4674670.0,22.34,18.03,27.45,9.42,18.8,0.0,0.03,75.66,203.27,995.74,28.16,41.52,0,16.42,24.93
L23,알레르기성 접촉피부염,2023-07,241185.0,326470.0,326467.0,5937250.0,4861245.0,25.55,22.49,29.63,7.13,16.0,0.0,0.14,85.64,483.87,996.49,24.37,50.19,0,13.8,34.94
L23,알레르기성 접촉피부염,2023-08,244219.0,329342.0,329304.0,5935730.0,4868972.0,26.5,23.09,30.97,7.88,15.2,0.0,0.3,81.64,292.99,994.21,24.84,36.55,0,13.61,23.92
L23,알레르기성 접촉피부염,2023-09,222705.0,301866.0,301743.0,5447515.0,4467531.0,22.73,19.25,27.31,8.06,18.5,0.0,0.0,81.67,193.0,1001.37,24.84,46.25,0,13.31,29.29
L23,알레르기성 접촉피부염,2023-10,211744.0,291703.0,291627.0,5290524.0,4344217.0,15.03,9.94,21.36,11.42,22.3,0.0,0.0,72.15,16.35,1006.84,33.9,53.61,0,17.48,34.21
L23,알레르기성 접촉피부염,2023-11,176397.0,242732.0,242672.0,4364470.0,3585604.0,8.34,3.31,13.85,10.54,23.1,0.0,0.0,65.65,65.1,1009.04,32.71,88.83,1,18.39,43.56
L23,알레르기성 접촉피부염,2023-12,158381.0,217295.0,217205.0,3924378.0,3219092.0,2.82,-1.59,7.72,9.31,24.2,0.05,0.0,70.62,102.05,1011.96,40.95,86.45,1,25.71,63.86
L23,알레르기성 접촉피부염,2024-01,166147.0,230933.0,230904.0,4255692.0,3497948.0,1.32,-2.94,6.1,9.04,22.0,0.04,0.0,67.25,35.3,1012.14,39.26,86.36,1,27.15,60.07
L23,알레르기성 접촉피부염,2024-02,155666.0,212192.0,212152.0,3895478.0,3205197.0,4.43,0.44,9.04,8.6,23.0,0.0,0.0,75.76,110.19,1011.72,36.49,91.17,1,25.69,70.28
L23,알레르기성 접촉피부염,2024-03,173287.0,240159.0,240055.0,4505496.0,3693536.0,7.11,1.74,12.72,10.99,24.4,0.0,0.0,62.61,68.17,1006.01,50.11,145.58,5,24.3,63.03
L23,알레르기성 접촉피부염,2024-04,205628.0,284612.0,284420.0,5331138.0,4365165.0,14.95,9.51,21.06,11.55,26.5,0.0,0.0,68.48,84.93,1001.96,52.03,140.01,3,24.05,38.31
L23,알레르기성 접촉피부염,2024-05,225813.0,311591.0,311337.0,5830722.0,4772921.0,17.73,11.9,23.96,12.06,27.2,0.0,0.0,67.49,119.52,1001.4,32.19,79.66,0,17.11,36.2
L23,알레르기성 접촉피부염,2024-06,230506.0,308750.0,308527.0,5808987.0,4751972.0,22.68,17.64,28.34,10.7,24.0,0.0,0.1,71.33,145.51,996.37,30.19,50.03,0,17.05,23.56
L23,알레르기성 접촉피부염,2024-07,253842.0,346144.0,345909.0,6469251.0,5302321.0,26.31,23.43,29.98,6.55,15.1,0.0,0.15,83.71,353.5,995.68,18.74,39.2,0,10.08,27.6
L23,알레르기성 접촉피부염,2024-08,241388.0,326960.0,326927.0,6085212.0,4988465.0,28.0,24.22,33.02,8.81,16.6,0.0,0.56,78.96,83.62,995.9,25.45,37.69,0,15.2,24.67
L23,알레르기성 접촉피부염,2024-09,226854.0,305135.0,305044.0,5753385.0,4720697.0,24.81,21.06,29.77,8.71,19.9,0.0,0.21,79.93,249.76,1001.53,20.46,33.15,0,10.78,20.87
L23,알레르기성 접촉피부염,2024-10,207180.0,285860.0,285844.0,5342970.0,4387933.0,16.42,12.23,21.65,9.42,19.9,0.0,0.0,79.41,119.26,1007.87,29.25,60.21,0,16.43,36.53
L23,알레르기성 접촉피부염,2024-11,183979.0,255217.0,255201.0,4779126.0,3922415.0,10.07,5.33,15.81,10.48,21.3,0.0,0.0,71.56,73.07,1009.58,32.89,53.31,0,19.99,36.49
L23,알레르기성 접촉피부염,2024-12,180951.0,251324.0,251203.0,4670830.0,3844137.0,2.26,-2.15,7.26,9.41,19.4,0.01,0.0,60.1,8.16,1010.47,32.43,55.49,0,18.56,33.45
L23,알레르기성 접촉피부염,2025-01,155934.0,213887.0,213803.0,4160315.0,3387012.0,0.25,-4.48,5.72,10.2,21.7,0.05,0.0,63.45,17.67,1011.21,38.81,90.37,1,25.47,70.35
L23,알레르기성 접촉피부염,2025-02,169542.0,231803.0,231782.0,4522618.0,3673346.0,-0.1,-5.1,5.34,10.44,24.3,0.08,0.0,56.48,20.79,1011.22,35.0,68.36,0,19.43,46.18
L23,알레르기성 접촉피부염,2025-03,179189.0,248425.0,248350.0,4879880.0,3950265.0,7.73,2.15,13.76,11.61,26.7,0.0,0.0,61.19,49.18,1006.2,52.07,133.94,4,28.35,50.89
L23,알레르기성 접촉피부염,2025-04,199435.0,275217.0,275096.0,5390595.0,4360039.0,13.11,6.76,19.69,12.93,25.9,0.0,0.0,62.31,69.22,999.94,40.1,64.57,0,21.1,33.95
L23,알레르기성 접촉피부염,2025-05,221015.0,305358.0,305302.0,6019393.0,4857561.0,16.79,11.64,22.39,10.75,22.9,0.0,0.0,72.05,119.36,999.52,30.51,51.16,0,18.05,30.71
K29,위염 및 십이지장염,2010-01,206241.0,300495.0,281525.0,5195841.0,3714966.0,-1.57,-6.4,3.66,10.06,22.5,0.16,0.0,62.75,34.36,1010.25,48.36,98.13,2,,
K29,위염 및 십이지장염,2010-02,200358.0,286319.0,269900.0,4833480.0,3460997.0,2.42,-1.83,7.16,8.99,25.5,0.03,0.0,65.29,86.66,1008.05,41.59,83.52,1,,
K29,위염 및 십이지장염,2010-03,238078.0,355895.0,331679.0,6149864.0,4377618.0,5.41,1.17,9.78,8.61,22.7,0.0,0.0,65.66,97.88,1007.24,59.17,174.83,7,,
K29,위염 및 십이지장염,2010-04,215370.0,317928.0,297118.0,5357745.0,3821396.0,9.71,4.5,15.2,10.7,24.2,0.0,0.0,60.35,99.9,1005.35,49.38,85.89,1,,
K29,위염 및 십이지장염,2010-05,194557.0,285982.0,267708.0,4907845.0,3505491.0,16.84,11.47,22.64,11.16,25.9,0.0,0.0,65.85,125.95,998.81,54.54,136.5,5,,
K29,위염 및 십이지장염,2010-06,190650.0,279798.0,261766.0,4848295.0,3448969.0,22.0,17.26,27.55,10.28,23.4,0.0,0.02,70.07,75.04,997.69,48.66,115.88,2,,
K29,위염 및 십이지장염,2010-07,201452.0,298667.0,278854.0,5242110.0,3730329.0,25.15,22.1,29.25,7.15,14.5,0.0,0.08,80.13,257.87,996.27,31.35,65.41,0,,
K29,위염 및 십이지장염,2010-08,196132.0,286987.0,268127.0,4984962.0,3555606.0,26.69,23.71,30.88,7.17,16.0,0.0,0.24,81.92,364.9,998.8,33.58,62.5,0,,
K29,위염 및 십이지장염,2010-09,201773.0,291818.0,274772.0,4849343.0,3482512.0,21.73,17.95,26.78,8.83,19.5,0.0,0.04,78.23,255.24,1001.24,32.99,83.31,1,,
K29,위염 및 십이지장염,2010-10,202994.0,296174.0,277924.0,4985383.0,3565566.0,14.48,9.7,20.4,10.7,21.5,0.0,0.0,71.84,44.44,1006.16,49.23,91.53,2,,
K29,위염 및 십이지장염,2010-11,198369.0,288554.0,270737.0,4842411.0,3450705.0,7.05,1.42,13.5,12.07,22.5,0.0,0.0,60.37,11.95,1008.07,71.32,167.89,7,,
K29,위염 및 십이지장염,2010-12,225188.0,326571.0,305960.0,5357048.0,3814975.0,1.04,-3.8,6.38,10.18,22.1,0.07,0.0,61.42,32.99,1003.99,57.96,149.82,8,,
K29,위염 및 십이지장염,2011-01,216332.0,317530.0,296803.0,5511721.0,3948332.0,-4.6,-9.56,0.55,10.12,23.4,0.32,0.0,55.76,9.23,1012.44,38.21,57.97,0,,
K29,위염 및 십이지장염,2011-02,200333.0,279678.0,263898.0,4894947.0,3499839.0,1.93,-3.15,7.87,11.02,25.3,0.03,0.0,64.68,64.64,1008.38,65.32,135.42,8,,
K29,위염 및 십이지장염,2011-03,240310.0,349760.0,327386.0,6051915.0,4303007.0,4.57,-0.8,10.33,11.13,24.8,0.0,0.0,52.07,25.29,1008.08,64.8,265.38,4,,
K29,위염 및 십이지장염,2011-04,219069.0,316201.0,296513.0,5433731.0,3868903.0,11.09,5.11,17.21,12.1,26.7,0.0,0.0,59.35,113.75,1001.66,56.56,99.4,4,,
K29,위염 및 십이지장염,2011-05,207766.0,300331.0,281762.0,5191513.0,3708133.0,17.08,12.08,22.53,10.44,24.0,0.0,0.0,66.78,126.03,998.86,74.0,269.72,10,,
K29,위염 및 십이지장염,2011-06,199366.0,287036.0,269055.0,5015810.0,3566993.0,21.69,17.43,26.8,9.36,19.8,0.0,0.02,73.79,281.59,994.88,44.59,76.24,0,,
K29,위염 및 십이지장염,2011-07,200304.0,289345.0,270934.0,5103971.0,3639118.0,24.93,22.01,28.8,6.79,16.1,0.0,0.08,82.07,462.82,994.3,29.49,66.6,0,,
K29,위염 및 십이지장염,2011-08,206026.0,298898.0,279149.0,5258889.0,3766460.0,24.96,22.08,28.96,6.87,14.9,0.0,0.08,82.18,280.06,996.64,30.26,50.87,0,,
K29,위염 및 십이지장염,2011-09,212876.0,305534.0,287965.0,5223720.0,3763583.0,20.92,16.72,26.2,9.48,21.8,0.0,0.03,73.37,76.07,1000.12,34.82,60.4,0,,
K29,위염 및 십이지장염,2011-10,211893.0,303398.0,287280.0,5138938.0,3715460.0,13.82,8.59,20.14,11.55,23.2,0.0,0.0,68.95,55.46,1007.3,47.56,70.02,0,,
K29,위염 및 십이지장염,2011-11,211166.0,303380.0,286244.0,5183781.0,3734022.0,11.01,6.86,15.97,9.11,20.6,0.0,0.0,70.85,117.67,1009.61,41.58,85.48,1,,
K29,위염 및 십이지장염,2011-12,231755.0,326116.0,321615.0,5376887.0,3888807.0,0.86,-3.4,5.57,8.97,23.3,0.06,0.0,59.14,19.72,1013.22,38.54,76.03,0,,
K29,위염 및 십이지장염,2012-01,228321.0,321199.0,315669.0,5573989.0,4049049.0,-0.99,-5.43,3.9,9.33,22.1,0.12,0.0,58.59,18.17,1011.59,51.46,111.02,2,,
K29,위염 및 십이지장염,2012-02,233254.0,325856.0,321306.0,5731216.0,4131562.0,-0.67,-5.54,4.67,10.21,24.3,0.12,0.0,55.34,15.71,1009.66,47.49,97.92,1,,
K29,위염 및 십이지장염,2012-03,253465.0,358118.0,352912.0,6273634.0,4508881.0,5.64,1.03,10.56,9.52,24.0,0.0,0.0,60.89,93.72,1006.22,51.53,140.08,2,,
K29,위염 및 십이지장염,2012-04,233200.0,326158.0,321524.0,5771317.0,4135608.0,12.47,6.62,18.58,11.96,26.6,0.0,0.0,60.29,139.37,1000.79,50.5,104.39,4,,
K29,위염 및 십이지장염,2012-05,230098.0,324600.0,319662.0,5834318.0,4179385.0,18.12,12.79,24.28,11.48,23.4,0.0,0.0,63.61,41.9,998.9,58.65,111.89,4,,
K29,위염 및 십이지장염,2012-06,210553.0,295473.0,290794.0,5353222.0,3834038.0,21.83,17.74,26.93,9.19,18.9,0.0,0.01,71.8,76.82,995.41,39.35,70.22,0,,
K29,위염 및 십이지장염,2012-07,213571.0,302967.0,297295.0,5501663.0,3947049.0,25.24,21.88,29.45,7.57,16.4,0.0,0.18,80.73,291.53,994.07,26.6,53.64,0,,
K29,위염 및 십이지장염,2012-08,213127.0,298606.0,292841.0,5393762.0,3889086.0,26.22,22.94,30.43,7.49,18.2,0.0,0.24,79.18,411.2,996.61,23.66,45.18,0,,
K29,위염 및 십이지장염,2012-09,219004.0,308470.0,303311.0,5322787.0,3858853.0,20.04,16.1,25.08,8.98,18.7,0.0,0.0,78.17,255.58,1001.15,34.0,79.18,0,,
K29,위염 및 십이지장염,2012-10,226997.0,316148.0,310939.0,5614690.0,4042437.0,14.34,8.89,20.93,12.04,22.9,0.0,0.0,68.84,55.53,1005.52,35.79,55.52,0,,
K29,위염 및 십이지장염,2012-11,223512.0,309843.0,305407.0,5403769.0,3888251.0,6.7,2.15,11.76,9.62,22.0,0.0,0.0,63.55,57.96,1005.93,42.89,109.03,3,,
K29,위염 및 십이지장염,2012-12,244707.0,332420.0,328066.0,5599835.0,4056527.0,-1.38,-5.64,3.27,8.9,23.9,0.15,0.0,65.81,67.07,1009.93,38.73,66.0,0,,
K29,위염 및 십이지장염,2013-01,261055.0,364338.0,358465.0,6430953.0,4668196.0,-1.79,-6.5,3.38,9.88,23.4,0.19,0.0,64.03,27.71,1011.95,55.97,152.15,5,,
K29,위염 및 십이지장염,2013-02,214744.0,291759.0,287554.0,5133261.0,3726425.0,0.81,-3.99,5.85,9.85,24.4,0.07,0.0,58.13,52.03,1010.65,45.09,85.8,1,,
K29,위염 및 십이지장염,2013-03,225116.0,311669.0,306665.0,5767850.0,4140043.0,6.58,0.36,13.42,13.05,29.2,0.0,0.0,58.45,62.93,1004.2,52.46,143.47,3,,
K29,위염 및 십이지장염,2013-04,230387.0,320949.0,316123.0,5867947.0,4212234.0,10.19,4.38,16.18,11.8,28.7,0.0,0.0,60.04,76.95,1000.38,53.16,144.42,2,,
K29,위염 및 십이지장염,2013-05,225657.0,313675.0,308733.0,5767401.0,4152006.0,17.59,11.9,23.86,11.96,25.1,0.0,0.01,66.71,133.28,999.3,55.32,107.91,3,,
K29,위염 및 십이지장염,2013-06,199446.0,272972.0,268025.0,5178411.0,3706707.0,22.27,18.33,27.27,8.94,20.2,0.0,0.01,75.99,101.82,995.9,41.31,67.49,0,,
K29,위염 및 십이지장염,2013-07,215298.0,302859.0,296782.0,5820053.0,4156491.0,26.03,23.08,29.89,6.81,15.6,0.0,0.12,81.17,297.67,994.01,32.25,84.67,1,,
K29,위염 및 십이지장염,2013-08,206736.0,286594.0,280749.0,5427165.0,3902635.0,27.04,23.25,32.03,8.77,17.1,0.0,0.4,77.8,158.83,994.95,34.84,64.25,0,,
K29,위염 및 십이지장염,2013-09,206949.0,284271.0,279434.0,5174619.0,3753273.0,21.03,16.91,26.25,9.34,19.5,0.0,0.0,76.49,112.9,1002.52,32.75,81.3,1,,
K29,위염 및 십이지장염,2013-10,226379.0,313853.0,308903.0,5849773.0,4222517.0,15.41,10.44,21.52,11.08,22.3,0.0,0.0,71.9,57.34,1006.96,34.5,60.86,0,,
K29,위염 및 십이지장염,2013-11,213256.0,292830.0,288351.0,5423797.0,3910202.0,7.17,2.45,12.61,10.17,19.5,0.0,0.0,66.53,61.88,1006.94,41.19,78.27,0,,
K29,위염 및 십이지장염,2013-12,242519.0,333481.0,328503.0,6038578.0,4355138.0,1.61,-2.75,6.5,9.25,21.0,0.03,0.0,65.02,22.08,1008.32,46.82,102.55,3,,
K29,위염 및 십이지장염,2014-01,234155.0,324944.0,319715.0,6010296.0,4370775.0,0.64,-4.6,6.36,10.96,25.6,0.06,0.0,58.1,13.86,1011.15,54.36,116.93,3,,
K29,위염 및 십이지장염,2014-02,216401.0,294722.0,290361.0,5563071.0,4011564.0,2.55,-2.0,7.82,9.82,22.1,0.01,0.0,64.05,32.95,1011.17,56.51,139.72,7,,
K29,위염 및 십이지장염,2014-03,231826.0,320512.0,314956.0,6131320.0,4426524.0,7.59,2.15,13.34,11.19,24.3,0.0,0.0,62.0,82.3,1006.59,55.51,128.39,3,,
K29,위염 및 십이지장염,2014-04,222137.0,306881.0,302221.0,5781151.0,4175624.0,13.16,7.44,19.59,12.14,26.9,0.0,0.0,59.9,86.98,1004.14,54.72,99.35,2,,
K29,위염 및 십이지장염,2014-05,209641.0,290174.0,285382.0,5594165.0,4053145.0,18.11,11.97,24.7,12.73,25.2,0.0,0.03,60.41,67.73,998.6,64.17,163.21,6,,
K29,위염 및 십이지장염,2014-06,197782.0,272426.0,267377.0,5385410.0,3891628.0,21.51,17.67,26.42,8.75,19.5,0.0,0.01,74.66,79.35,994.41,40.82,100.38,1,,
K29,위염 및 십이지장염,2014-07,210898.0,293134.0,288521.0,5738542.0,4132360.0,24.75,21.17,29.36,8.19,19.3,0.0,0.13,78.58,167.06,995.34,35.9,83.56,1,,
K29,위염 및 십이지장염,2014-08,208974.0,286409.0,281660.0,5645100.0,4077176.0,23.59,20.72,27.48,6.76,15.9,0.0,0.03,83.08,393.94,996.03,28.93,75.76,0,,
K29,위염 및 십이지장염,2014-09,215082.0,295958.0,291391.0,5642873.0,4086628.0,20.75,16.43,26.27,9.84,19.8,0.0,0.0,76.99,119.88,1001.09,32.08,53.27,0,,
K29,위염 및 십이지장염,2014-10,223696.0,308210.0,303308.0,5909188.0,4246439.0,14.83,9.58,21.12,11.54,24.2,0.0,0.0,72.3,113.95,1006.9,37.67,74.01,0,,
K29,위염 및 십이지장염,2014-11,215761.0,292402.0,288374.0,5558808.0,3985948.0,8.91,4.22,14.47,10.25,20.9,0.0,0.0,69.73,60.74,1008.38,38.68,59.2,0,,
K29,위염 및 십이지장염,2014-12,275458.0,374097.0,369845.0,6790360.0,4877156.0,-0.25,-4.67,4.58,9.25,19.4,0.06,0.0,61.57,27.83,1010.31,38.06,107.27,2,,
K29,위염 및 십이지장염,2015-01,263995.0,360762.0,355955.0,6928117.0,4997018.0,0.72,-3.72,5.65,9.37,20.0,0.04,0.0,64.11,30.7,1010.61,48.74,86.16,1,,
K29,위염 및 십이지장염,2015-02,218015.0,291647.0,287949.0,5517410.0,3988739.0,2.12,-2.42,7.25,9.67,23.9,0.02,0.0,61.39,28.65,1008.65,69.15,312.54,7,,
K29,위염 및 십이지장염,2015-03,238426.0,326219.0,321626.0,6462393.0,4631239.0,6.72,0.6,13.32,12.72,25.4,0.0,0.0,53.27,45.08,1007.98,67.61,148.68,9,,
K29,위염 및 십이지장염,2015-04,230081.0,315316.0,310863.0,6289901.0,4506539.0,12.56,7.26,18.42,11.16,26.3,0.0,0.0,66.37,133.96,1003.39,45.62,83.36,1,,
K29,위염 및 십이지장염,2015-05,207791.0,282991.0,278311.0,5720188.0,4111453.0,18.33,12.15,24.84,12.69,25.4,0.0,0.01,60.29,69.74,997.37,47.89,101.84,1,,
K29,위염 및 십이지장염,2015-06,188154.0,259472.0,255655.0,4866289.0,3575264.0,21.33,16.89,26.65,9.76,24.2,0.0,0.02,72.42,102.93,995.02,44.2,89.52,1,30.28,52.04
K29,위염 및 십이지장염,2015-07,209778.0,290083.0,285152.0,5952164.0,4304086.0,24.12,20.74,28.43,7.69,17.2,0.0,0.1,79.67,186.97,995.04,35.26,82.22,1,22.16,56.73
K29,위염 및 십이지장염,2015-08,208583.0,284092.0,278370.0,5976162.0,4288586.0,24.98,21.19,30.0,8.8,18.0,0.0,0.17,79.41,119.46,996.37,35.78,69.88,0,25.37,65.89
K29,위염 및 십이지장염,2015-09,213824.0,292605.0,287738.0,5878018.0,4224364.0,20.27,15.58,25.99,10.41,21.7,0.0,0.0,74.55,69.41,1001.67,29.05,50.61,0,22.25,46.31
K29,위염 및 십이지장염,2015-10,233743.0,316841.0,312451.0,6304703.0,4518517.0,14.95,9.63,21.48,11.84,23.9,0.0,0.0,69.42,64.8,1005.91,47.68,111.92,4,41.61,119.67
K29,위염 및 십이지장염,2015-11,225884.0,304185.0,299895.0,6097923.0,4363287.0,10.17,6.74,14.23,7.49,23.5,0.0,0.0,79.52,131.46,1010.17,40.04,90.85,3,37.77,91.87
K29,위염 및 십이지장염,2015-12,257559.0,348544.0,344282.0,6702210.0,4787869.0,3.71,-0.39,8.33,8.73,20.0,0.01,0.0,69.42,44.92,1011.77,46.68,85.95,1,43.82,79.75
K29,위염 및 십이지장염,2016-01,225879.0,305283.0,300230.0,6287297.0,4511628.0,-0.69,-4.86,3.94,8.79,20.8,0.11,0.0,61.48,30.66,1011.06,46.38,77.1,0,35.48,84.29
K29,위염 및 십이지장염,2016-02,230175.0,307664.0,302898.0,6261533.0,4515698.0,1.88,-2.96,7.11,10.07,23.9,0.03,0.0,58.26,50.92,1010.8,43.41,77.09,0,29.07,70.08
K29,위염 및 십이지장염,2016-03,251716.0,342909.0,338188.0,7191935.0,5136877.0,7.17,1.66,13.17,11.51,25.5,0.0,0.0,60.45,62.1,1008.36,59.6,120.08,3,35.3,56.25
K29,위염 및 십이지장염,2016-04,224605.0,303451.0,298893.0,6472772.0,4626274.0,13.66,8.15,20.0,11.85,27.0,0.0,0.0,65.29,163.52,1000.94,66.56,210.05,5,31.56,73.25
K29,위염 및 십이지장염,2016-05,217901.0,294786.0,290320.0,6330693.0,4527407.0,18.33,12.31,24.78,12.47,25.5,0.0,0.0,64.58,103.36,999.3,52.43,107.01,3,26.83,52.44
K29,위염 및 십이지장염,2016-06,208329.0,281443.0,276951.0,6166024.0,4404861.0,22.01,17.9,26.91,9.01,21.9,0.0,0.01,75.63,77.95,995.67,45.05,67.56,0,26.24,40.54
K29,위염 및 십이지장염,2016-07,205104.0,277228.0,272580.0,6084033.0,4351675.0,25.21,21.89,29.54,7.66,15.9,0.0,0.16,82.7,284.24,996.06,30.0,53.8,0,17.4,29.82
K29,위염 및 십이지장염,2016-08,212623.0,287684.0,282045.0,6250570.0,4487581.0,26.45,22.3,31.83,9.52,19.2,0.0,0.52,75.53,83.32,993.83,39.1,65.65,0,22.77,42.43
K29,위염 및 십이지장염,2016-09,213366.0,286968.0,282638.0,5992138.0,4322147.0,21.48,18.02,26.04,8.02,18.2,0.0,0.0,81.66,207.23,1000.99,41.34,66.61,0,23.83,36.89
K29,위염 및 십이지장염,2016-10,229690.0,307226.0,302744.0,6470969.0,4659177.0,15.8,11.98,20.67,8.68,20.3,0.0,0.0,77.84,155.11,1006.22,44.66,100.52,2,23.92,61.44
K29,위염 및 십이지장염,2016-11,218824.0,292599.0,288611.0,6207662.0,4441006.0,7.97,3.18,13.35,10.18,21.5,0.0,0.0,68.78,36.42,1009.61,51.18,86.23,2,30.57,65.06
K29,위염 및 십이지장염,2016-12,249991.0,334829.0,330987.0,6798856.0,4877858.0,3.26,-1.41,8.41,9.82,22.8,0.01,0.0,66.92,67.15,1010.95,43.78,75.88,0,29.21,61.17
K29,위염 및 십이지장염,2017-01,235456.0,314769.0,310480.0,6603569.0,4768925.0,0.27,-4.53,5.6,10.13,23.2,0.1,0.0,61.54,16.85,1011.27,49.39,89.3,3,28.39,61.19
K29,위염 및 십이지장염,2017-02,215163.0,284997.0,280923.0,6423396.0,4602368.0,1.74,-3.65,7.39,11.04,24.9,0.02,0.0,57.58,33.29,1009.36,44.13,85.1,1,24.54,61.54
K29,위염 및 십이지장염,2017-03,226854.0,306686.0,302069.0,7074602.0,5046165.0,6.22,0.55,12.5,11.95,25.1,0.0,0.0,57.94,25.37,1006.28,58.79,99.58,1,34.48,69.85
K29,위염 및 십이지장염,2017-04,210529.0,281014.0,276919.0,6573573.0,4678564.0,13.67,7.66,20.1,12.45,26.5,0.0,0.0,60.14,72.14,1000.34,57.84,123.4,3,25.03,47.81
K29,위염 및 십이지장염,2017-05,214167.0,288408.0,284016.0,6796452.0,4854442.0,18.46,12.28,25.11,12.83,25.7,0.0,0.02,61.79,30.87,999.82,63.27,237.67,6,23.8,52.5
K29,위염 및 십이지장염,2017-06,211817.0,284070.0,280132.0,6839227.0,4849127.0,21.52,16.37,27.53,11.16,22.1,0.0,0.05,68.02,57.39,996.35,41.29,65.96,0,22.96,36.56
K29,위염 및 십이지장염,2017-07,206876.0,277869.0,273140.0,6855280.0,4872619.0,26.25,23.13,30.43,7.3,18.7,0.0,0.19,83.6,281.34,995.76,33.03,52.57,0,19.21,33.41
K29,위염 및 십이지장염,2017-08,219073.0,294075.0,288874.0,7188067.0,5114512.0,25.32,21.77,29.86,8.08,17.5,0.0,0.18,80.61,238.53,995.52,27.87,48.7,0,14.57,28.66
K29,위염 및 십이지장염,2017-09,232006.0,315364.0,311337.0,7186699.0,5150179.0,20.47,15.75,26.15,10.4,22.6,0.0,0.0,75.75,96.26,1000.51,39.77,75.53,0,22.16,45.73
K29,위염 및 십이지장염,2017-10,204757.0,265940.0,261684.0,6384484.0,4568977.0,15.25,10.84,20.83,9.99,22.6,0.0,0.0,74.84,74.33,1007.67,38.13,76.65,0,19.35,46.46
K29,위염 및 십이지장염,2017-11,223822.0,296276.0,292413.0,7069423.0,5023715.0,6.91,1.4,13.01,11.61,23.9,0.0,0.0,62.36,12.39,1009.35,46.43,81.06,1,25.28,49.64
K29,위염 및 십이지장염,2017-12,242717.0,319429.0,315296.0,7257451.0,5179383.0,0.01,-4.76,5.1,9.86,23.8,0.07,0.0,58.99,23.31,1011.77,44.25,102.66,2,26.28,74.24
K29,위염 및 십이지장염,2018-01,250298.0,338150.0,333126.0,8124746.0,5883042.0,-1.87,-6.19,3.1,9.29,23.7,0.17,0.0,59.4,24.79,1010.0,51.65,102.53,5,30.77,73.72
K29,위염 및 십이지장염,2018-02,212395.0,277036.0,273331.0,6532451.0,4747212.0,-0.09,-5.54,5.68,11.22,25.8,0.12,0.0,51.67,34.83,1009.56,49.58,78.12,0,26.82,48.39
K29,위염 및 십이지장염,2018-03,242516.0,323891.0,319653.0,8216811.0,5919073.0,8.03,2.42,14.11,11.69,25.3,0.0,0.0,68.31,112.29,1007.03,47.45,95.74,3,28.22,66.85
K29,위염 및 십이지장염,2018-04,225151.0,299586.0,295781.0,7887045.0,5648750.0,13.15,7.26,19.36,12.11,26.9,0.0,0.0,64.13,139.6,1002.91,51.14,90.59,2,21.44,41.99
K29,위염 및 십이지장염,2018-05,223266.0,298001.0,294034.0,7881291.0,5654479.0,17.59,12.47,23.09,10.62,25.0,0.0,0.0,72.58,132.57,999.26,41.91,88.94,2,19.45,35.57
K29,위염 및 십이지장염,2018-06,210317.0,279570.0,275596.0,7547097.0,5423116.0,21.92,17.34,27.43,10.09,21.8,0.0,0.05,72.46,146.87,995.85,36.21,56.36,0,21.35,37.25
K29,위염 및 십이지장염,2018-07,213785.0,285773.0,281314.0,7731078.0,5526390.0,26.54,22.64,31.35,8.71,17.3,0.0,0.46,78.08,168.34,996.66,23.09,40.3,0,12.8,26.67
K29,위염 및 십이지장염,2018-08,218255.0,290506.0,285385.0,7911265.0,5698505.0,27.04,23.18,31.97,8.79,19.6,0.0,0.43,76.96,292.87,995.49,23.72,35.77,0,12.85,20.92
K29,위염 및 십이지장염,2018-09,210096.0,276205.0,272670.0,7153086.0,5178714.0,20.34,16.27,25.19,8.93,19.2,0.0,0.0,77.19,152.21,1000.97,22.11,39.58,0,9.67,19.35
K29,위염 및 십이지장염,2018-10,249799.0,331503.0,327868.0,8687399.0,6255699.0,13.05,8.03,19.11,11.08,21.4,0.0,0.0,71.8,166.57,1005.98,31.75,65.8,0,15.71,37.33
K29,위염 및 십이지장염,2018-11,238471.0,314695.0,311059.0,8382996.0,5996509.0,8.17,3.15,14.46,11.31,22.7,0.0,0.0,70.27,47.73,1010.42,59.81,145.15,5,34.91,79.43
K29,위염 및 십이지장염,2018-12,255785.0,335759.0,332232.0,8640098.0,6205348.0,1.4,-3.13,6.51,9.64,21.5,0.08,0.0,60.0,32.32,1013.34,45.26,90.28,2,25.53,66.81
K29,위염 및 십이지장염,2019-01,255141.0,341585.0,338046.0,9012384.0,6488901.0,0.44,-4.64,6.22,10.86,21.9,0.06,0.0,55.19,9.5,1012.18,62.48,146.64,5,37.36,114.77
K29,위염 및 십이지장염,2019-02,215603.0,277466.0,274299.0,7533817.0,5416435.0,2.49,-2.42,8.04,10.46,20.7,0.01,0.0,58.1,33.64,1010.49,58.37,119.64,3,36.08,85.07
K29,위염 및 십이지장염,2019-03,234514.0,309256.0,305672.0,8982232.0,6410781.0,7.41,1.69,13.63,11.95,26.4,0.0,0.0,60.32,42.31,1004.29,67.34,169.14,6,43.31,117.72
K29,위염 및 십이지장염,2019-04,235959.0,312464.0,308815.0,9133736.0,6486789.0,11.8,6.09,17.82,11.74,25.8,0.0,0.0,62.93,78.13,1002.46,43.43,88.23,1,22.26,42.97
K29,위염 및 십이지장염,2019-05,232501.0,308254.0,304702.0,9044376.0,6449944.0,18.35,11.63,25.24,13.61,26.7,0.0,0.02,58.14,66.77,999.58,52.71,97.81,2,27.67,58.0
K29,위염 및 십이지장염,2019-06,212822.0,278279.0,274563.0,8342346.0,5947959.0,21.03,16.48,26.45,9.97,21.8,0.0,0.01,74.83,153.17,995.07,34.02,53.02,0,22.48,37.58
K29,위염 및 십이지장염,2019-07,231534.0,308702.0,304576.0,9344026.0,6638600.0,24.51,21.24,28.68,7.45,19.5,0.0,0.08,80.88,235.29,994.41,26.45,49.1,0,17.02,37.26
K29,위염 및 십이지장염,2019-08,225493.0,297389.0,293096.0,8947021.0,6380166.0,25.92,22.16,30.65,8.49,15.4,0.0,0.26,79.44,143.15,995.29,28.76,52.0,0,17.45,38.33
K29,위염 및 십이지장염,2019-09,224495.0,291701.0,288212.0,8250221.0,5918301.0,21.59,17.95,26.29,8.34,18.9,0.0,0.0,81.7,237.35,1002.8,26.83,60.44,0,14.32,41.58
K29,위염 및 십이지장염,2019-10,246335.0,323182.0,319868.0,9211034.0,6605125.0,15.7,11.03,21.3,10.27,21.3,0.0,0.0,75.17,164.45,1006.54,38.65,83.11,1,19.95,37.4
K29,위염 및 십이지장염,2019-11,230474.0,300589.0,297381.0,8856594.0,6334919.0,8.82,3.57,15.12,11.54,22.9,0.0,0.0,69.27,54.24,1009.95,45.76,87.3,1,24.44,48.18
K29,위염 및 십이지장염,2019-12,255635.0,333892.0,330941.0,9301236.0,6666566.0,2.97,-1.54,8.16,9.69,22.9,0.01,0.0,65.83,29.54,1012.46,42.49,89.34,1,28.77,61.88
K29,위염 및 십이지장염,2020-01,244789.0,320426.0,317548.0,8808851.0,6381864.0,2.92,-0.96,7.67,8.64,19.6,0.0,0.0,68.41,84.56,1010.27,45.96,80.29,0,31.69,62.0
K29,위염 및 십이지장염,2020-02,200226.0,261981.0,259163.0,7320246.0,5323314.0,3.74,-1.12,9.13,10.26,23.2,0.02,0.0,67.05,58.97,1011.66,44.64,88.55,2,30.11,67.05
K29,위염 및 십이지장염,2020-03,190170.0,253812.0,251042.0,6722534.0,4937350.0,7.9,1.92,14.04,12.12,24.8,0.0,0.0,60.73,33.14,1005.23,48.45,85.07,1,26.43,64.21
K29,위염 및 십이지장염,2020-04,193252.0,255550.0,253025.0,7357377.0,5339579.0,10.73,4.57,17.09,12.52,26.1,0.0,0.0,55.96,43.24,1004.91,45.17,83.12,2,20.39,32.54
K29,위염 및 십이지장염,2020-05,210024.0,276859.0,273939.0,8602423.0,6179849.0,17.54,12.68,23.06,10.39,22.8,0.0,0.0,72.78,108.66,998.48,35.78,75.82,0,19.42,31.49
K29,위염 및 십이지장염,2020-06,214267.0,282454.0,279194.0,9203832.0,6556477.0,22.59,18.2,27.84,9.64,22.5,0.0,0.06,75.68,192.17,994.65,35.14,61.11,0,19.55,32.44
K29,위염 및 십이지장염,2020-07,226975.0,299740.0,295950.0,9926244.0,7064740.0,22.55,19.7,26.27,6.56,16.2,0.0,0.0,86.23,411.05,995.36,22.23,42.09,0,12.92,29.12
K29,위염 및 십이지장염,2020-08,206729.0,268619.0,265137.0,8777525.0,6246486.0,26.53,23.58,30.56,6.98,16.1,0.0,0.19,85.22,399.13,997.42,24.21,39.74,0,13.33,26.84
K29,위염 및 십이지장염,2020-09,224766.0,296841.0,294188.0,8885886.0,6396858.0,20.26,16.52,24.99,8.47,19.0,0.0,0.0,80.4,230.87,1000.01,24.78,44.3,0,13.18,24.9
K29,위염 및 십이지장염,2020-10,226801.0,291282.0,288313.0,9323551.0,6657278.0,13.98,8.81,20.19,11.38,21.5,0.0,0.0,68.96,13.47,1008.18,39.42,73.16,0,20.33,44.45
K29,위염 및 십이지장염,2020-11,235456.0,303408.0,300790.0,9732177.0,6927821.0,8.88,3.92,14.45,10.53,23.1,0.0,0.0,65.6,40.57,1012.12,42.58,83.79,1,25.33,58.03
K29,위염 및 십이지장염,2020-12,243756.0,316586.0,314417.0,9556974.0,6838133.0,0.87,-3.78,6.36,10.15,19.3,0.06,0.0,60.61,10.76,1013.13,42.41,79.2,0,27.34,58.99
K29,위염 및 십이지장염,2021-01,226247.0,291964.0,289219.0,9096441.0,6534837.0,-0.54,-5.61,4.87,10.48,22.5,0.17,0.0,63.55,24.77,1011.44,44.71,103.5,2,24.86,42.83
K29,위염 및 십이지장염,2021-02,214228.0,273335.0,270694.0,8394761.0,6037850.0,3.78,-1.65,9.69,11.35,27.4,0.01,0.0,58.52,22.54,1008.4,52.24,95.49,5,31.66,76.72
K29,위염 및 십이지장염,2021-03,244608.0,320216.0,316912.0,10815946.0,7707583.0,8.91,3.45,14.91,11.46,24.2,0.0,0.0,67.6,113.02,1007.2,79.25,488.35,8,34.77,82.85
K29,위염 및 십이지장염,2021-04,225457.0,293697.0,290653.0,10160116.0,7211930.0,13.25,7.48,19.31,11.83,24.9,0.0,0.0,58.99,77.17,1006.17,47.13,87.21,2,20.69,39.47
K29,위염 및 십이지장염,2021-05,221295.0,286607.0,283459.0,9720764.0,6934327.0,16.74,11.61,22.25,10.64,23.4,0.0,0.0,71.03,139.1,997.42,63.56,415.67,5,22.34,88.09
K29,위염 및 십이지장염,2021-06,234680.0,302713.0,299391.0,10178711.0,7258799.0,21.77,17.62,26.75,9.14,20.8,0.0,0.0,77.55,97.12,996.29,35.11,59.05,0,20.78,31.83
K29,위염 및 십이지장염,2021-07,220091.0,287906.0,284429.0,10397707.0,7387458.0,26.07,22.34,30.77,8.43,16.1,0.0,0.26,80.78,236.44,996.83,23.76,48.44,0,13.41,33.59
K29,위염 및 십이지장염,2021-08,225388.0,290918.0,287443.0,9713968.0,6934806.0,24.94,21.71,29.34,7.63,15.6,0.0,0.12,83.03,287.8,996.98,23.16,41.28,0,12.85,29.58
K29,위염 및 십이지장염,2021-09,221721.0,284121.0,281414.0,9475720.0,6785996.0,21.54,17.95,25.99,8.04,15.3,0.0,0.0,80.68,158.26,1001.79,18.51,28.44,0,8.9,16.16
K29,위염 및 십이지장염,2021-10,241309.0,307111.0,304602.0,10918273.0,7763014.0,15.45,10.82,21.38,10.56,21.0,0.0,0.0,76.1,54.89,1008.97,32.51,52.8,0,16.96,31.92
K29,위염 및 십이지장염,2021-11,251985.0,321781.0,319405.0,11295245.0,8016619.0,8.68,3.75,14.82,11.07,22.0,0.0,0.0,70.08,56.49,1007.15,44.31,106.04,2,24.99,76.14
K29,위염 및 십이지장염,2021-12,271959.0,346586.0,344373.0,11418688.0,8126646.0,2.35,-2.49,7.84,10.33,20.4,0.05,0.0,63.85,10.09,1011.76,42.72,92.94,1,26.03,60.41
K29,위염 및 십이지장염,2022-01,241043.0,309386.0,307139.0,10277407.0,7406645.0,-0.3,-5.3,5.32,10.63,22.4,0.09,0.0,57.01,4.5,1011.48,45.28,99.93,2,30.3,78.42
K29,위염 및 십이지장염,2022-02,216431.0,273729.0,271830.0,9309394.0,6706604.0,0.32,-4.88,5.93,10.81,23.5,0.06,0.0,52.02,4.57,1012.35,43.52,98.52,3,27.8,77.25
K29,위염 및 십이지장염,2022-03,232226.0,298709.0,296619.0,10389049.0,7516456.0,7.9,2.29,13.84,11.54,23.7,0.0,0.0,64.98,91.99,1004.99,47.08,100.94,2,25.31,48.17
K29,위염 및 십이지장염,2022-04,227386.0,289699.0,287110.0,10608533.0,7610112.0,13.81,7.67,20.38,12.72,25.0,0.0,0.0,60.53,60.47,1004.74,45.16,156.52,1,21.83,35.7
K29,위염 및 십이지장염,2022-05,229977.0,293870.0,291650.0,11128924.0,7921429.0,18.05,11.69,24.6,12.91,24.5,0.0,0.01,58.29,6.07,1000.41,34.82,58.75,0,17.23,32.95
K29,위염 및 십이지장염,2022-06,221070.0,280507.0,277969.0,11045731.0,7833784.0,22.34,18.38,27.09,8.71,23.1,0.0,0.05,76.47,180.74,995.9,22.86,38.95,0,11.41,22.52
K29,위염 및 십이지장염,2022-07,223288.0,284040.0,281098.0,11075003.0,7880326.0,25.99,22.59,30.33,7.73,16.6,0.0,0.2,81.65,184.25,994.37,25.53,41.38,0,14.66,27.3
K29,위염 및 십이지장염,2022-08,236144.0,300118.0,297080.0,11221378.0,8013259.0,25.44,22.33,29.29,6.96,18.2,0.0,0.11,83.12,280.77,995.75,18.85,28.62,0,8.91,16.69
K29,위염 및 십이지장염,2022-09,232012.0,293296.0,290580.0,10774086.0,7709128.0,21.13,16.91,26.38,9.47,22.4,0.0,0.01,77.04,157.82,1001.15,26.57,50.21,0,13.73,35.64
K29,위염 및 십이지장염,2022-10,243460.0,305233.0,303207.0,11528411.0,8217956.0,14.21,9.25,20.22,10.97,24.3,0.0,0.0,72.53,76.72,1009.32,34.23,60.12,0,19.27,42.75
K29,위염 및 십이지장염,2022-11,251088.0,315823.0,313944.0,11895763.0,8448241.0,9.99,4.41,16.74,12.33,23.8,0.0,0.0,68.1,62.27,1008.75,46.78,92.22,2,27.94,66.92
K29,위염 및 십이지장염,2022-12,262177.0,328756.0,326566.0,12073119.0,8602215.0,-0.76,-5.27,4.33,9.6,21.1,0.11,0.0,61.79,17.02,1011.5,38.29,113.42,1,22.24,36.61
K29,위염 및 십이지장염,2023-01,240087.0,302052.0,299566.0,10427036.0,7539801.0,-0.06,-5.14,5.56,10.7,25.8,0.11,0.0,62.69,44.95,1011.53,51.29,149.56,4,27.61,89.0
K29,위염 및 십이지장염,2023-02,233643.0,293314.0,291083.0,11156515.0,7985525.0,2.86,-2.33,8.75,11.09,25.7,0.0,0.0,60.9,19.36,1012.66,53.91,107.32,4,35.06,77.85
K29,위염 및 십이지장염,2023-03,246700.0,314229.0,312331.0,12467333.0,8874718.0,9.51,3.01,16.52,13.51,25.7,0.0,0.0,56.49,30.92,1007.87,70.44,140.77,8,29.72,56.32
K29,위염 및 십이지장염,2023-04,223343.0,280756.0,278968.0,11374399.0,8089290.0,13.18,7.27,19.08,11.8,26.1,0.0,0.0,63.03,70.46,1002.92,75.03,306.24,8,25.07,84.74
K29,위염 및 십이지장염,2023-05,231740.0,294139.0,291997.0,11933147.0,8484314.0,17.89,12.53,23.56,11.02,26.7,0.0,0.01,70.56,201.29,1001.52,40.44,160.02,2,18.52,35.59
K29,위염 및 십이지장염,2023-06,226520.0,286601.0,284293.0,12020094.0,8527668.0,22.34,18.03,27.45,9.42,18.8,0.0,0.03,75.66,203.27,995.74,28.16,41.52,0,16.42,24.93
K29,위염 및 십이지장염,2023-07,224964.0,284285.0,281960.0,11879767.0,8425323.0,25.55,22.49,29.63,7.13,16.0,0.0,0.14,85.64,483.87,996.49,24.37,50.19,0,13.8,34.94
K29,위염 및 십이지장염,2023-08,229061.0,289052.0,286398.0,11738002.0,8352838.0,26.5,23.09,30.97,7.88,15.2,0.0,0.3,81.64,292.99,994.21,24.84,36.55,0,13.61,23.92
K29,위염 및 십이지장염,2023-09,218398.0,275154.0,273049.0,10746470.0,7663675.0,22.73,19.25,27.31,8.06,18.5,0.0,0.0,81.67,193.0,1001.37,24.84,46.25,0,13.31,29.29
K29,위염 및 십이지장염,2023-10,241885.0,303050.0,300697.0,11891662.0,8493407.0,15.03,9.94,21.36,11.42,22.3,0.0,0.0,72.15,16.35,1006.84,33.9,53.61,0,17.48,34.21
K29,위염 및 십이지장염,2023-11,244655.0,306181.0,304110.0,12519949.0,8867479.0,8.34,3.31,13.85,10.54,23.1,0.0,0.0,65.65,65.1,1009.04,32.71,88.83,1,18.39,43.56
K29,위염 및 십이지장염,2023-12,254909.0,318442.0,316480.0,12275471.0,8725843.0,2.82,-1.59,7.72,9.31,24.2,0.05,0.0,70.62,102.05,1011.96,40.95,86.45,1,25.71,63.86
K29,위염 및 십이지장염,2024-01,262090.0,332509.0,330342.0,12548228.0,8998661.0,1.32,-2.94,6.1,9.04,22.0,0.04,0.0,67.25,35.3,1012.14,39.26,86.36,1,27.15,60.07
K29,위염 및 십이지장염,2024-02,231952.0,288700.0,286644.0,10946312.0,7861343.0,4.43,0.44,9.04,8.6,23.0,0.0,0.0,75.76,110.19,1011.72,36.49,91.17,1,25.69,70.28
K29,위염 및 십이지장염,2024-03,238872.0,299428.0,297660.0,12682633.0,9039543.0,7.11,1.74,12.72,10.99,24.4,0.0,0.0,62.61,68.17,1006.01,50.11,145.58,5,24.3,63.03
K29,위염 및 십이지장염,2024-04,232245.0,292789.0,290536.0,12716009.0,9068943.0,14.95,9.51,21.06,11.55,26.5,0.0,0.0,68.48,84.93,1001.96,52.03,140.01,3,24.05,38.31
K29,위염 및 십이지장염,2024-05,228592.0,287788.0,285573.0,12866867.0,9125805.0,17.73,11.9,23.96,12.06,27.2,0.0,0.0,67.49,119.52,1001.4,32.19,79.66,0,17.11,36.2
K29,위염 및 십이지장염,2024-06,209859.0,261582.0,259740.0,11800817.0,8364527.0,22.68,17.64,28.34,10.7,24.0,0.0,0.1,71.33,145.51,996.37,30.19,50.03,0,17.05,23.56
K29,위염 및 십이지장염,2024-07,227682.0,289027.0,286497.0,12782961.0,9070185.0,26.31,23.43,29.98,6.55,15.1,0.0,0.15,83.71,353.5,995.68,18.74,39.2,0,10.08,27.6
K29,위염 및 십이지장염,2024-08,224949.0,282584.0,280130.0,12098845.0,8624362.0,28.0,24.22,33.02,8.81,16.6,0.0,0.56,78.96,83.62,995.9,25.45,37.69,0,15.2,24.67
K29,위염 및 십이지장염,2024-09,207670.0,258745.0,256317.0,10436856.0,7488702.0,24.81,21.06,29.77,8.71,19.9,0.0,0.21,79.93,249.76,1001.53,20.46,33.15,0,10.78,20.87
K29,위염 및 십이지장염,2024-10,246329.0,307002.0,304733.0,13570230.0,9626816.0,16.42,12.23,21.65,9.42,19.9,0.0,0.0,79.41,119.26,1007.87,29.25,60.21,0,16.43,36.53
K29,위염 및 십이지장염,2024-11,237020.0,294924.0,293038.0,13225121.0,9361481.0,10.07,5.33,15.81,10.48,21.3,0.0,0.0,71.56,73.07,1009.58,32.89,53.31,0,19.99,36.49
K29,위염 및 십이지장염,2024-12,254275.0,317843.0,315995.0,13483182.0,9570512.0,2.26,-2.15,7.26,9.41,19.4,0.01,0.0,60.1,8.16,1010.47,32.43,55.49,0,18.56,33.45
K29,위염 및 십이지장염,2025-01,234348.0,293541.0,291504.0,11269217.0,8147703.0,0.25,-4.48,5.72,10.2,21.7,0.05,0.0,63.45,17.67,1011.21,38.81,90.37,1,25.47,70.35
K29,위염 및 십이지장염,2025-02,231274.0,287314.0,285324.0,12425518.0,8865872.0,-0.1,-5.1,5.34,10.44,24.3,0.08,0.0,56.48,20.79,1011.22,35.0,68.36,0,19.43,46.18
K29,위염 및 십이지장염,2025-03,234510.0,292693.0,290594.0,13707615.0,9716802.0,7.73,2.15,13.76,11.61,26.7,0.0,0.0,61.19,49.18,1006.2,52.07,133.94,4,28.35,50.89
K29,위염 및 십이지장염,2025-04,231045.0,289035.0,287348.0,13710807.0,9700083.0,13.11,6.76,19.69,12.93,25.9,0.0,0.0,62.31,69.22,999.94,40.1,64.57,0,21.1,33.95
K29,위염 및 십이지장염,2025-05,222582.0,277057.0,275171.0,13492688.0,9545773.0,16.79,11.64,22.39,10.75,22.9,0.0,0.0,72.05,119.36,999.52,30.51,51.16,0,18.05,30.71
J45,천식,2010-01,91745.0,173019.0,148415.0,4225203.0,3056137.0,-1.57,-6.4,3.66,10.06,22.5,0.16,0.0,62.75,34.36,1010.25,48.36,98.13,2,,
J45,천식,2010-02,85358.0,155313.0,134204.0,3789901.0,2719744.0,2.42,-1.83,7.16,8.99,25.5,0.03,0.0,65.29,86.66,1008.05,41.59,83.52,1,,
J45,천식,2010-03,92376.0,174491.0,149890.0,4263493.0,3032159.0,5.41,1.17,9.78,8.61,22.7,0.0,0.0,65.66,97.88,1007.24,59.17,174.83,7,,
J45,천식,2010-04,99181.0,191354.0,165093.0,4611234.0,3317372.0,9.71,4.5,15.2,10.7,24.2,0.0,0.0,60.35,99.9,1005.35,49.38,85.89,1,,
J45,천식,2010-05,97965.0,188304.0,163420.0,4486694.0,3230074.0,16.84,11.47,22.64,11.16,25.9,0.0,0.0,65.85,125.95,998.81,54.54,136.5,5,,
J45,천식,2010-06,85492.0,163181.0,139990.0,4041918.0,2880685.0,22.0,17.26,27.55,10.28,23.4,0.0,0.02,70.07,75.04,997.69,48.66,115.88,2,,
J45,천식,2010-07,73561.0,139548.0,117779.0,3455160.0,2435901.0,25.15,22.1,29.25,7.15,14.5,0.0,0.08,80.13,257.87,996.27,31.35,65.41,0,,
J45,천식,2010-08,67466.0,125483.0,105493.0,3134551.0,2198996.0,26.69,23.71,30.88,7.17,16.0,0.0,0.24,81.92,364.9,998.8,33.58,62.5,0,,
J45,천식,2010-09,76147.0,137998.0,118994.0,3190489.0,2259655.0,21.73,17.95,26.78,8.83,19.5,0.0,0.04,78.23,255.24,1001.24,32.99,83.31,1,,
J45,천식,2010-10,88639.0,164264.0,143702.0,3616544.0,2583600.0,14.48,9.7,20.4,10.7,21.5,0.0,0.0,71.84,44.44,1006.16,49.23,91.53,2,,
J45,천식,2010-11,91236.0,171448.0,148866.0,3899504.0,2795825.0,7.05,1.42,13.5,12.07,22.5,0.0,0.0,60.37,11.95,1008.07,71.32,167.89,7,,
J45,천식,2010-12,98363.0,185230.0,161686.0,4307085.0,3086753.0,1.04,-3.8,6.38,10.18,22.1,0.07,0.0,61.42,32.99,1003.99,57.96,149.82,8,,
J45,천식,2011-01,102346.0,202196.0,170988.0,5302588.0,3860622.0,-4.6,-9.56,0.55,10.12,23.4,0.32,0.0,55.76,9.23,1012.44,38.21,57.97,0,,
J45,천식,2011-02,89129.0,161806.0,138686.0,4170775.0,3005719.0,1.93,-3.15,7.87,11.02,25.3,0.03,0.0,64.68,64.64,1008.38,65.32,135.42,8,,
J45,천식,2011-03,97957.0,184975.0,158802.0,4695493.0,3365671.0,4.57,-0.8,10.33,11.13,24.8,0.0,0.0,52.07,25.29,1008.08,64.8,265.38,4,,
J45,천식,2011-04,97049.0,181964.0,157168.0,4593437.0,3306200.0,11.09,5.11,17.21,12.1,26.7,0.0,0.0,59.35,113.75,1001.66,56.56,99.4,4,,
J45,천식,2011-05,96386.0,185204.0,157163.0,4966223.0,3584806.0,17.08,12.08,22.53,10.44,24.0,0.0,0.0,66.78,126.03,998.86,74.0,269.72,10,,
J45,천식,2011-06,84267.0,158693.0,135251.0,4078473.0,2897533.0,21.69,17.43,26.8,9.36,19.8,0.0,0.02,73.79,281.59,994.88,44.59,76.24,0,,
J45,천식,2011-07,70108.0,130279.0,109937.0,3436115.0,2429344.0,24.93,22.01,28.8,6.79,16.1,0.0,0.08,82.07,462.82,994.3,29.49,66.6,0,,
J45,천식,2011-08,69042.0,127847.0,107565.0,3286934.0,2325801.0,24.96,22.08,28.96,6.87,14.9,0.0,0.08,82.18,280.06,996.64,30.26,50.87,0,,
J45,천식,2011-09,76059.0,138545.0,119609.0,3241931.0,2316867.0,20.92,16.72,26.2,9.48,21.8,0.0,0.03,73.37,76.07,1000.12,34.82,60.4,0,,
J45,천식,2011-10,77021.0,143157.0,124558.0,3314377.0,2447714.0,13.82,8.59,20.14,11.55,23.2,0.0,0.0,68.95,55.46,1007.3,47.56,70.02,0,,
J45,천식,2011-11,81823.0,151997.0,133425.0,3391147.0,2501989.0,11.01,6.86,15.97,9.11,20.6,0.0,0.0,70.85,117.67,1009.61,41.58,85.48,1,,
J45,천식,2011-12,88759.0,163651.0,149760.0,3601275.0,2678222.0,0.86,-3.4,5.57,8.97,23.3,0.06,0.0,59.14,19.72,1013.22,38.54,76.03,0,,
J45,천식,2012-01,101716.0,194748.0,172630.0,5209718.0,3913157.0,-0.99,-5.43,3.9,9.33,22.1,0.12,0.0,58.59,18.17,1011.59,51.46,111.02,2,,
J45,천식,2012-02,109664.0,215476.0,189860.0,5961459.0,4467816.0,-0.67,-5.54,4.67,10.21,24.3,0.12,0.0,55.34,15.71,1009.66,47.49,97.92,1,,
J45,천식,2012-03,102367.0,196610.0,175588.0,5018655.0,3740887.0,5.64,1.03,10.56,9.52,24.0,0.0,0.0,60.89,93.72,1006.22,51.53,140.08,2,,
J45,천식,2012-04,97027.0,184164.0,164419.0,4646546.0,3452337.0,12.47,6.62,18.58,11.96,26.6,0.0,0.0,60.29,139.37,1000.79,50.5,104.39,4,,
J45,천식,2012-05,90140.0,170464.0,152722.0,4172210.0,3084955.0,18.12,12.79,24.28,11.48,23.4,0.0,0.0,63.61,41.9,998.9,58.65,111.89,4,,
J45,천식,2012-06,73085.0,136961.0,121263.0,3459237.0,2545626.0,21.83,17.74,26.93,9.19,18.9,0.0,0.01,71.8,76.82,995.41,39.35,70.22,0,,
J45,천식,2012-07,61337.0,114976.0,100313.0,2960334.0,2163339.0,25.24,21.88,29.45,7.57,16.4,0.0,0.18,80.73,291.53,994.07,26.6,53.64,0,,
J45,천식,2012-08,57292.0,106090.0,91116.0,2788690.0,2039646.0,26.22,22.94,30.43,7.49,18.2,0.0,0.24,79.18,411.2,996.61,23.66,45.18,0,,
J45,천식,2012-09,65677.0,120096.0,106028.0,2858780.0,2111369.0,20.04,16.1,25.08,8.98,18.7,0.0,0.0,78.17,255.58,1001.15,34.0,79.18,0,,
J45,천식,2012-10,80971.0,149308.0,133216.0,3587109.0,2663054.0,14.34,8.89,20.93,12.04,22.9,0.0,0.0,68.84,55.53,1005.52,35.79,55.52,0,,
J45,천식,2012-11,80964.0,147977.0,132925.0,3463427.0,2570094.0,6.7,2.15,11.76,9.62,22.0,0.0,0.0,63.55,57.96,1005.93,42.89,109.03,3,,
J45,천식,2012-12,81013.0,149074.0,132187.0,3574179.0,2657641.0,-1.38,-5.64,3.27,8.9,23.9,0.15,0.0,65.81,67.07,1009.93,38.73,66.0,0,,
J45,천식,2013-01,91486.0,173521.0,152429.0,4528048.0,3369444.0,-1.79,-6.5,3.38,9.88,23.4,0.19,0.0,64.03,27.71,1011.95,55.97,152.15,5,,
J45,천식,2013-02,91603.0,168030.0,148660.0,4425063.0,3298665.0,0.81,-3.99,5.85,9.85,24.4,0.07,0.0,58.13,52.03,1010.65,45.09,85.8,1,,
J45,천식,2013-03,97234.0,185150.0,162247.0,4951045.0,3690657.0,6.58,0.36,13.42,13.05,29.2,0.0,0.0,58.45,62.93,1004.2,52.46,143.47,3,,
J45,천식,2013-04,93794.0,176475.0,155854.0,4608278.0,3422742.0,10.19,4.38,16.18,11.8,28.7,0.0,0.0,60.04,76.95,1000.38,53.16,144.42,2,,
J45,천식,2013-05,83871.0,156871.0,137239.0,4114486.0,3037988.0,17.59,11.9,23.86,11.96,25.1,0.0,0.01,66.71,133.28,999.3,55.32,107.91,3,,
J45,천식,2013-06,64963.0,120573.0,102635.0,3370491.0,2481686.0,22.27,18.33,27.27,8.94,20.2,0.0,0.01,75.99,101.82,995.9,41.31,67.49,0,,
J45,천식,2013-07,58823.0,110226.0,93496.0,3060782.0,2228257.0,26.03,23.08,29.89,6.81,15.6,0.0,0.12,81.17,297.67,994.01,32.25,84.67,1,,
J45,천식,2013-08,55145.0,102823.0,86061.0,2907752.0,2125682.0,27.04,23.25,32.03,8.77,17.1,0.0,0.4,77.8,158.83,994.95,34.84,64.25,0,,
J45,천식,2013-09,64114.0,115541.0,100020.0,2990714.0,2198562.0,21.03,16.91,26.25,9.34,19.5,0.0,0.0,76.49,112.9,1002.52,32.75,81.3,1,,
J45,천식,2013-10,73718.0,136625.0,118481.0,3530004.0,2606651.0,15.41,10.44,21.52,11.08,22.3,0.0,0.0,71.9,57.34,1006.96,34.5,60.86,0,,
J45,천식,2013-11,76432.0,140724.0,123251.0,3550785.0,2641866.0,7.17,2.45,12.61,10.17,19.5,0.0,0.0,66.53,61.88,1006.94,41.19,78.27,0,,
J45,천식,2013-12,78003.0,143709.0,125635.0,3770196.0,2796520.0,1.61,-2.75,6.5,9.25,21.0,0.03,0.0,65.02,22.08,1008.32,46.82,102.55,3,,
J45,천식,2014-01,85885.0,161861.0,140671.0,4469912.0,3327086.0,0.64,-4.6,6.36,10.96,25.6,0.06,0.0,58.1,13.86,1011.15,54.36,116.93,3,,
J45,천식,2014-02,96739.0,182189.0,159072.0,5256556.0,3915008.0,2.55,-2.0,7.82,9.82,22.1,0.01,0.0,64.05,32.95,1011.17,56.51,139.72,7,,
J45,천식,2014-03,91366.0,171740.0,149104.0,4892604.0,3621817.0,7.59,2.15,13.34,11.19,24.3,0.0,0.0,62.0,82.3,1006.59,55.51,128.39,3,,
J45,천식,2014-04,84206.0,156469.0,137085.0,4294289.0,3168977.0,13.16,7.44,19.59,12.14,26.9,0.0,0.0,59.9,86.98,1004.14,54.72,99.35,2,,
J45,천식,2014-05,79509.0,148849.0,129039.0,4193645.0,3100307.0,18.11,11.97,24.7,12.73,25.2,0.0,0.03,60.41,67.73,998.6,64.17,163.21,6,,
J45,천식,2014-06,65068.0,120619.0,102393.0,3497845.0,2569870.0,21.51,17.67,26.42,8.75,19.5,0.0,0.01,74.66,79.35,994.41,40.82,100.38,1,,
J45,천식,2014-07,62181.0,116769.0,98411.0,3453354.0,2531797.0,24.75,21.17,29.36,8.19,19.3,0.0,0.13,78.58,167.06,995.34,35.9,83.56,1,,
J45,천식,2014-08,60367.0,112048.0,93916.0,3343525.0,2453755.0,23.59,20.72,27.48,6.76,15.9,0.0,0.03,83.08,393.94,996.03,28.93,75.76,0,,
J45,천식,2014-09,66711.0,122192.0,104695.0,3426297.0,2510818.0,20.75,16.43,26.27,9.84,19.8,0.0,0.0,76.99,119.88,1001.09,32.08,53.27,0,,
J45,천식,2014-10,72419.0,131143.0,113922.0,3552739.0,2609064.0,14.83,9.58,21.12,11.54,24.2,0.0,0.0,72.3,113.95,1006.9,37.67,74.01,0,,
J45,천식,2014-11,78720.0,141012.0,122972.0,3796995.0,2807717.0,8.91,4.22,14.47,10.25,20.9,0.0,0.0,69.73,60.74,1008.38,38.68,59.2,0,,
J45,천식,2014-12,85859.0,157846.0,137798.0,4310966.0,3185705.0,-0.25,-4.67,4.58,9.25,19.4,0.06,0.0,61.57,27.83,1010.31,38.06,107.27,2,,
J45,천식,2015-01,89325.0,170491.0,144531.0,5502750.0,4082406.0,0.72,-3.72,5.65,9.37,20.0,0.04,0.0,64.11,30.7,1010.61,48.74,86.16,1,,
J45,천식,2015-02,91029.0,167874.0,143539.0,5373496.0,3987310.0,2.12,-2.42,7.25,9.67,23.9,0.02,0.0,61.39,28.65,1008.65,69.15,312.54,7,,
J45,천식,2015-03,101962.0,193490.0,166463.0,6076239.0,4488320.0,6.72,0.6,13.32,12.72,25.4,0.0,0.0,53.27,45.08,1007.98,67.61,148.68,9,,
J45,천식,2015-04,90317.0,168219.0,144483.0,5167063.0,3794212.0,12.56,7.26,18.42,11.16,26.3,0.0,0.0,66.37,133.96,1003.39,45.62,83.36,1,,
J45,천식,2015-05,79566.0,148833.0,125934.0,4680735.0,3430537.0,18.33,12.15,24.84,12.69,25.4,0.0,0.01,60.29,69.74,997.37,47.89,101.84,1,,
J45,천식,2015-06,67502.0,127019.0,107721.0,3668392.0,2716894.0,21.33,16.89,26.65,9.76,24.2,0.0,0.02,72.42,102.93,995.02,44.2,89.52,1,30.28,52.04
J45,천식,2015-07,58020.0,107058.0,88230.0,3275328.0,2363514.0,24.12,20.74,28.43,7.69,17.2,0.0,0.1,79.67,186.97,995.04,35.26,82.22,1,22.16,56.73
J45,천식,2015-08,54121.0,98706.0,80558.0,3177936.0,2296056.0,24.98,21.19,30.0,8.8,18.0,0.0,0.17,79.41,119.46,996.37,35.78,69.88,0,25.37,65.89
J45,천식,2015-09,60946.0,109760.0,92100.0,3320918.0,2407231.0,20.27,15.58,25.99,10.41,21.7,0.0,0.0,74.55,69.41,1001.67,29.05,50.61,0,22.25,46.31
J45,천식,2015-10,72491.0,130694.0,111233.0,3831850.0,2784567.0,14.95,9.63,21.48,11.84,23.9,0.0,0.0,69.42,64.8,1005.91,47.68,111.92,4,41.61,119.67
J45,천식,2015-11,73209.0,131049.0,111838.0,3863529.0,2811662.0,10.17,6.74,14.23,7.49,23.5,0.0,0.0,79.52,131.46,1010.17,40.04,90.85,3,37.77,91.87
J45,천식,2015-12,83351.0,153311.0,132067.0,4483129.0,3267755.0,3.71,-0.39,8.33,8.73,20.0,0.01,0.0,69.42,44.92,1011.77,46.68,85.95,1,43.82,79.75
J45,천식,2016-01,87354.0,162830.0,136466.0,5664102.0,4183445.0,-0.69,-4.86,3.94,8.79,20.8,0.11,0.0,61.48,30.66,1011.06,46.38,77.1,0,35.48,84.29
J45,천식,2016-02,96265.0,175080.0,149423.0,5896253.0,4317715.0,1.88,-2.96,7.11,10.07,23.9,0.03,0.0,58.26,50.92,1010.8,43.41,77.09,0,29.07,70.08
J45,천식,2016-03,94545.0,174136.0,148283.0,5893711.0,4273696.0,7.17,1.66,13.17,11.51,25.5,0.0,0.0,60.45,62.1,1008.36,59.6,120.08,3,35.3,56.25
J45,천식,2016-04,89510.0,162293.0,138499.0,5522050.0,3997868.0,13.66,8.15,20.0,11.85,27.0,0.0,0.0,65.29,163.52,1000.94,66.56,210.05,5,31.56,73.25
J45,천식,2016-05,84984.0,154687.0,130371.0,5380915.0,3884175.0,18.33,12.31,24.78,12.47,25.5,0.0,0.0,64.58,103.36,999.3,52.43,107.01,3,26.83,52.44
J45,천식,2016-06,72871.0,131407.0,109724.0,4655000.0,3336518.0,22.01,17.9,26.91,9.01,21.9,0.0,0.01,75.63,77.95,995.67,45.05,67.56,0,26.24,40.54
J45,천식,2016-07,64211.0,114800.0,93820.0,4157051.0,2962335.0,25.21,21.89,29.54,7.66,15.9,0.0,0.16,82.7,284.24,996.06,30.0,53.8,0,17.4,29.82
J45,천식,2016-08,63339.0,113604.0,92649.0,4112649.0,2923071.0,26.45,22.3,31.83,9.52,19.2,0.0,0.52,75.53,83.32,993.83,39.1,65.65,0,22.77,42.43
J45,천식,2016-09,69581.0,120483.0,101967.0,3975259.0,2820112.0,21.48,18.02,26.04,8.02,18.2,0.0,0.0,81.66,207.23,1000.99,41.34,66.61,0,23.83,36.89
J45,천식,2016-10,78507.0,136604.0,116941.0,4428202.0,3168139.0,15.8,11.98,20.67,8.68,20.3,0.0,0.0,77.84,155.11,1006.22,44.66,100.52,2,23.92,61.44
J45,천식,2016-11,82647.0,144531.0,124498.0,4608375.0,3290150.0,7.97,3.18,13.35,10.18,21.5,0.0,0.0,68.78,36.42,1009.61,51.18,86.23,2,30.57,65.06
J45,천식,2016-12,98257.0,175604.0,152896.0,5632108.0,4050462.0,3.26,-1.41,8.41,9.82,22.8,0.01,0.0,66.92,67.15,1010.95,43.78,75.88,0,29.21,61.17
J45,천식,2017-01,93709.0,169959.0,143595.0,6072149.0,4407212.0,0.27,-4.53,5.6,10.13,23.2,0.1,0.0,61.54,16.85,1011.27,49.39,89.3,3,28.39,61.19
J45,천식,2017-02,84958.0,147794.0,125716.0,5344951.0,3824554.0,1.74,-3.65,7.39,11.04,24.9,0.02,0.0,57.58,33.29,1009.36,44.13,85.1,1,24.54,61.54
J45,천식,2017-03,92578.0,166633.0,142100.0,6096133.0,4355564.0,6.22,0.55,12.5,11.95,25.1,0.0,0.0,57.94,25.37,1006.28,58.79,99.58,1,34.48,69.85
J45,천식,2017-04,90592.0,161233.0,137045.0,5927961.0,4237976.0,13.67,7.66,20.1,12.45,26.5,0.0,0.0,60.14,72.14,1000.34,57.84,123.4,3,25.03,47.81
J45,천식,2017-05,87036.0,156451.0,132194.0,5847596.0,4186562.0,18.46,12.28,25.11,12.83,25.7,0.0,0.02,61.79,30.87,999.82,63.27,237.67,6,23.8,52.5
J45,천식,2017-06,73243.0,129315.0,108041.0,4964368.0,3513003.0,21.52,16.37,27.53,11.16,22.1,0.0,0.05,68.02,57.39,996.35,41.29,65.96,0,22.96,36.56
J45,천식,2017-07,64186.0,113287.0,92363.0,4601352.0,3247760.0,26.25,23.13,30.43,7.3,18.7,0.0,0.19,83.6,281.34,995.76,33.03,52.57,0,19.21,33.41
J45,천식,2017-08,64245.0,111361.0,91730.0,4186682.0,2929394.0,25.32,21.77,29.86,8.08,17.5,0.0,0.18,80.61,238.53,995.52,27.87,48.7,0,14.57,28.66
J45,천식,2017-09,72191.0,123980.0,105817.0,4365989.0,3079582.0,20.47,15.75,26.15,10.4,22.6,0.0,0.0,75.75,96.26,1000.51,39.77,75.53,0,22.16,45.73
J45,천식,2017-10,70227.0,117300.0,99470.0,4166417.0,2948731.0,15.25,10.84,20.83,9.99,22.6,0.0,0.0,74.84,74.33,1007.67,38.13,76.65,0,19.35,46.46
J45,천식,2017-11,81589.0,140027.0,120435.0,4990283.0,3551559.0,6.91,1.4,13.01,11.61,23.9,0.0,0.0,62.36,12.39,1009.35,46.43,81.06,1,25.28,49.64
J45,천식,2017-12,94859.0,166036.0,142526.0,6133513.0,4417084.0,0.01,-4.76,5.1,9.86,23.8,0.07,0.0,58.99,23.31,1011.77,44.25,102.66,2,26.28,74.24
J45,천식,2018-01,118034.0,218989.0,187291.0,8821682.0,6476563.0,-1.87,-6.19,3.1,9.29,23.7,0.17,0.0,59.4,24.79,1010.0,51.65,102.53,5,30.77,73.72
J45,천식,2018-02,87993.0,149987.0,128437.0,5771214.0,4168029.0,-0.09,-5.54,5.68,11.22,25.8,0.12,0.0,51.67,34.83,1009.56,49.58,78.12,0,26.82,48.39
J45,천식,2018-03,87557.0,150214.0,129057.0,5963894.0,4235366.0,8.03,2.42,14.11,11.69,25.3,0.0,0.0,68.31,112.29,1007.03,47.45,95.74,3,28.22,66.85
J45,천식,2018-04,86181.0,147499.0,126964.0,5881150.0,4190322.0,13.15,7.26,19.36,12.11,26.9,0.0,0.0,64.13,139.6,1002.91,51.14,90.59,2,21.44,41.99
J45,천식,2018-05,88225.0,151881.0,130937.0,6016049.0,4294070.0,17.59,12.47,23.09,10.62,25.0,0.0,0.0,72.58,132.57,999.26,41.91,88.94,2,19.45,35.57
J45,천식,2018-06,76126.0,129104.0,110541.0,5137999.0,3629498.0,21.92,17.34,27.43,10.09,21.8,0.0,0.05,72.46,146.87,995.85,36.21,56.36,0,21.35,37.25
J45,천식,2018-07,66078.0,111893.0,94100.0,4736894.0,3314232.0,26.54,22.64,31.35,8.71,17.3,0.0,0.46,78.08,168.34,996.66,23.09,40.3,0,12.8,26.67
J45,천식,2018-08,62195.0,104055.0,86846.0,4265608.0,2967760.0,27.04,23.18,31.97,8.79,19.6,0.0,0.43,76.96,292.87,995.49,23.72,35.77,0,12.85,20.92
J45,천식,2018-09,65013.0,105582.0,90148.0,3994767.0,2811376.0,20.34,16.27,25.19,8.93,19.2,0.0,0.0,77.19,152.21,1000.97,22.11,39.58,0,9.67,19.35
J45,천식,2018-10,84274.0,139091.0,121294.0,5174310.0,3653736.0,13.05,8.03,19.11,11.08,21.4,0.0,0.0,71.8,166.57,1005.98,31.75,65.8,0,15.71,37.33
J45,천식,2018-11,87720.0,146421.0,128652.0,5374318.0,3807664.0,8.17,3.15,14.46,11.31,22.7,0.0,0.0,70.27,47.73,1010.42,59.81,145.15,5,34.91,79.43
J45,천식,2018-12,96150.0,162948.0,142428.0,6211476.0,4448272.0,1.4,-3.13,6.51,9.64,21.5,0.08,0.0,60.0,32.32,1013.34,45.26,90.28,2,25.53,66.81
J45,천식,2019-01,99345.0,172018.0,149130.0,7275158.0,5230358.0,0.44,-4.64,6.22,10.86,21.9,0.06,0.0,55.19,9.5,1012.18,62.48,146.64,5,37.36,114.77
J45,천식,2019-02,79724.0,130133.0,112057.0,5423018.0,3847874.0,2.49,-2.42,8.04,10.46,20.7,0.01,0.0,58.1,33.64,1010.49,58.37,119.64,3,36.08,85.07
J45,천식,2019-03,85251.0,142292.0,122941.0,5862655.0,4137382.0,7.41,1.69,13.63,11.95,26.4,0.0,0.0,60.32,42.31,1004.29,67.34,169.14,6,43.31,117.72
J45,천식,2019-04,92138.0,155107.0,135208.0,6653465.0,4711092.0,11.8,6.09,17.82,11.74,25.8,0.0,0.0,62.93,78.13,1002.46,43.43,88.23,1,22.26,42.97
J45,천식,2019-05,90695.0,153976.0,134054.0,6419253.0,4545521.0,18.35,11.63,25.24,13.61,26.7,0.0,0.02,58.14,66.77,999.58,52.71,97.81,2,27.67,58.0
J45,천식,2019-06,75081.0,123585.0,106189.0,5236841.0,3678934.0,21.03,16.48,26.45,9.97,21.8,0.0,0.01,74.83,153.17,995.07,34.02,53.02,0,22.48,37.58
J45,천식,2019-07,73482.0,122182.0,105026.0,5244230.0,3621481.0,24.51,21.24,28.68,7.45,19.5,0.0,0.08,80.88,235.29,994.41,26.45,49.1,0,17.02,37.26
J45,천식,2019-08,66106.0,106845.0,91166.0,4565258.0,3156871.0,25.92,22.16,30.65,8.49,15.4,0.0,0.26,79.44,143.15,995.29,28.76,52.0,0,17.45,38.33
J45,천식,2019-09,71123.0,111786.0,97618.0,4372570.0,3009100.0,21.59,17.95,26.29,8.34,18.9,0.0,0.0,81.7,237.35,1002.8,26.83,60.44,0,14.32,41.58
J45,천식,2019-10,82100.0,131337.0,116383.0,5034853.0,3495793.0,15.7,11.03,21.3,10.27,21.3,0.0,0.0,75.17,164.45,1006.54,38.65,83.11,1,19.95,37.4
J45,천식,2019-11,82689.0,134920.0,118445.0,5484483.0,3860056.0,8.82,3.57,15.12,11.54,22.9,0.0,0.0,69.27,54.24,1009.95,45.76,87.3,1,24.44,48.18
J45,천식,2019-12,93118.0,151428.0,134299.0,6021805.0,4230994.0,2.97,-1.54,8.16,9.69,22.9,0.01,0.0,65.83,29.54,1012.46,42.49,89.34,1,28.77,61.88
J45,천식,2020-01,101397.0,171349.0,149987.0,7616058.0,5484144.0,2.92,-0.96,7.67,8.64,19.6,0.0,0.0,68.41,84.56,1010.27,45.96,80.29,0,31.69,62.0
J45,천식,2020-02,83037.0,134241.0,118354.0,5283395.0,3766284.0,3.74,-1.12,9.13,10.26,23.2,0.02,0.0,67.05,58.97,1011.66,44.64,88.55,2,30.11,67.05
J45,천식,2020-03,73342.0,115484.0,100968.0,4410297.0,3096437.0,7.9,1.92,14.04,12.12,24.8,0.0,0.0,60.73,33.14,1005.23,48.45,85.07,1,26.43,64.21
J45,천식,2020-04,67511.0,104906.0,90837.0,4391775.0,3021107.0,10.73,4.57,17.09,12.52,26.1,0.0,0.0,55.96,43.24,1004.91,45.17,83.12,2,20.39,32.54
J45,천식,2020-05,65094.0,101135.0,87345.0,4468766.0,3073347.0,17.54,12.68,23.06,10.39,22.8,0.0,0.0,72.78,108.66,998.48,35.78,75.82,0,19.42,31.49
J45,천식,2020-06,63006.0,96787.0,84231.0,4373239.0,2965455.0,22.59,18.2,27.84,9.64,22.5,0.0,0.06,75.68,192.17,994.65,35.14,61.11,0,19.55,32.44
J45,천식,2020-07,61616.0,95888.0,82119.0,4387594.0,2976684.0,22.55,19.7,26.27,6.56,16.2,0.0,0.0,86.23,411.05,995.36,22.23,42.09,0,12.92,29.12
J45,천식,2020-08,55155.0,84746.0,71613.0,3759746.0,2560283.0,26.53,23.58,30.56,6.98,16.1,0.0,0.19,85.22,399.13,997.42,24.21,39.74,0,13.33,26.84
J45,천식,2020-09,64168.0,97141.0,85254.0,3896949.0,2654132.0,20.26,16.52,24.99,8.47,19.0,0.0,0.0,80.4,230.87,1000.01,24.78,44.3,0,13.18,24.9
J45,천식,2020-10,64034.0,96224.0,83127.0,4225773.0,2894257.0,13.98,8.81,20.19,11.38,21.5,0.0,0.0,68.96,13.47,1008.18,39.42,73.16,0,20.33,44.45
J45,천식,2020-11,62179.0,95443.0,82008.0,4385113.0,3027510.0,8.88,3.92,14.45,10.53,23.1,0.0,0.0,65.6,40.57,1012.12,42.58,83.79,1,25.33,58.03
J45,천식,2020-12,64704.0,99218.0,86112.0,4153728.0,2880714.0,0.87,-3.78,6.36,10.15,19.3,0.06,0.0,60.61,10.76,1013.13,42.41,79.2,0,27.34,58.99
J45,천식,2021-01,59257.0,90442.0,76873.0,4110195.0,2839444.0,-0.54,-5.61,4.87,10.48,22.5,0.17,0.0,63.55,24.77,1011.44,44.71,103.5,2,24.86,42.83
J45,천식,2021-02,57936.0,86358.0,74521.0,3836429.0,2631153.0,3.78,-1.65,9.69,11.35,27.4,0.01,0.0,58.52,22.54,1008.4,52.24,95.49,5,31.66,76.72
J45,천식,2021-03,66852.0,103411.0,89484.0,4934212.0,3371242.0,8.91,3.45,14.91,11.46,24.2,0.0,0.0,67.6,113.02,1007.2,79.25,488.35,8,34.77,82.85
J45,천식,2021-04,64206.0,98622.0,85307.0,4540161.0,3084778.0,13.25,7.48,19.31,11.83,24.9,0.0,0.0,58.99,77.17,1006.17,47.13,87.21,2,20.69,39.47
J45,천식,2021-05,62062.0,94839.0,81725.0,4391736.0,3004288.0,16.74,11.61,22.25,10.64,23.4,0.0,0.0,71.03,139.1,997.42,63.56,415.67,5,22.34,88.09
J45,천식,2021-06,60999.0,92463.0,79553.0,4375661.0,2965695.0,21.77,17.62,26.75,9.14,20.8,0.0,0.0,77.55,97.12,996.29,35.11,59.05,0,20.78,31.83
J45,천식,2021-07,54741.0,84435.0,70745.0,4129464.0,2805708.0,26.07,22.34,30.77,8.43,16.1,0.0,0.26,80.78,236.44,996.83,23.76,48.44,0,13.41,33.59
J45,천식,2021-08,55549.0,83065.0,70814.0,3971549.0,2713809.0,24.94,21.71,29.34,7.63,15.6,0.0,0.12,83.03,287.8,996.98,23.16,41.28,0,12.85,29.58
J45,천식,2021-09,56502.0,83101.0,71824.0,3744675.0,2532727.0,21.54,17.95,25.99,8.04,15.3,0.0,0.0,80.68,158.26,1001.79,18.51,28.44,0,8.9,16.16
J45,천식,2021-10,58836.0,88135.0,75400.0,4125612.0,2820309.0,15.45,10.82,21.38,10.56,21.0,0.0,0.0,76.1,54.89,1008.97,32.51,52.8,0,16.96,31.92
J45,천식,2021-11,62864.0,95469.0,82433.0,4506138.0,3092030.0,8.68,3.75,14.82,11.07,22.0,0.0,0.0,70.08,56.49,1007.15,44.31,106.04,2,24.99,76.14
J45,천식,2021-12,64976.0,97860.0,85115.0,4190424.0,2855684.0,2.35,-2.49,7.84,10.33,20.4,0.05,0.0,63.85,10.09,1011.76,42.72,92.94,1,26.03,60.41
J45,천식,2022-01,61971.0,94910.0,80947.0,4661668.0,3234213.0,-0.3,-5.3,5.32,10.63,22.4,0.09,0.0,57.01,4.5,1011.48,45.28,99.93,2,30.3,78.42
J45,천식,2022-02,61296.0,91219.0,78919.0,4337143.0,3016618.0,0.32,-4.88,5.93,10.81,23.5,0.06,0.0,52.02,4.57,1012.35,43.52,98.52,3,27.8,77.25
J45,천식,2022-03,72098.0,107305.0,94688.0,4760396.0,3303816.0,7.9,2.29,13.84,11.54,23.7,0.0,0.0,64.98,91.99,1004.99,47.08,100.94,2,25.31,48.17
J45,천식,2022-04,70061.0,103323.0,90853.0,4730754.0,3237430.0,13.81,7.67,20.38,12.72,25.0,0.0,0.0,60.53,60.47,1004.74,45.16,156.52,1,21.83,35.7
J45,천식,2022-05,64663.0,96047.0,84108.0,4562478.0,3059173.0,18.05,11.69,24.6,12.91,24.5,0.0,0.01,58.29,6.07,1000.41,34.82,58.75,0,17.23,32.95
J45,천식,2022-06,57660.0,84991.0,73190.0,4313116.0,2912713.0,22.34,18.38,27.09,8.71,23.1,0.0,0.05,76.47,180.74,995.9,22.86,38.95,0,11.41,22.52
J45,천식,2022-07,55985.0,83374.0,71159.0,4187248.0,2810291.0,25.99,22.59,30.33,7.73,16.6,0.0,0.2,81.65,184.25,994.37,25.53,41.38,0,14.66,27.3
J45,천식,2022-08,59917.0,88254.0,75935.0,4288069.0,2906157.0,25.44,22.33,29.29,6.96,18.2,0.0,0.11,83.12,280.77,995.75,18.85,28.62,0,8.91,16.69
J45,천식,2022-09,61784.0,89255.0,78357.0,4214985.0,2845559.0,21.13,16.91,26.38,9.47,22.4,0.0,0.01,77.04,157.82,1001.15,26.57,50.21,0,13.73,35.64
J45,천식,2022-10,63831.0,93575.0,81752.0,4413387.0,3007530.0,14.21,9.25,20.22,10.97,24.3,0.0,0.0,72.53,76.72,1009.32,34.23,60.12,0,19.27,42.75
J45,천식,2022-11,67323.0,100573.0,87624.0,5039210.0,3439799.0,9.99,4.41,16.74,12.33,23.8,0.0,0.0,68.1,62.27,1008.75,46.78,92.22,2,27.94,66.92
J45,천식,2022-12,69628.0,103827.0,90654.0,4947099.0,3382531.0,-0.76,-5.27,4.33,9.6,21.1,0.11,0.0,61.79,17.02,1011.5,38.29,113.42,1,22.24,36.61
J45,천식,2023-01,68080.0,102550.0,88457.0,5397969.0,3720219.0,-0.06,-5.14,5.56,10.7,25.8,0.11,0.0,62.69,44.95,1011.53,51.29,149.56,4,27.61,89.0
J45,천식,2023-02,65525.0,97844.0,84256.0,5271890.0,3618236.0,2.86,-2.33,8.75,11.09,25.7,0.0,0.0,60.9,19.36,1012.66,53.91,107.32,4,35.06,77.85
J45,천식,2023-03,72829.0,111650.0,96120.0,6269883.0,4323500.0,9.51,3.01,16.52,13.51,25.7,0.0,0.0,56.49,30.92,1007.87,70.44,140.77,8,29.72,56.32
J45,천식,2023-04,72050.0,110644.0,94877.0,6186337.0,4286930.0,13.18,7.27,19.08,11.8,26.1,0.0,0.0,63.03,70.46,1002.92,75.03,306.24,8,25.07,84.74
J45,천식,2023-05,76101.0,118102.0,102323.0,6430467.0,4457824.0,17.89,12.53,23.56,11.02,26.7,0.0,0.01,70.56,201.29,1001.52,40.44,160.02,2,18.52,35.59
J45,천식,2023-06,68817.0,103792.0,89873.0,5657028.0,3850910.0,22.34,18.03,27.45,9.42,18.8,0.0,0.03,75.66,203.27,995.74,28.16,41.52,0,16.42,24.93
J45,천식,2023-07,63288.0,94921.0,81713.0,5153682.0,3519142.0,25.55,22.49,29.63,7.13,16.0,0.0,0.14,85.64,483.87,996.49,24.37,50.19,0,13.8,34.94
J45,천식,2023-08,62841.0,93157.0,79584.0,5078675.0,3451933.0,26.5,23.09,30.97,7.88,15.2,0.0,0.3,81.64,292.99,994.21,24.84,36.55,0,13.61,23.92
J45,천식,2023-09,59494.0,86756.0,75172.0,4509306.0,3056680.0,22.73,19.25,27.31,8.06,18.5,0.0,0.0,81.67,193.0,1001.37,24.84,46.25,0,13.31,29.29
J45,천식,2023-10,69255.0,102088.0,88454.0,5273654.0,3612131.0,15.03,9.94,21.36,11.42,22.3,0.0,0.0,72.15,16.35,1006.84,33.9,53.61,0,17.48,34.21
J45,천식,2023-11,72740.0,109604.0,94636.0,5977349.0,4125764.0,8.34,3.31,13.85,10.54,23.1,0.0,0.0,65.65,65.1,1009.04,32.71,88.83,1,18.39,43.56
J45,천식,2023-12,76219.0,114750.0,100544.0,6021502.0,4173485.0,2.82,-1.59,7.72,9.31,24.2,0.05,0.0,70.62,102.05,1011.96,40.95,86.45,1,25.71,63.86
J45,천식,2024-01,80054.0,127017.0,107497.0,8023423.0,5637240.0,1.32,-2.94,6.1,9.04,22.0,0.04,0.0,67.25,35.3,1012.14,39.26,86.36,1,27.15,60.07
J45,천식,2024-02,73394.0,112024.0,96302.0,6460762.0,4492387.0,4.43,0.44,9.04,8.6,23.0,0.0,0.0,75.76,110.19,1011.72,36.49,91.17,1,25.69,70.28
J45,천식,2024-03,74704.0,113053.0,97607.0,6455689.0,4462803.0,7.11,1.74,12.72,10.99,24.4,0.0,0.0,62.61,68.17,1006.01,50.11,145.58,5,24.3,63.03
J45,천식,2024-04,76452.0,116051.0,101221.0,6509028.0,4489556.0,14.95,9.51,21.06,11.55,26.5,0.0,0.0,68.48,84.93,1001.96,52.03,140.01,3,24.05,38.31
J45,천식,2024-05,72730.0,110458.0,96021.0,6029718.0,4142034.0,17.73,11.9,23.96,12.06,27.2,0.0,0.0,67.49,119.52,1001.4,32.19,79.66,0,17.11,36.2
J45,천식,2024-06,64272.0,96327.0,82987.0,5671315.0,3908344.0,22.68,17.64,28.34,10.7,24.0,0.0,0.1,71.33,145.51,996.37,30.19,50.03,0,17.05,23.56
J45,천식,2024-07,67681.0,102312.0,88680.0,5803370.0,3948790.0,26.31,23.43,29.98,6.55,15.1,0.0,0.15,83.71,353.5,995.68,18.74,39.2,0,10.08,27.6
J45,천식,2024-08,64401.0,95429.0,82666.0,5281337.0,3617233.0,28.0,24.22,33.02,8.81,16.6,0.0,0.56,78.96,83.62,995.9,25.45,37.69,0,15.2,24.67
J45,천식,2024-09,60822.0,87299.0,76558.0,4485991.0,3015805.0,24.81,21.06,29.77,8.71,19.9,0.0,0.21,79.93,249.76,1001.53,20.46,33.15,0,10.78,20.87
J45,천식,2024-10,68517.0,99494.0,87658.0,5196879.0,3511580.0,16.42,12.23,21.65,9.42,19.9,0.0,0.0,79.41,119.26,1007.87,29.25,60.21,0,16.43,36.53
J45,천식,2024-11,68459.0,100754.0,88831.0,5458260.0,3730085.0,10.07,5.33,15.81,10.48,21.3,0.0,0.0,71.56,73.07,1009.58,32.89,53.31,0,19.99,36.49
J45,천식,2024-12,75610.0,112930.0,99411.0,6124662.0,4210583.0,2.26,-2.15,7.26,9.41,19.4,0.01,0.0,60.1,8.16,1010.47,32.43,55.49,0,18.56,33.45
J45,천식,2025-01,83477.0,131760.0,113773.0,8037927.0,5736781.0,0.25,-4.48,5.72,10.2,21.7,0.05,0.0,63.45,17.67,1011.21,38.81,90.37,1,25.47,70.35
J45,천식,2025-02,72093.0,107913.0,93517.0,6465118.0,4440833.0,-0.1,-5.1,5.34,10.44,24.3,0.08,0.0,56.48,20.79,1011.22,35.0,68.36,0,19.43,46.18
J45,천식,2025-03,72349.0,109468.0,93610.0,6802197.0,4680453.0,7.73,2.15,13.76,11.61,26.7,0.0,0.0,61.19,49.18,1006.2,52.07,133.94,4,28.35,50.89
J45,천식,2025-04,72341.0,108650.0,93803.0,6478571.0,4407560.0,13.11,6.76,19.69,12.93,25.9,0.0,0.0,62.31,69.22,999.94,40.1,64.57,0,21.1,33.95
J45,천식,2025-05,66067.0,97326.0,84205.0,5686013.0,3875982.0,16.79,11.64,22.39,10.75,22.9,0.0,0.0,72.05,119.36,999.52,30.51,51.16,0,18.05,30.71
J30,혈관운동성 및 알레르기성 비염,2010-01,113429.0,164680.0,160978.0,2019487.0,1554869.0,-1.57,-6.4,3.66,10.06,22.5,0.16,0.0,62.75,34.36,1010.25,48.36,98.13,2,,
J30,혈관운동성 및 알레르기성 비염,2010-02,93745.0,134800.0,131734.0,1683200.0,1284233.0,2.42,-1.83,7.16,8.99,25.5,0.03,0.0,65.29,86.66,1008.05,41.59,83.52,1,,
J30,혈관운동성 및 알레르기성 비염,2010-03,85855.0,128028.0,124628.0,1638067.0,1232443.0,5.41,1.17,9.78,8.61,22.7,0.0,0.0,65.66,97.88,1007.24,59.17,174.83,7,,
J30,혈관운동성 및 알레르기성 비염,2010-04,89398.0,134382.0,130603.0,1725093.0,1297541.0,9.71,4.5,15.2,10.7,24.2,0.0,0.0,60.35,99.9,1005.35,49.38,85.89,1,,
J30,혈관운동성 및 알레르기성 비염,2010-05,79086.0,118730.0,115658.0,1522283.0,1143799.0,16.84,11.47,22.64,11.16,25.9,0.0,0.0,65.85,125.95,998.81,54.54,136.5,5,,
J30,혈관운동성 및 알레르기성 비염,2010-06,56883.0,84870.0,82506.0,1130220.0,835125.0,22.0,17.26,27.55,10.28,23.4,0.0,0.02,70.07,75.04,997.69,48.66,115.88,2,,
J30,혈관운동성 및 알레르기성 비염,2010-07,44829.0,67552.0,65356.0,896041.0,659378.0,25.15,22.1,29.25,7.15,14.5,0.0,0.08,80.13,257.87,996.27,31.35,65.41,0,,
J30,혈관운동성 및 알레르기성 비염,2010-08,41938.0,61466.0,59753.0,817514.0,602207.0,26.69,23.71,30.88,7.17,16.0,0.0,0.24,81.92,364.9,998.8,33.58,62.5,0,,
J30,혈관운동성 및 알레르기성 비염,2010-09,74171.0,105784.0,103406.0,1337005.0,1009629.0,21.73,17.95,26.78,8.83,19.5,0.0,0.04,78.23,255.24,1001.24,32.99,83.31,1,,
J30,혈관운동성 및 알레르기성 비염,2010-10,94516.0,139155.0,135824.0,1728128.0,1313831.0,14.48,9.7,20.4,10.7,21.5,0.0,0.0,71.84,44.44,1006.16,49.23,91.53,2,,
J30,혈관운동성 및 알레르기성 비염,2010-11,89336.0,132374.0,129000.0,1663939.0,1262486.0,7.05,1.42,13.5,12.07,22.5,0.0,0.0,60.37,11.95,1008.07,71.32,167.89,7,,
J30,혈관운동성 및 알레르기성 비염,2010-12,91956.0,136696.0,133190.0,1705678.0,1292484.0,1.04,-3.8,6.38,10.18,22.1,0.07,0.0,61.42,32.99,1003.99,57.96,149.82,8,,
J30,혈관운동성 및 알레르기성 비염,2011-01,98657.0,148184.0,144142.0,1862732.0,1425162.0,-4.6,-9.56,0.55,10.12,23.4,0.32,0.0,55.76,9.23,1012.44,38.21,57.97,0,,
J30,혈관운동성 및 알레르기성 비염,2011-02,85227.0,122173.0,119573.0,1567169.0,1196273.0,1.93,-3.15,7.87,11.02,25.3,0.03,0.0,64.68,64.64,1008.38,65.32,135.42,8,,
J30,혈관운동성 및 알레르기성 비염,2011-03,105932.0,156041.0,152611.0,2018286.0,1533760.0,4.57,-0.8,10.33,11.13,24.8,0.0,0.0,52.07,25.29,1008.08,64.8,265.38,4,,
J30,혈관운동성 및 알레르기성 비염,2011-04,97012.0,143847.0,140621.0,1878118.0,1418142.0,11.09,5.11,17.21,12.1,26.7,0.0,0.0,59.35,113.75,1001.66,56.56,99.4,4,,
J30,혈관운동성 및 알레르기성 비염,2011-05,79724.0,119554.0,116884.0,1581812.0,1187271.0,17.08,12.08,22.53,10.44,24.0,0.0,0.0,66.78,126.03,998.86,74.0,269.72,10,,
J30,혈관운동성 및 알레르기성 비염,2011-06,57336.0,84879.0,82831.0,1149976.0,851008.0,21.69,17.43,26.8,9.36,19.8,0.0,0.02,73.79,281.59,994.88,44.59,76.24,0,,
J30,혈관운동성 및 알레르기성 비염,2011-07,45676.0,67327.0,65456.0,923481.0,681577.0,24.93,22.01,28.8,6.79,16.1,0.0,0.08,82.07,462.82,994.3,29.49,66.6,0,,
J30,혈관운동성 및 알레르기성 비염,2011-08,47825.0,69487.0,67567.0,975294.0,720303.0,24.96,22.08,28.96,6.87,14.9,0.0,0.08,82.18,280.06,996.64,30.26,50.87,0,,
J30,혈관운동성 및 알레르기성 비염,2011-09,83743.0,124486.0,121997.0,1629739.0,1228478.0,20.92,16.72,26.2,9.48,21.8,0.0,0.03,73.37,76.07,1000.12,34.82,60.4,0,,
J30,혈관운동성 및 알레르기성 비염,2011-10,92261.0,134367.0,132030.0,1705583.0,1315437.0,13.82,8.59,20.14,11.55,23.2,0.0,0.0,68.95,55.46,1007.3,47.56,70.02,0,,
J30,혈관운동성 및 알레르기성 비염,2011-11,93846.0,135036.0,132678.0,1710539.0,1323241.0,11.01,6.86,15.97,9.11,20.6,0.0,0.0,70.85,117.67,1009.61,41.58,85.48,1,,
J30,혈관운동성 및 알레르기성 비염,2011-12,124021.0,178110.0,177753.0,2228992.0,1735333.0,0.86,-3.4,5.57,8.97,23.3,0.06,0.0,59.14,19.72,1013.22,38.54,76.03,0,,
J30,혈관운동성 및 알레르기성 비염,2012-01,125262.0,180955.0,180642.0,2313840.0,1807072.0,-0.99,-5.43,3.9,9.33,22.1,0.12,0.0,58.59,18.17,1011.59,51.46,111.02,2,,
J30,혈관운동성 및 알레르기성 비염,2012-02,115412.0,168920.0,168613.0,2164920.0,1681479.0,-0.67,-5.54,4.67,10.21,24.3,0.12,0.0,55.34,15.71,1009.66,47.49,97.92,1,,
J30,혈관운동성 및 알레르기성 비염,2012-03,108682.0,159358.0,158996.0,2065806.0,1594749.0,5.64,1.03,10.56,9.52,24.0,0.0,0.0,60.89,93.72,1006.22,51.53,140.08,2,,
J30,혈관운동성 및 알레르기성 비염,2012-04,99685.0,144750.0,144533.0,1902291.0,1459184.0,12.47,6.62,18.58,11.96,26.6,0.0,0.0,60.29,139.37,1000.79,50.5,104.39,4,,
J30,혈관운동성 및 알레르기성 비염,2012-05,91422.0,134546.0,134176.0,1780702.0,1357413.0,18.12,12.79,24.28,11.48,23.4,0.0,0.0,63.61,41.9,998.9,58.65,111.89,4,,
J30,혈관운동성 및 알레르기성 비염,2012-06,62583.0,91312.0,91155.0,1242212.0,938707.0,21.83,17.74,26.93,9.19,18.9,0.0,0.01,71.8,76.82,995.41,39.35,70.22,0,,
J30,혈관운동성 및 알레르기성 비염,2012-07,50356.0,72789.0,72677.0,1013501.0,759859.0,25.24,21.88,29.45,7.57,16.4,0.0,0.18,80.73,291.53,994.07,26.6,53.64,0,,
J30,혈관운동성 및 알레르기성 비염,2012-08,48612.0,68920.0,68688.0,931757.0,706346.0,26.22,22.94,30.43,7.49,18.2,0.0,0.24,79.18,411.2,996.61,23.66,45.18,0,,
J30,혈관운동성 및 알레르기성 비염,2012-09,82084.0,118849.0,118697.0,1562600.0,1194645.0,20.04,16.1,25.08,8.98,18.7,0.0,0.0,78.17,255.58,1001.15,34.0,79.18,0,,
J30,혈관운동성 및 알레르기성 비염,2012-10,107754.0,153520.0,153062.0,1996800.0,1537845.0,14.34,8.89,20.93,12.04,22.9,0.0,0.0,68.84,55.53,1005.52,35.79,55.52,0,,
J30,혈관운동성 및 알레르기성 비염,2012-11,103189.0,147964.0,147823.0,1908204.0,1471910.0,6.7,2.15,11.76,9.62,22.0,0.0,0.0,63.55,57.96,1005.93,42.89,109.03,3,,
J30,혈관운동성 및 알레르기성 비염,2012-12,102910.0,146050.0,145899.0,1877695.0,1453977.0,-1.38,-5.64,3.27,8.9,23.9,0.15,0.0,65.81,67.07,1009.93,38.73,66.0,0,,
J30,혈관운동성 및 알레르기성 비염,2013-01,118590.0,172122.0,171793.0,2271171.0,1762928.0,-1.79,-6.5,3.38,9.88,23.4,0.19,0.0,64.03,27.71,1011.95,55.97,152.15,5,,
J30,혈관운동성 및 알레르기성 비염,2013-02,110253.0,155409.0,155153.0,2047626.0,1589407.0,0.81,-3.99,5.85,9.85,24.4,0.07,0.0,58.13,52.03,1010.65,45.09,85.8,1,,
J30,혈관운동성 및 알레르기성 비염,2013-03,117959.0,169665.0,169359.0,2264802.0,1750942.0,6.58,0.36,13.42,13.05,29.2,0.0,0.0,58.45,62.93,1004.2,52.46,143.47,3,,
J30,혈관운동성 및 알레르기성 비염,2013-04,116933.0,168446.0,168244.0,2246043.0,1731047.0,10.19,4.38,16.18,11.8,28.7,0.0,0.0,60.04,76.95,1000.38,53.16,144.42,2,,
J30,혈관운동성 및 알레르기성 비염,2013-05,98760.0,142076.0,141920.0,1932439.0,1473972.0,17.59,11.9,23.86,11.96,25.1,0.0,0.01,66.71,133.28,999.3,55.32,107.91,3,,
J30,혈관운동성 및 알레르기성 비염,2013-06,60518.0,86155.0,85976.0,1196875.0,909040.0,22.27,18.33,27.27,8.94,20.2,0.0,0.01,75.99,101.82,995.9,41.31,67.49,0,,
J30,혈관운동성 및 알레르기성 비염,2013-07,53812.0,77818.0,77606.0,1103239.0,829864.0,26.03,23.08,29.89,6.81,15.6,0.0,0.12,81.17,297.67,994.01,32.25,84.67,1,,
J30,혈관운동성 및 알레르기성 비염,2013-08,54833.0,77412.0,77127.0,1099543.0,829352.0,27.04,23.25,32.03,8.77,17.1,0.0,0.4,77.8,158.83,994.95,34.84,64.25,0,,
J30,혈관운동성 및 알레르기성 비염,2013-09,98377.0,141373.0,141251.0,1908657.0,1463233.0,21.03,16.91,26.25,9.34,19.5,0.0,0.0,76.49,112.9,1002.52,32.75,81.3,1,,
J30,혈관운동성 및 알레르기성 비염,2013-10,106227.0,151229.0,150969.0,2072621.0,1599369.0,15.41,10.44,21.52,11.08,22.3,0.0,0.0,71.9,57.34,1006.96,34.5,60.86,0,,
J30,혈관운동성 및 알레르기성 비염,2013-11,109375.0,155865.0,155630.0,2105082.0,1638445.0,7.17,2.45,12.61,10.17,19.5,0.0,0.0,66.53,61.88,1006.94,41.19,78.27,0,,
J30,혈관운동성 및 알레르기성 비염,2013-12,115055.0,163656.0,163478.0,2212506.0,1720723.0,1.61,-2.75,6.5,9.25,21.0,0.03,0.0,65.02,22.08,1008.32,46.82,102.55,3,,
J30,혈관운동성 및 알레르기성 비염,2014-01,138297.0,196986.0,196650.0,2703097.0,2094100.0,0.64,-4.6,6.36,10.96,25.6,0.06,0.0,58.1,13.86,1011.15,54.36,116.93,3,,
J30,혈관운동성 및 알레르기성 비염,2014-02,133913.0,188998.0,188817.0,2615352.0,2013977.0,2.55,-2.0,7.82,9.82,22.1,0.01,0.0,64.05,32.95,1011.17,56.51,139.72,7,,
J30,혈관운동성 및 알레르기성 비염,2014-03,121859.0,172782.0,172530.0,2428587.0,1866116.0,7.59,2.15,13.34,11.19,24.3,0.0,0.0,62.0,82.3,1006.59,55.51,128.39,3,,
J30,혈관운동성 및 알레르기성 비염,2014-04,116186.0,165903.0,165776.0,2356633.0,1804725.0,13.16,7.44,19.59,12.14,26.9,0.0,0.0,59.9,86.98,1004.14,54.72,99.35,2,,
J30,혈관운동성 및 알레르기성 비염,2014-05,99006.0,140915.0,140759.0,2045555.0,1564179.0,18.11,11.97,24.7,12.73,25.2,0.0,0.03,60.41,67.73,998.6,64.17,163.21,6,,
J30,혈관운동성 및 알레르기성 비염,2014-06,66750.0,94540.0,94350.0,1404506.0,1066585.0,21.51,17.67,26.42,8.75,19.5,0.0,0.01,74.66,79.35,994.41,40.82,100.38,1,,
J30,혈관운동성 및 알레르기성 비염,2014-07,64022.0,90954.0,90798.0,1357171.0,1028483.0,24.75,21.17,29.36,8.19,19.3,0.0,0.13,78.58,167.06,995.34,35.9,83.56,1,,
J30,혈관운동성 및 알레르기성 비염,2014-08,67089.0,93539.0,93330.0,1393266.0,1061109.0,23.59,20.72,27.48,6.76,15.9,0.0,0.03,83.08,393.94,996.03,28.93,75.76,0,,
J30,혈관운동성 및 알레르기성 비염,2014-09,112033.0,161326.0,161113.0,2328363.0,1773690.0,20.75,16.43,26.27,9.84,19.8,0.0,0.0,76.99,119.88,1001.09,32.08,53.27,0,,
J30,혈관운동성 및 알레르기성 비염,2014-10,115967.0,162151.0,162008.0,2284463.0,1746041.0,14.83,9.58,21.12,11.54,24.2,0.0,0.0,72.3,113.95,1006.9,37.67,74.01,0,,
J30,혈관운동성 및 알레르기성 비염,2014-11,127166.0,176992.0,176835.0,2454969.0,1888731.0,8.91,4.22,14.47,10.25,20.9,0.0,0.0,69.73,60.74,1008.38,38.68,59.2,0,,
J30,혈관운동성 및 알레르기성 비염,2014-12,136273.0,192620.0,192447.0,2641053.0,2032516.0,-0.25,-4.67,4.58,9.25,19.4,0.06,0.0,61.57,27.83,1010.31,38.06,107.27,2,,
J30,혈관운동성 및 알레르기성 비염,2015-01,130567.0,186083.0,185913.0,2663478.0,2048648.0,0.72,-3.72,5.65,9.37,20.0,0.04,0.0,64.11,30.7,1010.61,48.74,86.16,1,,
J30,혈관운동성 및 알레르기성 비염,2015-02,123611.0,171675.0,171448.0,2460143.0,1894760.0,2.12,-2.42,7.25,9.67,23.9,0.02,0.0,61.39,28.65,1008.65,69.15,312.54,7,,
J30,혈관운동성 및 알레르기성 비염,2015-03,141336.0,201232.0,200932.0,2920915.0,2233436.0,6.72,0.6,13.32,12.72,25.4,0.0,0.0,53.27,45.08,1007.98,67.61,148.68,9,,
J30,혈관운동성 및 알레르기성 비염,2015-04,125817.0,177208.0,177027.0,2605444.0,1981277.0,12.56,7.26,18.42,11.16,26.3,0.0,0.0,66.37,133.96,1003.39,45.62,83.36,1,,
J30,혈관운동성 및 알레르기성 비염,2015-05,110190.0,155168.0,155041.0,2291567.0,1741464.0,18.33,12.15,24.84,12.69,25.4,0.0,0.01,60.29,69.74,997.37,47.89,101.84,1,,
J30,혈관운동성 및 알레르기성 비염,2015-06,83720.0,120781.0,120708.0,1726319.0,1332228.0,21.33,16.89,26.65,9.76,24.2,0.0,0.02,72.42,102.93,995.02,44.2,89.52,1,30.28,52.04
J30,혈관운동성 및 알레르기성 비염,2015-07,65085.0,92259.0,92100.0,1407276.0,1065218.0,24.12,20.74,28.43,7.69,17.2,0.0,0.1,79.67,186.97,995.04,35.26,82.22,1,22.16,56.73
J30,혈관운동성 및 알레르기성 비염,2015-08,63225.0,86575.0,86463.0,1328328.0,1001280.0,24.98,21.19,30.0,8.8,18.0,0.0,0.17,79.41,119.46,996.37,35.78,69.88,0,25.37,65.89
J30,혈관운동성 및 알레르기성 비염,2015-09,114134.0,162118.0,162020.0,2382570.0,1804967.0,20.27,15.58,25.99,10.41,21.7,0.0,0.0,74.55,69.41,1001.67,29.05,50.61,0,22.25,46.31
J30,혈관운동성 및 알레르기성 비염,2015-10,127085.0,175504.0,175190.0,2557654.0,1953430.0,14.95,9.63,21.48,11.84,23.9,0.0,0.0,69.42,64.8,1005.91,47.68,111.92,4,41.61,119.67
J30,혈관운동성 및 알레르기성 비염,2015-11,118243.0,163013.0,162895.0,2366296.0,1806770.0,10.17,6.74,14.23,7.49,23.5,0.0,0.0,79.52,131.46,1010.17,40.04,90.85,3,37.77,91.87
J30,혈관운동성 및 알레르기성 비염,2015-12,157432.0,218485.0,218359.0,3138064.0,2400785.0,3.71,-0.39,8.33,8.73,20.0,0.01,0.0,69.42,44.92,1011.77,46.68,85.95,1,43.82,79.75
J30,혈관운동성 및 알레르기성 비염,2016-01,166676.0,232208.0,232080.0,3432612.0,2633171.0,-0.69,-4.86,3.94,8.79,20.8,0.11,0.0,61.48,30.66,1011.06,46.38,77.1,0,35.48,84.29
J30,혈관운동성 및 알레르기성 비염,2016-02,151594.0,209479.0,209251.0,3112252.0,2381787.0,1.88,-2.96,7.11,10.07,23.9,0.03,0.0,58.26,50.92,1010.8,43.41,77.09,0,29.07,70.08
J30,혈관운동성 및 알레르기성 비염,2016-03,138504.0,194586.0,194409.0,2950528.0,2245975.0,7.17,1.66,13.17,11.51,25.5,0.0,0.0,60.45,62.1,1008.36,59.6,120.08,3,35.3,56.25
J30,혈관운동성 및 알레르기성 비염,2016-04,137599.0,192467.0,192305.0,2939535.0,2232212.0,13.66,8.15,20.0,11.85,27.0,0.0,0.0,65.29,163.52,1000.94,66.56,210.05,5,31.56,73.25
J30,혈관운동성 및 알레르기성 비염,2016-05,117588.0,163319.0,163225.0,2518795.0,1903570.0,18.33,12.31,24.78,12.47,25.5,0.0,0.0,64.58,103.36,999.3,52.43,107.01,3,26.83,52.44
J30,혈관운동성 및 알레르기성 비염,2016-06,86710.0,120514.0,120430.0,1876186.0,1413476.0,22.01,17.9,26.91,9.01,21.9,0.0,0.01,75.63,77.95,995.67,45.05,67.56,0,26.24,40.54
J30,혈관운동성 및 알레르기성 비염,2016-07,72905.0,100561.0,100458.0,1589931.0,1197989.0,25.21,21.89,29.54,7.66,15.9,0.0,0.16,82.7,284.24,996.06,30.0,53.8,0,17.4,29.82
J30,혈관운동성 및 알레르기성 비염,2016-08,76935.0,103345.0,103241.0,1610907.0,1216269.0,26.45,22.3,31.83,9.52,19.2,0.0,0.52,75.53,83.32,993.83,39.1,65.65,0,22.77,42.43
J30,혈관운동성 및 알레르기성 비염,2016-09,120335.0,166072.0,165913.0,2532366.0,1920626.0,21.48,18.02,26.04,8.02,18.2,0.0,0.0,81.66,207.23,1000.99,41.34,66.61,0,23.83,36.89
J30,혈관운동성 및 알레르기성 비염,2016-10,130691.0,178795.0,178586.0,2673141.0,2051492.0,15.8,11.98,20.67,8.68,20.3,0.0,0.0,77.84,155.11,1006.22,44.66,100.52,2,23.92,61.44
J30,혈관운동성 및 알레르기성 비염,2016-11,139006.0,192273.0,192126.0,2865469.0,2196114.0,7.97,3.18,13.35,10.18,21.5,0.0,0.0,68.78,36.42,1009.61,51.18,86.23,2,30.57,65.06
J30,혈관운동성 및 알레르기성 비염,2016-12,164530.0,231773.0,231671.0,3409371.0,2617484.0,3.26,-1.41,8.41,9.82,22.8,0.01,0.0,66.92,67.15,1010.95,43.78,75.88,0,29.21,61.17
J30,혈관운동성 및 알레르기성 비염,2017-01,146440.0,204058.0,203742.0,3088477.0,2378952.0,0.27,-4.53,5.6,10.13,23.2,0.1,0.0,61.54,16.85,1011.27,49.39,89.3,3,28.39,61.19
J30,혈관운동성 및 알레르기성 비염,2017-02,132754.0,182012.0,181880.0,2831818.0,2169818.0,1.74,-3.65,7.39,11.04,24.9,0.02,0.0,57.58,33.29,1009.36,44.13,85.1,1,24.54,61.54
J30,혈관운동성 및 알레르기성 비염,2017-03,153099.0,214210.0,213951.0,3346429.0,2562543.0,6.22,0.55,12.5,11.95,25.1,0.0,0.0,57.94,25.37,1006.28,58.79,99.58,1,34.48,69.85
J30,혈관운동성 및 알레르기성 비염,2017-04,152014.0,209091.0,208883.0,3283934.0,2506514.0,13.67,7.66,20.1,12.45,26.5,0.0,0.0,60.14,72.14,1000.34,57.84,123.4,3,25.03,47.81
J30,혈관운동성 및 알레르기성 비염,2017-05,138080.0,190552.0,190428.0,3024647.0,2305026.0,18.46,12.28,25.11,12.83,25.7,0.0,0.02,61.79,30.87,999.82,63.27,237.67,6,23.8,52.5
J30,혈관운동성 및 알레르기성 비염,2017-06,96605.0,133485.0,133407.0,2182716.0,1648321.0,21.52,16.37,27.53,11.16,22.1,0.0,0.05,68.02,57.39,996.35,41.29,65.96,0,22.96,36.56
J30,혈관운동성 및 알레르기성 비염,2017-07,74237.0,102077.0,101962.0,1689734.0,1274637.0,26.25,23.13,30.43,7.3,18.7,0.0,0.19,83.6,281.34,995.76,33.03,52.57,0,19.21,33.41
J30,혈관운동성 및 알레르기성 비염,2017-08,86124.0,115393.0,115238.0,1882829.0,1425460.0,25.32,21.77,29.86,8.08,17.5,0.0,0.18,80.61,238.53,995.52,27.87,48.7,0,14.57,28.66
J30,혈관운동성 및 알레르기성 비염,2017-09,144561.0,205365.0,205299.0,3227184.0,2459822.0,20.47,15.75,26.15,10.4,22.6,0.0,0.0,75.75,96.26,1000.51,39.77,75.53,0,22.16,45.73
J30,혈관운동성 및 알레르기성 비염,2017-10,126646.0,167660.0,167531.0,2648871.0,2032296.0,15.25,10.84,20.83,9.99,22.6,0.0,0.0,74.84,74.33,1007.67,38.13,76.65,0,19.35,46.46
J30,혈관운동성 및 알레르기성 비염,2017-11,160575.0,219364.0,219205.0,3373051.0,2595776.0,6.91,1.4,13.01,11.61,23.9,0.0,0.0,62.36,12.39,1009.35,46.43,81.06,1,25.28,49.64
J30,혈관운동성 및 알레르기성 비염,2017-12,203428.0,279922.0,279703.0,4257585.0,3285191.0,0.01,-4.76,5.1,9.86,23.8,0.07,0.0,58.99,23.31,1011.77,44.25,102.66,2,26.28,74.24
J30,혈관운동성 및 알레르기성 비염,2018-01,226227.0,320469.0,320104.0,5026628.0,3974827.0,-1.87,-6.19,3.1,9.29,23.7,0.17,0.0,59.4,24.79,1010.0,51.65,102.53,5,30.77,73.72
J30,혈관운동성 및 알레르기성 비염,2018-02,158356.0,212930.0,212814.0,3392369.0,2671314.0,-0.09,-5.54,5.68,11.22,25.8,0.12,0.0,51.67,34.83,1009.56,49.58,78.12,0,26.82,48.39
J30,혈관운동성 및 알레르기성 비염,2018-03,148189.0,202873.0,202725.0,3352863.0,2625686.0,8.03,2.42,14.11,11.69,25.3,0.0,0.0,68.31,112.29,1007.03,47.45,95.74,3,28.22,66.85
J30,혈관운동성 및 알레르기성 비염,2018-04,155704.0,214081.0,213993.0,3524362.0,2752171.0,13.15,7.26,19.36,12.11,26.9,0.0,0.0,64.13,139.6,1002.91,51.14,90.59,2,21.44,41.99
J30,혈관운동성 및 알레르기성 비염,2018-05,137052.0,187915.0,187800.0,3128994.0,2438394.0,17.59,12.47,23.09,10.62,25.0,0.0,0.0,72.58,132.57,999.26,41.91,88.94,2,19.45,35.57
J30,혈관운동성 및 알레르기성 비염,2018-06,99714.0,137250.0,137134.0,2345632.0,1819022.0,21.92,17.34,27.43,10.09,21.8,0.0,0.05,72.46,146.87,995.85,36.21,56.36,0,21.35,37.25
J30,혈관운동성 및 알레르기성 비염,2018-07,79553.0,108528.0,108454.0,1879959.0,1447327.0,26.54,22.64,31.35,8.71,17.3,0.0,0.46,78.08,168.34,996.66,23.09,40.3,0,12.8,26.67
J30,혈관운동성 및 알레르기성 비염,2018-08,76125.0,102393.0,102217.0,1771458.0,1367050.0,27.04,23.18,31.97,8.79,19.6,0.0,0.43,76.96,292.87,995.49,23.72,35.77,0,12.85,20.92
J30,혈관운동성 및 알레르기성 비염,2018-09,128057.0,172572.0,172502.0,2889387.0,2252929.0,20.34,16.27,25.19,8.93,19.2,0.0,0.0,77.19,152.21,1000.97,22.11,39.58,0,9.67,19.35
J30,혈관운동성 및 알레르기성 비염,2018-10,172358.0,233041.0,232940.0,3796276.0,2980887.0,13.05,8.03,19.11,11.08,21.4,0.0,0.0,71.8,166.57,1005.98,31.75,65.8,0,15.71,37.33
J30,혈관운동성 및 알레르기성 비염,2018-11,163217.0,222807.0,222623.0,3623683.0,2844345.0,8.17,3.15,14.46,11.31,22.7,0.0,0.0,70.27,47.73,1010.42,59.81,145.15,5,34.91,79.43
J30,혈관운동성 및 알레르기성 비염,2018-12,182733.0,250246.0,250171.0,4026952.0,3169670.0,1.4,-3.13,6.51,9.64,21.5,0.08,0.0,60.0,32.32,1013.34,45.26,90.28,2,25.53,66.81
J30,혈관운동성 및 알레르기성 비염,2019-01,186042.0,256763.0,256658.0,4267609.0,3364077.0,0.44,-4.64,6.22,10.86,21.9,0.06,0.0,55.19,9.5,1012.18,62.48,146.64,5,37.36,114.77
J30,혈관운동성 및 알레르기성 비염,2019-02,147302.0,194142.0,194116.0,3284514.0,2590295.0,2.49,-2.42,8.04,10.46,20.7,0.01,0.0,58.1,33.64,1010.49,58.37,119.64,3,36.08,85.07
J30,혈관운동성 및 알레르기성 비염,2019-03,154432.0,209268.0,209252.0,3616206.0,2837283.0,7.41,1.69,13.63,11.95,26.4,0.0,0.0,60.32,42.31,1004.29,67.34,169.14,6,43.31,117.72
J30,혈관운동성 및 알레르기성 비염,2019-04,173226.0,236241.0,236284.0,4014560.0,3144844.0,11.8,6.09,17.82,11.74,25.8,0.0,0.0,62.93,78.13,1002.46,43.43,88.23,1,22.26,42.97
J30,혈관운동성 및 알레르기성 비염,2019-05,167868.0,230276.0,230238.0,3984908.0,3110035.0,18.35,11.63,25.24,13.61,26.7,0.0,0.02,58.14,66.77,999.58,52.71,97.81,2,27.67,58.0
J30,혈관운동성 및 알레르기성 비염,2019-06,103918.0,140002.0,139993.0,2470051.0,1920077.0,21.03,16.48,26.45,9.97,21.8,0.0,0.01,74.83,153.17,995.07,34.02,53.02,0,22.48,37.58
J30,혈관운동성 및 알레르기성 비염,2019-07,94612.0,129280.0,129198.0,2315692.0,1791832.0,24.51,21.24,28.68,7.45,19.5,0.0,0.08,80.88,235.29,994.41,26.45,49.1,0,17.02,37.26
J30,혈관운동성 및 알레르기성 비염,2019-08,90068.0,118988.0,118990.0,2131675.0,1651544.0,25.92,22.16,30.65,8.49,15.4,0.0,0.26,79.44,143.15,995.29,28.76,52.0,0,17.45,38.33
J30,혈관운동성 및 알레르기성 비염,2019-09,141692.0,188848.0,188846.0,3250949.0,2540735.0,21.59,17.95,26.29,8.34,18.9,0.0,0.0,81.7,237.35,1002.8,26.83,60.44,0,14.32,41.58
J30,혈관운동성 및 알레르기성 비염,2019-10,167046.0,223817.0,223664.0,3767490.0,2983954.0,15.7,11.03,21.3,10.27,21.3,0.0,0.0,75.17,164.45,1006.54,38.65,83.11,1,19.95,37.4
J30,혈관운동성 및 알레르기성 비염,2019-11,171648.0,231512.0,231517.0,3867750.0,3065222.0,8.82,3.57,15.12,11.54,22.9,0.0,0.0,69.27,54.24,1009.95,45.76,87.3,1,24.44,48.18
J30,혈관운동성 및 알레르기성 비염,2019-12,200940.0,272376.0,272294.0,4514087.0,3581406.0,2.97,-1.54,8.16,9.69,22.9,0.01,0.0,65.83,29.54,1012.46,42.49,89.34,1,28.77,61.88
J30,혈관운동성 및 알레르기성 비염,2020-01,223489.0,303436.0,303386.0,5138630.0,4078810.0,2.92,-0.96,7.67,8.64,19.6,0.0,0.0,68.41,84.56,1010.27,45.96,80.29,0,31.69,62.0
J30,혈관운동성 및 알레르기성 비염,2020-02,166175.0,228148.0,228133.0,3843397.0,3052299.0,3.74,-1.12,9.13,10.26,23.2,0.02,0.0,67.05,58.97,1011.66,44.64,88.55,2,30.11,67.05
J30,혈관운동성 및 알레르기성 비염,2020-03,133117.0,182273.0,182255.0,3095644.0,2459399.0,7.9,1.92,14.04,12.12,24.8,0.0,0.0,60.73,33.14,1005.23,48.45,85.07,1,26.43,64.21
J30,혈관운동성 및 알레르기성 비염,2020-04,120716.0,162786.0,162698.0,2903519.0,2290161.0,10.73,4.57,17.09,12.52,26.1,0.0,0.0,55.96,43.24,1004.91,45.17,83.12,2,20.39,32.54
J30,혈관운동성 및 알레르기성 비염,2020-05,111281.0,150877.0,150760.0,2781532.0,2178388.0,17.54,12.68,23.06,10.39,22.8,0.0,0.0,72.78,108.66,998.48,35.78,75.82,0,19.42,31.49
J30,혈관운동성 및 알레르기성 비염,2020-06,90283.0,122989.0,122975.0,2290972.0,1787278.0,22.59,18.2,27.84,9.64,22.5,0.0,0.06,75.68,192.17,994.65,35.14,61.11,0,19.55,32.44
J30,혈관운동성 및 알레르기성 비염,2020-07,84564.0,115542.0,115519.0,2159993.0,1690369.0,22.55,19.7,26.27,6.56,16.2,0.0,0.0,86.23,411.05,995.36,22.23,42.09,0,12.92,29.12
J30,혈관운동성 및 알레르기성 비염,2020-08,76255.0,101766.0,101678.0,1900742.0,1490095.0,26.53,23.58,30.56,6.98,16.1,0.0,0.19,85.22,399.13,997.42,24.21,39.74,0,13.33,26.84
J30,혈관운동성 및 알레르기성 비염,2020-09,139800.0,190021.0,189785.0,3387307.0,2668898.0,20.26,16.52,24.99,8.47,19.0,0.0,0.0,80.4,230.87,1000.01,24.78,44.3,0,13.18,24.9
J30,혈관운동성 및 알레르기성 비염,2020-10,140711.0,183050.0,182988.0,3235338.0,2562753.0,13.98,8.81,20.19,11.38,21.5,0.0,0.0,68.96,13.47,1008.18,39.42,73.16,0,20.33,44.45
J30,혈관운동성 및 알레르기성 비염,2020-11,121963.0,161435.0,161227.0,2867439.0,2267709.0,8.88,3.92,14.45,10.53,23.1,0.0,0.0,65.6,40.57,1012.12,42.58,83.79,1,25.33,58.03
J30,혈관운동성 및 알레르기성 비염,2020-12,134414.0,180430.0,180350.0,3173034.0,2522943.0,0.87,-3.78,6.36,10.15,19.3,0.06,0.0,60.61,10.76,1013.13,42.41,79.2,0,27.34,58.99
J30,혈관운동성 및 알레르기성 비염,2021-01,112180.0,147758.0,147719.0,2756092.0,2177136.0,-0.54,-5.61,4.87,10.48,22.5,0.17,0.0,63.55,24.77,1011.44,44.71,103.5,2,24.86,42.83
J30,혈관운동성 및 알레르기성 비염,2021-02,104474.0,136111.0,135958.0,2560437.0,2022591.0,3.78,-1.65,9.69,11.35,27.4,0.01,0.0,58.52,22.54,1008.4,52.24,95.49,5,31.66,76.72
J30,혈관운동성 및 알레르기성 비염,2021-03,117307.0,156984.0,156856.0,3043800.0,2390656.0,8.91,3.45,14.91,11.46,24.2,0.0,0.0,67.6,113.02,1007.2,79.25,488.35,8,34.77,82.85
J30,혈관운동성 및 알레르기성 비염,2021-04,134077.0,178169.0,178087.0,3362039.0,2640697.0,13.25,7.48,19.31,11.83,24.9,0.0,0.0,58.99,77.17,1006.17,47.13,87.21,2,20.69,39.47
J30,혈관운동성 및 알레르기성 비염,2021-05,112220.0,148472.0,148344.0,2807008.0,2210745.0,16.74,11.61,22.25,10.64,23.4,0.0,0.0,71.03,139.1,997.42,63.56,415.67,5,22.34,88.09
J30,혈관운동성 및 알레르기성 비염,2021-06,97133.0,127372.0,127089.0,2455250.0,1919902.0,21.77,17.62,26.75,9.14,20.8,0.0,0.0,77.55,97.12,996.29,35.11,59.05,0,20.78,31.83
J30,혈관운동성 및 알레르기성 비염,2021-07,78992.0,105309.0,105282.0,2053871.0,1605516.0,26.07,22.34,30.77,8.43,16.1,0.0,0.26,80.78,236.44,996.83,23.76,48.44,0,13.41,33.59
J30,혈관운동성 및 알레르기성 비염,2021-08,86171.0,111745.0,111772.0,2146816.0,1679000.0,24.94,21.71,29.34,7.63,15.6,0.0,0.12,83.03,287.8,996.98,23.16,41.28,0,12.85,29.58
J30,혈관운동성 및 알레르기성 비염,2021-09,133441.0,175309.0,175261.0,3293705.0,2577474.0,21.54,17.95,25.99,8.04,15.3,0.0,0.0,80.68,158.26,1001.79,18.51,28.44,0,8.9,16.16
J30,혈관운동성 및 알레르기성 비염,2021-10,129321.0,165215.0,165202.0,3080105.0,2430497.0,15.45,10.82,21.38,10.56,21.0,0.0,0.0,76.1,54.89,1008.97,32.51,52.8,0,16.96,31.92
J30,혈관운동성 및 알레르기성 비염,2021-11,135441.0,177694.0,177627.0,3237641.0,2564759.0,8.68,3.75,14.82,11.07,22.0,0.0,0.0,70.08,56.49,1007.15,44.31,106.04,2,24.99,76.14
J30,혈관운동성 및 알레르기성 비염,2021-12,147766.0,193596.0,193472.0,3471033.0,2757626.0,2.35,-2.49,7.84,10.33,20.4,0.05,0.0,63.85,10.09,1011.76,42.72,92.94,1,26.03,60.41
J30,혈관운동성 및 알레르기성 비염,2022-01,143298.0,189099.0,189100.0,3559152.0,2831387.0,-0.3,-5.3,5.32,10.63,22.4,0.09,0.0,57.01,4.5,1011.48,45.28,99.93,2,30.3,78.42
J30,혈관운동성 및 알레르기성 비염,2022-02,147908.0,192980.0,192950.0,3732059.0,3008905.0,0.32,-4.88,5.93,10.81,23.5,0.06,0.0,52.02,4.57,1012.35,43.52,98.52,3,27.8,77.25
J30,혈관운동성 및 알레르기성 비염,2022-03,165040.0,216213.0,216185.0,4481799.0,3667110.0,7.9,2.29,13.84,11.54,23.7,0.0,0.0,64.98,91.99,1004.99,47.08,100.94,2,25.31,48.17
J30,혈관운동성 및 알레르기성 비염,2022-04,165229.0,214069.0,213839.0,4172191.0,3316932.0,13.81,7.67,20.38,12.72,25.0,0.0,0.0,60.53,60.47,1004.74,45.16,156.52,1,21.83,35.7
J30,혈관운동성 및 알레르기성 비염,2022-05,136250.0,177051.0,177009.0,3518388.0,2770253.0,18.05,11.69,24.6,12.91,24.5,0.0,0.01,58.29,6.07,1000.41,34.82,58.75,0,17.23,32.95
J30,혈관운동성 및 알레르기성 비염,2022-06,95616.0,123318.0,123309.0,2503800.0,1961496.0,22.34,18.38,27.09,8.71,23.1,0.0,0.05,76.47,180.74,995.9,22.86,38.95,0,11.41,22.52
J30,혈관운동성 및 알레르기성 비염,2022-07,91028.0,117289.0,117204.0,2386984.0,1885506.0,25.99,22.59,30.33,7.73,16.6,0.0,0.2,81.65,184.25,994.37,25.53,41.38,0,14.66,27.3
J30,혈관운동성 및 알레르기성 비염,2022-08,108912.0,138148.0,137919.0,2790509.0,2228297.0,25.44,22.33,29.29,6.96,18.2,0.0,0.11,83.12,280.77,995.75,18.85,28.62,0,8.91,16.69
J30,혈관운동성 및 알레르기성 비염,2022-09,169773.0,219632.0,219353.0,4336170.0,3430488.0,21.13,16.91,26.38,9.47,22.4,0.0,0.01,77.04,157.82,1001.15,26.57,50.21,0,13.73,35.64
J30,혈관운동성 및 알레르기성 비염,2022-10,156729.0,198618.0,198414.0,3839968.0,3059504.0,14.21,9.25,20.22,10.97,24.3,0.0,0.0,72.53,76.72,1009.32,34.23,60.12,0,19.27,42.75
J30,혈관운동성 및 알레르기성 비염,2022-11,160886.0,206543.0,206375.0,3977095.0,3182518.0,9.99,4.41,16.74,12.33,23.8,0.0,0.0,68.1,62.27,1008.75,46.78,92.22,2,27.94,66.92
J30,혈관운동성 및 알레르기성 비염,2022-12,197224.0,253563.0,253420.0,4788694.0,3847141.0,-0.76,-5.27,4.33,9.6,21.1,0.11,0.0,61.79,17.02,1011.5,38.29,113.42,1,22.24,36.61
J30,혈관운동성 및 알레르기성 비염,2023-01,181475.0,230641.0,230508.0,4468058.0,3584358.0,-0.06,-5.14,5.56,10.7,25.8,0.11,0.0,62.69,44.95,1011.53,51.29,149.56,4,27.61,89.0
J30,혈관운동성 및 알레르기성 비염,2023-02,161229.0,206016.0,206022.0,4110156.0,3268323.0,2.86,-2.33,8.75,11.09,25.7,0.0,0.0,60.9,19.36,1012.66,53.91,107.32,4,35.06,77.85
J30,혈관운동성 및 알레르기성 비염,2023-03,187110.0,242856.0,242795.0,4859649.0,3845490.0,9.51,3.01,16.52,13.51,25.7,0.0,0.0,56.49,30.92,1007.87,70.44,140.77,8,29.72,56.32
J30,혈관운동성 및 알레르기성 비염,2023-04,198650.0,256833.0,256769.0,5102973.0,4034351.0,13.18,7.27,19.08,11.8,26.1,0.0,0.0,63.03,70.46,1002.92,75.03,306.24,8,25.07,84.74
J30,혈관운동성 및 알레르기성 비염,2023-05,172624.0,224910.0,224797.0,4515141.0,3569917.0,17.89,12.53,23.56,11.02,26.7,0.0,0.01,70.56,201.29,1001.52,40.44,160.02,2,18.52,35.59
J30,혈관운동성 및 알레르기성 비염,2023-06,127757.0,166258.0,165894.0,3410126.0,2691180.0,22.34,18.03,27.45,9.42,18.8,0.0,0.03,75.66,203.27,995.74,28.16,41.52,0,16.42,24.93
J30,혈관운동성 및 알레르기성 비염,2023-07,116882.0,150151.0,149892.0,3152247.0,2496171.0,25.55,22.49,29.63,7.13,16.0,0.0,0.14,85.64,483.87,996.49,24.37,50.19,0,13.8,34.94
J30,혈관운동성 및 알레르기성 비염,2023-08,118213.0,150290.0,150104.0,3165728.0,2503683.0,26.5,23.09,30.97,7.88,15.2,0.0,0.3,81.64,292.99,994.21,24.84,36.55,0,13.61,23.92
J30,혈관운동성 및 알레르기성 비염,2023-09,163691.0,210906.0,210857.0,4221685.0,3311931.0,22.73,19.25,27.31,8.06,18.5,0.0,0.0,81.67,193.0,1001.37,24.84,46.25,0,13.31,29.29
J30,혈관운동성 및 알레르기성 비염,2023-10,200376.0,253886.0,253729.0,4974474.0,3935618.0,15.03,9.94,21.36,11.42,22.3,0.0,0.0,72.15,16.35,1006.84,33.9,53.61,0,17.48,34.21
J30,혈관운동성 및 알레르기성 비염,2023-11,202552.0,258915.0,258781.0,4962314.0,3928019.0,8.34,3.31,13.85,10.54,23.1,0.0,0.0,65.65,65.1,1009.04,32.71,88.83,1,18.39,43.56
J30,혈관운동성 및 알레르기성 비염,2023-12,213924.0,275201.0,275241.0,5263999.0,4167025.0,2.82,-1.59,7.72,9.31,24.2,0.05,0.0,70.62,102.05,1011.96,40.95,86.45,1,25.71,63.86
J30,혈관운동성 및 알레르기성 비염,2024-01,214789.0,279906.0,279781.0,5517135.0,4373396.0,1.32,-2.94,6.1,9.04,22.0,0.04,0.0,67.25,35.3,1012.14,39.26,86.36,1,27.15,60.07
J30,혈관운동성 및 알레르기성 비염,2024-02,181965.0,232218.0,232218.0,4631114.0,3666477.0,4.43,0.44,9.04,8.6,23.0,0.0,0.0,75.76,110.19,1011.72,36.49,91.17,1,25.69,70.28
J30,혈관운동성 및 알레르기성 비염,2024-03,190257.0,244608.0,244550.0,5004486.0,3950309.0,7.11,1.74,12.72,10.99,24.4,0.0,0.0,62.61,68.17,1006.01,50.11,145.58,5,24.3,63.03
J30,혈관운동성 및 알레르기성 비염,2024-04,206418.0,264978.0,264941.0,5424141.0,4269241.0,14.95,9.51,21.06,11.55,26.5,0.0,0.0,68.48,84.93,1001.96,52.03,140.01,3,24.05,38.31
J30,혈관운동성 및 알레르기성 비염,2024-05,177086.0,227983.0,227914.0,4715483.0,3712759.0,17.73,11.9,23.96,12.06,27.2,0.0,0.0,67.49,119.52,1001.4,32.19,79.66,0,17.11,36.2
J30,혈관운동성 및 알레르기성 비염,2024-06,131095.0,167214.0,167204.0,3559764.0,2790587.0,22.68,17.64,28.34,10.7,24.0,0.0,0.1,71.33,145.51,996.37,30.19,50.03,0,17.05,23.56
J30,혈관운동성 및 알레르기성 비염,2024-07,133213.0,170998.0,170960.0,3610672.0,2833093.0,26.31,23.43,29.98,6.55,15.1,0.0,0.15,83.71,353.5,995.68,18.74,39.2,0,10.08,27.6
J30,혈관운동성 및 알레르기성 비염,2024-08,148002.0,187272.0,187137.0,3923833.0,3082049.0,28.0,24.22,33.02,8.81,16.6,0.0,0.56,78.96,83.62,995.9,25.45,37.69,0,15.2,24.67
J30,혈관운동성 및 알레르기성 비염,2024-09,157893.0,198453.0,198448.0,4175282.0,3275571.0,24.81,21.06,29.77,8.71,19.9,0.0,0.21,79.93,249.76,1001.53,20.46,33.15,0,10.78,20.87
J30,혈관운동성 및 알레르기성 비염,2024-10,184338.0,231912.0,231837.0,4761650.0,3754882.0,16.42,12.23,21.65,9.42,19.9,0.0,0.0,79.41,119.26,1007.87,29.25,60.21,0,16.43,36.53
J30,혈관운동성 및 알레르기성 비염,2024-11,182270.0,231572.0,231559.0,4718768.0,3723581.0,10.07,5.33,15.81,10.48,21.3,0.0,0.0,71.56,73.07,1009.58,32.89,53.31,0,19.99,36.49
J30,혈관운동성 및 알레르기성 비염,2024-12,215565.0,277975.0,277992.0,5570740.0,4409997.0,2.26,-2.15,7.26,9.41,19.4,0.01,0.0,60.1,8.16,1010.47,32.43,55.49,0,18.56,33.45
J30,혈관운동성 및 알레르기성 비염,2025-01,232441.0,302411.0,302439.0,6205027.0,4909899.0,0.25,-4.48,5.72,10.2,21.7,0.05,0.0,63.45,17.67,1011.21,38.81,90.37,1,25.47,70.35
J30,혈관운동성 및 알레르기성 비염,2025-02,194108.0,246607.0,246626.0,5286330.0,4154402.0,-0.1,-5.1,5.34,10.44,24.3,0.08,0.0,56.48,20.79,1011.22,35.0,68.36,0,19.43,46.18
J30,혈관운동성 및 알레르기성 비염,2025-03,210505.0,266692.0,266593.0,5763829.0,4511510.0,7.73,2.15,13.76,11.61,26.7,0.0,0.0,61.19,49.18,1006.2,52.07,133.94,4,28.35,50.89
J30,혈관운동성 및 알레르기성 비염,2025-04,236102.0,298454.0,298416.0,6392307.0,5003007.0,13.11,6.76,19.69,12.93,25.9,0.0,0.0,62.31,69.22,999.94,40.1,64.57,0,21.1,33.95
J30,혈관운동성 및 알레르기성 비염,2025-05,179163.0,225991.0,225913.0,4957929.0,3874818.0,16.79,11.64,22.39,10.75,22.9,0.0,0.0,72.05,119.36,999.52,30.51,51.16,0,18.05,30.71
