정류장번호,정류장명,위도,경도,정보수집일,모바일단축번호,도시코드,도시명,관리도시명,시도,시군구,읍면동
CAB285000452,신세계아파트,36.76774465,127.3049241,2025-10-31,452,34010,충청남도 천안시,천안BIS,충청남도,천안시동남구,병천면
CAB285000453,신세계아파트,36.76761812,127.3050533,2025-10-31,453,34010,충청남도 천안시,천안BIS,충청남도,천안시동남구,병천면
CAB285000454,도원1리,36.76974727,127.3086953,2025-10-31,454,34010,충청남도 천안시,천안BIS,충청남도,천안시동남구,병천면
CAB285000455,도원1리(면실부락),36.77156132,127.3106874,2025-10-31,455,34010,충청남도 천안시,천안BIS,충청남도,천안시동남구,병천면
CAB285000456,도원1리(면실부락),36.77178281,127.3111737,2025-10-31,456,34010,충청남도 천안시,천안BIS,충청남도,천안시동남구,병천면
CAB285000457,도원2리(광기),36.780225,127.3155831,2025-10-31,457,34010,충청남도 천안시,천안BIS,충청남도,천안시동남구,병천면
CAB285000458,도원3리(가정),36.7876214,127.316647,2025-10-31,458,34010,충청남도 천안시,천안BIS,충청남도,천안시동남구,병천면
CAB285000459,매성3리(매당마을),36.79983693,127.3190532,2025-10-31,459,34010,충청남도 천안시,천안BIS,충청남도,천안시동남구,병천면
CAB285000460,작성마을,36.80303117,127.31979,2025-10-31,460,34010,충청남도 천안시,천안BIS,충청남도,천안시동남구,병천면
CAB285000461,봉항1리,36.82914699,127.3154068,2025-10-31,461,34010,충청남도 천안시,천안BIS,충청남도,천안시동남구,병천면
CAB285000462,봉항2리(삼성),36.83680476,127.3158464,2025-10-31,462,34010,충청남도 천안시,천안BIS,충청남도,천안시동남구,병천면
CAB285000463,봉항3리,36.84412808,127.3187824,2025-10-31,463,34010,충청남도 천안시,천안BIS,충청남도,천안시동남구,병천면
CAB285000464,동천안농협 연춘지점,36.7703059,127.2528996,2025-10-31,464,34010,충청남도 천안시,천안BIS,충청남도,천안시동남구,북면
CAB285000465,용암리,36.7805227,127.2543909,2025-10-31,465,34010,충청남도 천안시,천안BIS,충청남도,천안시동남구,북면
CAB285000466,용암1리,36.78352786,127.2558871,2025-10-31,466,34010,충청남도 천안시,천안BIS,충청남도,천안시동남구,북면
CAB285000467,은석초교,36.78676141,127.2584057,2025-10-31,467,34010,충청남도 천안시,천안BIS,충청남도,천안시동남구,북면
CAB285000468,용암리,36.79608963,127.2616741,2025-10-31,468,34010,충청남도 천안시,천안BIS,충청남도,천안시동남구,북면
CAB285000469,용암2리,36.79833299,127.2643524,2025-10-31,469,34010,충청남도 천안시,천안BIS,충청남도,천안시동남구,북면
CAB285000470,매송1리,36.80127132,127.2681824,2025-10-31,470,34010,충청남도 천안시,천안BIS,충청남도,천안시동남구,북면
CAB285000471,매송1리,36.801156,127.2681968,2025-10-31,471,34010,충청남도 천안시,천안BIS,충청남도,천안시동남구,북면
CAB285000472,매송1리 느러니,36.80586295,127.2737824,2025-10-31,472,34010,충청남도 천안시,천안BIS,충청남도,천안시동남구,북면
CAB285000473,매송1리 오송정,36.81126015,127.2763987,2025-10-31,473,34010,충청남도 천안시,천안BIS,충청남도,천안시동남구,북면
CAB285000474,매송1리 오송정,36.81130798,127.2761958,2025-10-31,474,34010,충청남도 천안시,천안BIS,충청남도,천안시동남구,북면
CAB285000475,명덕리,36.81603075,127.2757311,2025-10-31,475,34010,충청남도 천안시,천안BIS,충청남도,천안시동남구,북면
CAB285000476,동천안농협 북면지점,36.82294342,127.2731992,2025-10-31,476,34010,충청남도 천안시,천안BIS,충청남도,천안시동남구,북면
CAB285000477,동천안농협 북면지점,36.82297412,127.2729644,2025-10-31,477,34010,충청남도 천안시,천안BIS,충청남도,천안시동남구,북면
CAB285000478,북면행정복지센터,36.82708617,127.2726974,2025-10-31,478,34010,충청남도 천안시,천안BIS,충청남도,천안시동남구,북면
CAB285000479,솔바람가든,36.83141991,127.2711972,2025-10-31,479,34010,충청남도 천안시,천안BIS,충청남도,천안시동남구,북면
CAB285000480,사담리,36.83520747,127.2682739,2025-10-31,480,34010,충청남도 천안시,천안BIS,충청남도,천안시동남구,북면
CAB285000481,사담리,36.83526666,127.2684368,2025-10-31,481,34010,충청남도 천안시,천안BIS,충청남도,천안시동남구,북면
CAB285000482,양곡리입구(별장골),36.83931477,127.2696673,2025-10-31,482,34010,충청남도 천안시,천안BIS,충청남도,천안시동남구,북면
CAB285000483,양곡리(종점),36.8510182,127.281975,2025-10-31,483,34010,충청남도 천안시,천안BIS,충청남도,천안시동남구,북면
CAB285000484,전곡리,36.84785517,127.2662247,2025-10-31,484,34010,충청남도 천안시,천안BIS,충청남도,천안시동남구,북면
CAB285000485,전곡리,36.84812383,127.2665189,2025-10-31,485,34010,충청남도 천안시,천안BIS,충청남도,천안시동남구,북면
CAB285000486,전곡리(길마제),36.85094498,127.2666783,2025-10-31,486,34010,충청남도 천안시,천안BIS,충청남도,천안시동남구,북면
CAB285000487,납안리,36.85337826,127.2661915,2025-10-31,487,34010,충청남도 천안시,천안BIS,충청남도,천안시동남구,북면
CAB285000488,납안리,36.85393799,127.2663707,2025-10-31,488,34010,충청남도 천안시,천안BIS,충청남도,천안시동남구,북면
CAB285000489,납안1리,36.85545069,127.2664033,2025-10-31,489,34010,충청남도 천안시,천안BIS,충청남도,천안시동남구,북면
CAB285000490,유성농장입구,36.85644965,127.2591458,2025-10-31,490,34010,충청남도 천안시,천안BIS,충청남도,천안시동남구,북면
CAB285000491,납안2리,36.8534604,127.2512805,2025-10-31,491,34010,충청남도 천안시,천안BIS,충청남도,천안시동남구,북면
CAB285000492,석천리(종점),36.83680715,127.2404039,2025-10-31,492,34010,충청남도 천안시,천안BIS,충청남도,천안시동남구,목천읍
CAB285000493,석천리(종점),36.8368444,127.240209,2025-10-31,493,34010,충청남도 천안시,천안BIS,충청남도,천안시동남구,목천읍
CAB285000494,석천리,36.83370692,127.235812,2025-10-31,494,34010,충청남도 천안시,천안BIS,충청남도,천안시동남구,목천읍
CAB285000495,석천리,36.83096384,127.2331531,2025-10-31,495,34010,충청남도 천안시,천안BIS,충청남도,천안시동남구,목천읍
CAB285000496,송전리,36.82741279,127.2294597,2025-10-31,496,34010,충청남도 천안시,천안BIS,충청남도,천안시동남구,목천읍
CAB285000497,덕전2리,36.81621834,127.2252343,2025-10-31,497,34010,충청남도 천안시,천안BIS,충청남도,천안시동남구,목천읍
CAB285000498,덕전2리,36.81617748,127.2250103,2025-10-31,498,34010,충청남도 천안시,천안BIS,충청남도,천안시동남구,목천읍
CAB285000499,덕전1리,36.8093431,127.2214237,2025-10-31,499,34010,충청남도 천안시,천안BIS,충청남도,천안시동남구,목천읍
CAB285000500,덕전1리,36.806688,127.204712,2025-10-31,500,34010,충청남도 천안시,천안BIS,충청남도,천안시동남구,목천읍
CAB285000501,덕전1리(심평마을),36.8086088,127.2158433,2025-10-31,501,34010,충청남도 천안시,천안BIS,충청남도,천안시동남구,목천읍
CAB285000502,덕전1리(용소),36.80863405,127.2249326,2025-10-31,502,34010,충청남도 천안시,천안BIS,충청남도,천안시동남구,목천읍
CAB285000503,서흥2리,36.80712078,127.2310853,2025-10-31,503,34010,충청남도 천안시,천안BIS,충청남도,천안시동남구,목천읍
CAB285000504,서흥2리(상용),36.80724624,127.2312018,2025-10-31,504,34010,충청남도 천안시,천안BIS,충청남도,천안시동남구,목천읍
CAB285000505,서흥1리(동막),36.8045089,127.2321796,2025-10-31,505,34010,충청남도 천안시,천안BIS,충청남도,천안시동남구,목천읍
CAB285000506,교촌2리,36.8003965,127.2294318,2025-10-31,506,34010,충청남도 천안시,천안BIS,충청남도,천안시동남구,목천읍
CAB285000507,희망의마을,36.7969045,127.2318704,2025-10-31,507,34010,충청남도 천안시,천안BIS,충청남도,천안시동남구,목천읍
CAB285000508,교촌1리,36.7918116,127.2323528,2025-10-31,508,34010,충청남도 천안시,천안BIS,충청남도,천안시동남구,목천읍
CAB285000509,신광교회,36.78943155,127.2345631,2025-10-31,509,34010,충청남도 천안시,천안BIS,충청남도,천안시동남구,목천읍
CAB285000510,노루목,36.77117873,127.2478347,2025-10-31,510,34010,충청남도 천안시,천안BIS,충청남도,천안시동남구,북면
CAB285000511,노루목,36.77138629,127.2478124,2025-10-31,511,34010,충청남도 천안시,천안BIS,충청남도,천안시동남구,북면
CAB285000512,동평3리,36.77533628,127.2433091,2025-10-31,512,34010,충청남도 천안시,천안BIS,충청남도,천안시동남구,목천읍
CAB285000513,동평2리,36.77700629,127.2425457,2025-10-31,513,34010,충청남도 천안시,천안BIS,충청남도,천안시동남구,목천읍
CAB285000514,동평2리,36.7770241,127.2423773,2025-10-31,514,34010,충청남도 천안시,천안BIS,충청남도,천안시동남구,목천읍
CAB285000515,동리입구,36.7809388,127.2401916,2025-10-31,515,34010,충청남도 천안시,천안BIS,충청남도,천안시동남구,목천읍
CAB285000516,동리,36.78096123,127.2403408,2025-10-31,516,34010,충청남도 천안시,천안BIS,충청남도,천안시동남구,목천읍
CAB285000517,목천농협,36.784418,127.2358572,2025-10-31,517,34010,충청남도 천안시,천안BIS,충청남도,천안시동남구,목천읍
CAB285000518,"목천읍행정복지센터,국립청소년수련원",36.78428611,127.2353478,2025-10-31,518,34010,충청남도 천안시,천안BIS,충청남도,천안시동남구,목천읍
CAB285000519,목천중고등학교,36.7811446,127.2335824,2025-10-31,519,34010,충청남도 천안시,천안BIS,충청남도,천안시동남구,목천읍
CAB285000520,독립기념관 동문,36.78034187,127.2328387,2025-10-31,520,34010,충청남도 천안시,천안BIS,충청남도,천안시동남구,목천읍
CAB285000521,독립기념관 동문,36.77989207,127.2325413,2025-10-31,521,34010,충청남도 천안시,천안BIS,충청남도,천안시동남구,목천읍
CAB285001755,성환문화회관,36.91172292,127.1367313,2025-10-31,1755,34010,충청남도 천안시,천안BIS,충청남도,천안시서북구,성환읍
CAB285001756,성환문화회관,36.91185463,127.1366524,2025-10-31,1756,34010,충청남도 천안시,천안BIS,충청남도,천안시서북구,성환읍
CAB285001757,백석사거리,36.8185896,127.1309541,2025-10-31,1757,34010,충청남도 천안시,천안BIS,충청남도,천안시동남구,봉명동
CAB285001758,백석사거리,36.81699131,127.1308491,2025-10-31,1758,34010,충청남도 천안시,천안BIS,충청남도,천안시동남구,봉명동
CAB285001759,봉서초등학교,36.81435129,127.1299024,2025-10-31,1759,34010,충청남도 천안시,천안BIS,충청남도,천안시동남구,봉명동
CAB285001760,봉서초등학교,36.81519796,127.1304407,2025-10-31,1760,34010,충청남도 천안시,천안BIS,충청남도,천안시동남구,봉명동
CAB285001761,시영1차아파트,36.8073613,127.1282357,2025-10-31,1761,34010,충청남도 천안시,천안BIS,충청남도,천안시서북구,쌍용3동
CAB285001762,시영1차아파트,36.80877299,127.1288524,2025-10-31,1762,34010,충청남도 천안시,천안BIS,충청남도,천안시서북구,쌍용1동
CAB285001763,광명아파트,36.80084289,127.1269243,2025-10-31,1763,34010,충청남도 천안시,천안BIS,충청남도,천안시서북구,쌍용1동
CAB285001764,연세우일치과병원,36.79856963,127.1262974,2025-10-31,1764,34010,충청남도 천안시,천안BIS,충청남도,천안시서북구,쌍용1동
CAB285001765,일봉동행정복지센터,36.80103683,127.1426352,2025-10-31,1765,34010,충청남도 천안시,천안BIS,충청남도,천안시동남구,일봉동
CAB285001767,청당벽산아파트,36.78110798,127.1593924,2025-10-31,1767,34010,충청남도 천안시,천안BIS,충청남도,천안시동남구,청룡동
CAB285001768,남부고가교(천안국빈장례식장),36.783375,127.143123,2025-10-31,1768,34010,충청남도 천안시,천안BIS,충청남도,천안시동남구,일봉동
CAB285001769,남부고가교,36.7829315,127.1432912,2025-10-31,1769,34010,충청남도 천안시,천안BIS,충청남도,천안시동남구,신방동
CAB285001770,태학산자연휴양림,36.73064195,127.0916839,2025-10-31,1770,34010,충청남도 천안시,천안BIS,충청남도,천안시동남구,풍세면
CAB285001771,매당2리,36.7031986,127.1058593,2025-10-31,1771,34010,충청남도 천안시,천안BIS,충청남도,천안시동남구,광덕면
CAB285001772,매당2리,36.7031092,127.1060837,2025-10-31,1772,34010,충청남도 천안시,천안BIS,충청남도,천안시동남구,광덕면
CAB285001773,매당1리,36.699245,127.0995,2025-10-31,1773,34010,충청남도 천안시,천안BIS,충청남도,천안시동남구,광덕면
CAB285001774,매당1리,36.699107,127.099478,2025-10-31,1774,34010,충청남도 천안시,천안BIS,충청남도,천안시동남구,광덕면
CAB285001778,신도브래뉴1차아파트,36.77226367,127.2150672,2025-10-31,1778,34010,충청남도 천안시,천안BIS,충청남도,천안시동남구,목천읍
CAB285001779,동산식물원,36.8082155,127.3700031,2025-10-31,1779,34010,충청남도 천안시,천안BIS,충청남도,천안시동남구,동면
CAB285001780,동산식물원,36.8080531,127.3698352,2025-10-31,1780,34010,충청남도 천안시,천안BIS,충청남도,천안시동남구,동면
CAB285001782,독립기념관,36.7780592,127.2307274,2025-10-31,1782,34010,충청남도 천안시,천안BIS,충청남도,천안시동남구,목천읍
CAB285001783,독립기념관,36.778022,127.230515,2025-10-31,1783,34010,충청남도 천안시,천안BIS,충청남도,천안시동남구,목천읍
CAB285001784,한국가스안전교육원,36.7979826,127.190675,2025-10-31,1784,34010,충청남도 천안시,천안BIS,충청남도,천안시동남구,목천읍
CAB285001788,서당골,36.80050133,127.1006674,2025-10-31,1788,34010,충청남도 천안시,천안BIS,충청남도,천안시서북구,불당1동
CAB285001790,불당1동행정복지센터,36.8050216,127.113191,2025-10-31,1790,34010,충청남도 천안시,천안BIS,충청남도,천안시서북구,불당1동
CAB285001791,불당동일하이빌,36.80799925,127.1140372,2025-10-31,1791,34010,충청남도 천안시,천안BIS,충청남도,천안시서북구,불당1동
CAB285001792,불당동일하이빌,36.80778699,127.1137493,2025-10-31,1792,34010,충청남도 천안시,천안BIS,충청남도,천안시서북구,불당1동
CAB285001795,밤골,36.85508491,127.1302526,2025-10-31,1795,34010,충청남도 천안시,천안BIS,충청남도,천안시서북구,부성1동
CAB285001796,밤골,36.8551708,127.1301362,2025-10-31,1796,34010,충청남도 천안시,천안BIS,충청남도,천안시서북구,부성1동
CAB285001797,선바위,36.85789938,127.1344386,2025-10-31,1797,34010,충청남도 천안시,천안BIS,충청남도,천안시서북구,부성1동
CAB285001798,선바위,36.8579918,127.1343406,2025-10-31,1798,34010,충청남도 천안시,천안BIS,충청남도,천안시서북구,부성1동
CAB285001799,원네스아파트,36.8593736,127.1348759,2025-10-31,1799,34010,충청남도 천안시,천안BIS,충청남도,천안시서북구,부성1동
CAB285001800,원네스아파트,36.8592254,127.1350561,2025-10-31,1800,34010,충청남도 천안시,천안BIS,충청남도,천안시서북구,부성1동
CAB285001803,천안산업단지관리공단,36.85490794,127.1207574,2025-10-31,1803,34010,충청남도 천안시,천안BIS,충청남도,천안시서북구,부성2동
CAB285001804,직산대림아파트,36.85982794,127.1207674,2025-10-31,1804,34010,충청남도 천안시,천안BIS,충청남도,천안시서북구,부성2동
CAB285001805,4공단,36.865697,127.117503,2025-10-31,1805,34010,충청남도 천안시,천안BIS,충청남도,천안시서북구,직산읍
CAB285001806,4공단,36.86538,127.117814,2025-10-31,1806,34010,충청남도 천안시,천안BIS,충청남도,천안시서북구,직산읍
CAB285001808,부영아파트,36.7623164,127.1733645,2025-10-31,1808,34010,충청남도 천안시,천안BIS,충청남도,천안시동남구,목천읍
CAB285001809,매성보건진료소,36.81050633,127.3187424,2025-10-31,1809,34010,충청남도 천안시,천안BIS,충청남도,천안시동남구,병천면
CAB285001810,매성보건진료소,36.81054958,127.3184527,2025-10-31,1810,34010,충청남도 천안시,천안BIS,충청남도,천안시동남구,병천면
CAB285001811,청수초등학교,36.78814704,127.1515655,2025-10-31,1811,34010,충청남도 천안시,천안BIS,충청남도,천안시동남구,청룡동
CAB285001812,청수극동2차아파트,36.79006453,127.154795,2025-10-31,1812,34010,충청남도 천안시,천안BIS,충청남도,천안시동남구,청룡동
CAB285001813,공립지역아동센터,36.79575872,127.1581978,2025-10-31,1813,34010,충청남도 천안시,천안BIS,충청남도,천안시동남구,청룡동
CAB285001814,청수현대아파트,36.79791216,127.1545118,2025-10-31,1814,34010,충청남도 천안시,천안BIS,충청남도,천안시동남구,청룡동
CAB285001815,삼일육아원,36.79892364,127.1261109,2025-10-31,1815,34010,충청남도 천안시,천안BIS,충청남도,천안시서북구,쌍용2동
CAB285001816,신당동코아루아파트,36.85295498,127.1597856,2025-10-31,1816,34010,충청남도 천안시,천안BIS,충청남도,천안시서북구,부성1동
CAB285001817,신당동,36.85465098,127.1602565,2025-10-31,1817,34010,충청남도 천안시,천안BIS,충청남도,천안시서북구,부성1동
CAB285001818,율금2리,36.9035887,127.1073443,2025-10-31,1818,34010,충청남도 천안시,천안BIS,충청남도,천안시서북구,성환읍
CAB285001819,율금2리,36.90351253,127.1073499,2025-10-31,1819,34010,충청남도 천안시,천안BIS,충청남도,천안시서북구,성환읍
CAB285001820,성거모전2리,36.91249194,127.2033194,2025-10-31,1820,34010,충청남도 천안시,천안BIS,충청남도,천안시서북구,성거읍
CAB285001821,입장신두리(율목),36.91264246,127.2032048,2025-10-31,1821,34010,충청남도 천안시,천안BIS,충청남도,천안시서북구,입장면
CAB285001822,신덕3리,36.91265926,127.2071094,2025-10-31,1822,34010,충청남도 천안시,천안BIS,충청남도,천안시서북구,입장면
CAB285001823,신두2리,36.91275634,127.2064536,2025-10-31,1823,34010,충청남도 천안시,천안BIS,충청남도,천안시서북구,입장면
CAB285001824,입장사거리,36.915058,127.2216459,2025-10-31,1824,34010,충청남도 천안시,천안BIS,충청남도,천안시서북구,입장면
CAB285001825,입장사거리,36.9150219,127.2220188,2025-10-31,1825,34010,충청남도 천안시,천안BIS,충청남도,천안시서북구,입장면
CAB285001826,입장회차지,36.9148108,127.2293039,2025-10-31,1826,34010,충청남도 천안시,천안BIS,충청남도,천안시서북구,입장면
CAB285001827,입장(회차지),36.91496075,127.2294099,2025-10-31,1827,34010,충청남도 천안시,천안BIS,충청남도,천안시서북구,입장면
CAB285001828,홍천리입구,36.90806129,127.2267874,2025-10-31,1828,34010,충청남도 천안시,천안BIS,충청남도,천안시서북구,입장면
CAB285001829,홍천리입구,36.907955,127.226717,2025-10-31,1829,34010,충청남도 천안시,천안BIS,충청남도,천안시서북구,입장면
CAB285001830,시장2리,36.9039768,127.2229636,2025-10-31,1830,34010,충청남도 천안시,천안BIS,충청남도,천안시서북구,입장면
CAB285001831,시장2리,36.9032289,127.2215497,2025-10-31,1831,34010,충청남도 천안시,천안BIS,충청남도,천안시서북구,입장면
CAB285001888,삼태1리,36.74933674,127.0962392,2025-10-31,1888,34010,충청남도 천안시,천안BIS,충청남도,천안시동남구,풍세면
CAB285001891,중앙소방학교 후문,36.81857538,127.1857192,2025-10-31,1891,34010,충청남도 천안시,천안BIS,충청남도,천안시동남구,원성1동
CAB285001892,중앙소방학교 후문,36.81806794,127.1854407,2025-10-31,1892,34010,충청남도 천안시,천안BIS,충청남도,천안시동남구,원성1동
CAB285000522,동평1리,36.77482295,127.2354241,2025-10-31,522,34010,충청남도 천안시,천안BIS,충청남도,천안시동남구,목천읍
CAB285000523,동평1리,36.77430796,127.2351107,2025-10-31,523,34010,충청남도 천안시,천안BIS,충청남도,천안시동남구,목천읍
CAB285000524,목천IC,36.77051463,127.2330007,2025-10-31,524,34010,충청남도 천안시,천안BIS,충청남도,천안시동남구,목천읍
CAB285000525,목천IC,36.77032796,127.2331657,2025-10-31,525,34010,충청남도 천안시,천안BIS,충청남도,천안시동남구,목천읍
CAB285000526,직산역입구,36.870744,127.148096,2025-10-31,527,34010,충청남도 천안시,천안BIS,충청남도,천안시서북구,직산읍
CAB285000527,직산역입구,36.870435,127.148418,2025-10-31,526,34010,충청남도 천안시,천안BIS,충청남도,천안시서북구,성거읍
CAB285000528,직산사거리,36.87592133,127.1465491,2025-10-31,528,34010,충청남도 천안시,천안BIS,충청남도,천안시서북구,직산읍
CAB285000529,직산사거리,36.877409,127.146589,2025-10-31,529,34010,충청남도 천안시,천안BIS,충청남도,천안시서북구,직산읍
CAB285000530,직산읍행정복지센터,36.87710178,127.1496331,2025-10-31,530,34010,충청남도 천안시,천안BIS,충청남도,천안시서북구,직산읍
CAB285000531,서북구청,36.87742966,127.1534757,2025-10-31,531,34010,충청남도 천안시,천안BIS,충청남도,천안시서북구,직산읍
CAB285000532,서북구청,36.87731752,127.1543549,2025-10-31,532,34010,충청남도 천안시,천안BIS,충청남도,천안시서북구,성거읍
CAB285000533,벽산아파트,36.87787275,127.1579027,2025-10-31,533,34010,충청남도 천안시,천안BIS,충청남도,천안시서북구,성거읍
CAB285000534,삼환나우빌,36.87770794,127.1581757,2025-10-31,534,34010,충청남도 천안시,천안BIS,충청남도,천안시서북구,성거읍
CAB285000535,성환부영아파트,36.90360912,127.1360201,2025-10-31,535,34010,충청남도 천안시,천안BIS,충청남도,천안시서북구,성환읍
CAB285000536,성환부영아파트,36.90330791,127.1358145,2025-10-31,536,34010,충청남도 천안시,천안BIS,충청남도,천안시서북구,성환읍
CAB285000537,중앙아파트,36.91143577,127.1309953,2025-10-31,537,34010,충청남도 천안시,천안BIS,충청남도,천안시서북구,성환읍
CAB285000538,삼풍아파트,36.91157628,127.1309941,2025-10-31,538,34010,충청남도 천안시,천안BIS,충청남도,천안시서북구,성환읍
CAB285000539,매주2리,36.908569,127.12887,2025-10-31,539,34010,충청남도 천안시,천안BIS,충청남도,천안시서북구,성환읍
CAB285000540,매주리혜성아파트,36.90849844,127.1290197,2025-10-31,540,34010,충청남도 천안시,천안BIS,충청남도,천안시서북구,성환읍
CAB285000541,동성중학교,36.90669627,127.1285107,2025-10-31,541,34010,충청남도 천안시,천안BIS,충청남도,천안시서북구,성환읍
CAB285000543,남서울대학교,36.91168497,127.1428309,2025-10-31,543,34010,충청남도 천안시,천안BIS,충청남도,천안시서북구,성환읍
CAB285000544,남서울대학교,36.91186903,127.1420998,2025-10-31,544,34010,충청남도 천안시,천안BIS,충청남도,천안시서북구,성환읍
CAB285000545,남서울대학교 주차장,36.9105701,127.1426169,2025-10-31,545,34010,충청남도 천안시,천안BIS,충청남도,천안시서북구,성환읍
CAB285000546,군동1리공장입구,36.90939215,127.1533305,2025-10-31,546,34010,충청남도 천안시,천안BIS,충청남도,천안시서북구,직산읍
CAB285000547,군동1리마을입구,36.90515272,127.1647784,2025-10-31,547,34010,충청남도 천안시,천안BIS,충청남도,천안시서북구,직산읍
CAB285000548,판정2리산직촌 삼육식품 앞,36.90905464,127.1722224,2025-10-31,548,34010,충청남도 천안시,천안BIS,충청남도,천안시서북구,직산읍
CAB285000549,판정2리산직촌 삼육식품 앞,36.90924218,127.1727965,2025-10-31,549,34010,충청남도 천안시,천안BIS,충청남도,천안시서북구,직산읍
CAB285000550,등대의집,36.91064963,127.1773341,2025-10-31,550,34010,충청남도 천안시,천안BIS,충청남도,천안시서북구,직산읍
CAB285000551,판정1리,36.91079293,127.1819774,2025-10-31,551,34010,충청남도 천안시,천안BIS,충청남도,천안시서북구,직산읍
CAB285000552,판정리,36.9106586,127.1854411,2025-10-31,552,34010,충청남도 천안시,천안BIS,충청남도,천안시서북구,직산읍
CAB285000554,모전리,36.9009099,127.1942346,2025-10-31,554,34010,충청남도 천안시,천안BIS,충청남도,천안시서북구,성거읍
CAB285000555,여송산업,36.89225293,127.1949907,2025-10-31,555,34010,충청남도 천안시,천안BIS,충청남도,천안시서북구,성거읍
CAB285000556,정촌리,36.88665679,127.1930422,2025-10-31,556,34010,충청남도 천안시,천안BIS,충청남도,천안시서북구,성거읍
CAB285000557,문덕리,36.87907131,127.1809924,2025-10-31,557,34010,충청남도 천안시,천안BIS,충청남도,천안시서북구,성거읍
CAB285000558,성거하늘빛아파트,36.87722964,127.1818848,2025-10-31,558,34010,충청남도 천안시,천안BIS,충청남도,천안시서북구,성거읍
CAB285000559,거봉주유소,36.877863,127.18724,2025-10-31,559,34010,충청남도 천안시,천안BIS,충청남도,천안시서북구,성거읍
CAB285000560,남창마을,36.86574295,127.1940407,2025-10-31,560,34010,충청남도 천안시,천안BIS,충청남도,천안시서북구,성거읍
CAB285000561,남창마을,36.86587799,127.1945091,2025-10-31,561,34010,충청남도 천안시,천안BIS,충청남도,천안시서북구,성거읍
CAB285000562,충남예술고등학교,36.86934631,127.1989158,2025-10-31,562,34010,충청남도 천안시,천안BIS,충청남도,천안시서북구,성거읍
CAB285000563,충남예술고등학교,36.8692463,127.1990491,2025-10-31,563,34010,충청남도 천안시,천안BIS,충청남도,천안시서북구,성거읍
CAB285000564,성거초등학교,36.8709392,127.2000018,2025-10-31,564,34010,충청남도 천안시,천안BIS,충청남도,천안시서북구,성거읍
CAB285000565,삼일아파트,36.87435965,127.2017641,2025-10-31,565,34010,충청남도 천안시,천안BIS,충청남도,천안시서북구,성거읍
CAB285000566,아느칸빌아파트,36.88042127,127.2059057,2025-10-31,566,34010,충청남도 천안시,천안BIS,충청남도,천안시서북구,성거읍
CAB285000567,아느칸빌아파트,36.88053864,127.2058126,2025-10-31,567,34010,충청남도 천안시,천안BIS,충청남도,천안시서북구,성거읍
CAB285000568,천흥공단,36.88340296,127.2066408,2025-10-31,568,34010,충청남도 천안시,천안BIS,충청남도,천안시서북구,성거읍
CAB285000569,청호포도마을아파트,36.88622874,127.2066782,2025-10-31,569,34010,충청남도 천안시,천안BIS,충청남도,천안시서북구,성거읍
CAB285000570,청호포도마을아파트,36.88660629,127.2066141,2025-10-31,570,34010,충청남도 천안시,천안BIS,충청남도,천안시서북구,성거읍
CAB285000571,오목리,36.88888627,127.2082724,2025-10-31,571,34010,충청남도 천안시,천안BIS,충청남도,천안시서북구,성거읍
CAB285000572,시장2리,36.90007294,127.2172124,2025-10-31,572,34010,충청남도 천안시,천안BIS,충청남도,천안시서북구,입장면
CAB285000573,시장1리,36.8919548,127.2311236,2025-10-31,573,34010,충청남도 천안시,천안BIS,충청남도,천안시서북구,입장면
CAB285000574,시장1리(도장골),36.8919502,127.2310675,2025-10-31,574,34010,충청남도 천안시,천안BIS,충청남도,천안시서북구,입장면
CAB285000575,호당2리(당곡),36.89544463,127.2306974,2025-10-31,575,34010,충청남도 천안시,천안BIS,충청남도,천안시서북구,입장면
CAB285000576,주성레이크빌아파트,36.91026048,127.2502787,2025-10-31,576,34010,충청남도 천안시,천안BIS,충청남도,천안시서북구,입장면
CAB285000578,양대리(양대),36.89797632,127.2610624,2025-10-31,578,34010,충청남도 천안시,천안BIS,충청남도,천안시서북구,입장면
CAB285000579,양대리,36.89566633,127.2628691,2025-10-31,579,34010,충청남도 천안시,천안BIS,충청남도,천안시서북구,입장면
CAB285000580,운용리(종점),36.87035632,127.2679457,2025-10-31,580,34010,충청남도 천안시,천안BIS,충청남도,천안시동남구,북면
CAB285000581,운용리(군단위),36.8617407,127.2735732,2025-10-31,581,34010,충청남도 천안시,천안BIS,충청남도,천안시동남구,북면
CAB285000582,납안리(주막거리),36.857591,127.2682625,2025-10-31,582,34010,충청남도 천안시,천안BIS,충청남도,천안시동남구,북면
CAB285000583,대평2리(싸리재),36.875337,127.2915619,2025-10-31,583,34010,충청남도 천안시,천안BIS,충청남도,천안시동남구,북면
CAB285000584,대평1리,36.87146462,127.2847954,2025-10-31,584,34010,충청남도 천안시,천안BIS,충청남도,천안시동남구,북면
CAB285000585,대평1리,36.87131812,127.2843426,2025-10-31,585,34010,충청남도 천안시,천안BIS,충청남도,천안시동남구,북면
CAB285000586,대평1리(마을회관),36.86838793,127.2818724,2025-10-31,586,34010,충청남도 천안시,천안BIS,충청남도,천안시동남구,북면
CAB285000587,운용리(군단위),36.8618624,127.2735504,2025-10-31,587,34010,충청남도 천안시,천안BIS,충청남도,천안시동남구,북면
CAB285000588,도림2리(신대),36.91380982,127.246768,2025-10-31,588,34010,충청남도 천안시,천안BIS,충청남도,천안시서북구,입장면
CAB285000589,도림1리(보통거리),36.91506629,127.2595674,2025-10-31,589,34010,충청남도 천안시,천안BIS,충청남도,천안시서북구,입장면
CAB285000590,기로1리(기로),36.91139384,127.2382517,2025-10-31,590,34010,충청남도 천안시,천안BIS,충청남도,천안시서북구,입장면
CAB285000591,입장,36.91554103,127.2235221,2025-10-31,591,34010,충청남도 천안시,천안BIS,충청남도,천안시서북구,입장면
CAB285001893,동아제약,36.84062484,127.1126176,2025-10-31,1893,34010,충청남도 천안시,천안BIS,충청남도,천안시서북구,부성2동
CAB285001894,동아제약,36.84046576,127.1125003,2025-10-31,1894,34010,충청남도 천안시,천안BIS,충청남도,천안시서북구,부성2동
CAB285001895,신당동,36.86462295,127.1501541,2025-10-31,1895,34010,충청남도 천안시,천안BIS,충청남도,천안시서북구,부성1동
CAB285001896,신당동,36.864491,127.149968,2025-10-31,1896,34010,충청남도 천안시,천안BIS,충청남도,천안시서북구,부성1동
CAB285001897,국학원,36.79150034,127.1922782,2025-10-31,1897,34010,충청남도 천안시,천안BIS,충청남도,천안시동남구,목천읍
CAB285001898,국학원,36.79178964,127.1921041,2025-10-31,1898,34010,충청남도 천안시,천안BIS,충청남도,천안시동남구,목천읍
CAB285001899,TMC(주),36.942627,127.195995,2025-10-31,1899,34010,충청남도 천안시,천안BIS,충청남도,천안시서북구,입장면
CAB285001900,TMC(주),36.94297,127.195936,2025-10-31,1900,34010,충청남도 천안시,천안BIS,충청남도,천안시서북구,입장면
CAB285001901,가산2리,36.93076466,127.2004824,2025-10-31,1901,34010,충청남도 천안시,천안BIS,충청남도,천안시서북구,입장면
CAB285001902,가산2리,36.930711,127.200233,2025-10-31,1902,34010,충청남도 천안시,천안BIS,충청남도,천안시서북구,입장면
CAB285001903,독정리,36.92596326,127.2254256,2025-10-31,1903,34010,충청남도 천안시,천안BIS,충청남도,천안시서북구,입장면
CAB285001905,시장1리,36.88725295,127.2315808,2025-10-31,1905,34010,충청남도 천안시,천안BIS,충청남도,천안시서북구,입장면
CAB285001906,시장1리,36.887211,127.2313792,2025-10-31,1906,34010,충청남도 천안시,천안BIS,충청남도,천안시서북구,입장면
CAB285001907,도림1리,36.91448296,127.2539258,2025-10-31,1907,34010,충청남도 천안시,천안BIS,충청남도,천안시서북구,입장면
CAB285001908,도림1리,36.91459704,127.2533702,2025-10-31,1908,34010,충청남도 천안시,천안BIS,충청남도,천안시서북구,입장면
CAB285001909,양대리입구,36.90407311,127.2560642,2025-10-31,1909,34010,충청남도 천안시,천안BIS,충청남도,천안시서북구,입장면
CAB285001910,양대리입구,36.90362344,127.256208,2025-10-31,1910,34010,충청남도 천안시,천안BIS,충청남도,천안시서북구,입장면
CAB285001911,한성아파트,36.91354008,127.2450434,2025-10-31,1911,34010,충청남도 천안시,천안BIS,충청남도,천안시서북구,입장면
CAB285001912,한성아파트,36.91335298,127.2450491,2025-10-31,1912,34010,충청남도 천안시,천안BIS,충청남도,천안시서북구,입장면
CAB285001913,왕림2리,36.92114132,127.1053057,2025-10-31,1913,34010,충청남도 천안시,천안BIS,충청남도,천안시서북구,성환읍
CAB285001914,왕림2리,36.9211561,127.1051457,2025-10-31,1914,34010,충청남도 천안시,천안BIS,충청남도,천안시서북구,성환읍
CAB285001915,병천5리,36.7630848,127.2986575,2025-10-31,1915,34010,충청남도 천안시,천안BIS,충청남도,천안시동남구,병천면
CAB285001916,병천5리,36.76290601,127.2987459,2025-10-31,1916,34010,충청남도 천안시,천안BIS,충청남도,천안시동남구,병천면
CAB285001919,쌍용동사거리,36.7993939,127.1276448,2025-10-31,1919,34010,충청남도 천안시,천안BIS,충청남도,천안시서북구,쌍용1동
CAB285001920,쌍용동사거리,36.799421,127.12851,2025-10-31,1920,34010,충청남도 천안시,천안BIS,충청남도,천안시서북구,쌍용1동
CAB285001928,개목마을,36.81614127,127.1303657,2025-10-31,1928,34010,충청남도 천안시,천안BIS,충청남도,천안시동남구,봉명동
CAB285001929,관성리가나안농장,36.8074618,127.3237051,2025-10-31,1929,34010,충청남도 천안시,천안BIS,충청남도,천안시동남구,병천면
CAB285001930,관성리가나안농장,36.8073401,127.3237502,2025-10-31,1930,34010,충청남도 천안시,천안BIS,충청남도,천안시동남구,병천면
CAB285001933,태영아파트입구,36.73861074,127.2218728,2025-10-31,1933,34010,충청남도 천안시,천안BIS,충청남도,천안시동남구,성남면
CAB285001934,태영아파트입구,36.7388364,127.2219296,2025-10-31,1934,34010,충청남도 천안시,천안BIS,충청남도,천안시동남구,성남면
CAB285001935,태영아파트,36.7400512,127.2256406,2025-10-31,1935,34010,충청남도 천안시,천안BIS,충청남도,천안시동남구,성남면
CAB285001936,태영아파트,36.7399067,127.2255291,2025-10-31,1936,34010,충청남도 천안시,천안BIS,충청남도,천안시동남구,성남면
CAB285001937,봉양1리,36.7123007,127.2579662,2025-10-31,1937,34010,충청남도 천안시,천안BIS,충청남도,천안시동남구,성남면
CAB285001938,봉양1리,36.71242455,127.2578275,2025-10-31,1938,34010,충청남도 천안시,천안BIS,충청남도,천안시동남구,성남면
CAB285001939,봉양1리,36.70779162,127.2581972,2025-10-31,1939,34010,충청남도 천안시,천안BIS,충청남도,천안시동남구,성남면
CAB285001940,봉양1리,36.7078211,127.2583609,2025-10-31,1940,34010,충청남도 천안시,천안BIS,충청남도,천안시동남구,성남면
CAB285001941,동천안농협,36.7709245,127.2029192,2025-10-31,1941,34010,충청남도 천안시,천안BIS,충청남도,천안시동남구,목천읍
CAB285001942,동천안농협,36.77097249,127.2031707,2025-10-31,1942,34010,충청남도 천안시,천안BIS,충청남도,천안시동남구,목천읍
CAB285001944,용곡동일4단지아파트,36.79014131,127.1399107,2025-10-31,1944,34010,충청남도 천안시,천안BIS,충청남도,천안시동남구,일봉동
CAB285001945,용곡동일4단지아파트,36.78975097,127.1399425,2025-10-31,1945,34010,충청남도 천안시,천안BIS,충청남도,천안시동남구,일봉동
CAB285001948,장산5리,36.7475312,127.3005678,2025-10-31,1948,34010,충청남도 천안시,천안BIS,충청남도,천안시동남구,수신면
CAB285001949,장산5리,36.74747533,127.3003069,2025-10-31,1949,34010,충청남도 천안시,천안BIS,충청남도,천안시동남구,수신면
CAB285001950,천안박물관,36.7863024,127.1648077,2025-10-31,1950,34010,충청남도 천안시,천안BIS,충청남도,천안시동남구,청룡동
CAB285001951,천안박물관,36.7869163,127.1650874,2025-10-31,1951,34010,충청남도 천안시,천안BIS,충청남도,천안시동남구,청룡동
CAB285001952,경남아너스빌,36.78970128,127.1483241,2025-10-31,1952,34010,충청남도 천안시,천안BIS,충청남도,천안시동남구,청룡동
CAB285001953,석곡2리,36.7344093,127.2234968,2025-10-31,1953,34010,충청남도 천안시,천안BIS,충청남도,천안시동남구,성남면
CAB285001954,석곡2리,36.7343735,127.2236145,2025-10-31,1954,34010,충청남도 천안시,천안BIS,충청남도,천안시동남구,성남면
CAB285001956,새텃말,36.8468777,127.2737483,2025-10-31,1956,34010,충청남도 천안시,천안BIS,충청남도,천안시동남구,북면
CAB285001957,질마제,36.849436,127.2784335,2025-10-31,1957,34010,충청남도 천안시,천안BIS,충청남도,천안시동남구,북면
CAB285001958,질마제,36.8496314,127.2783952,2025-10-31,1958,34010,충청남도 천안시,천안BIS,충청남도,천안시동남구,북면
CAB285001959,납안1리,36.8559422,127.2637186,2025-10-31,1959,34010,충청남도 천안시,천안BIS,충청남도,천안시동남구,북면
CAB285001960,납안1리,36.85579542,127.2636579,2025-10-31,1960,34010,충청남도 천안시,천안BIS,충청남도,천안시동남구,북면
CAB285001961,광덕2리(종점),36.7969857,127.3382618,2025-10-31,1961,34010,충청남도 천안시,천안BIS,충청남도,천안시동남구,동면
CAB285001962,행암리,36.79695522,127.3529395,2025-10-31,1962,34010,충청남도 천안시,천안BIS,충청남도,천안시동남구,동면
CAB285001963,행암리,36.7966539,127.3527773,2025-10-31,1963,34010,충청남도 천안시,천안BIS,충청남도,천안시동남구,동면
CAB285001964,성결원입구,36.79932325,127.3528204,2025-10-31,1964,34010,충청남도 천안시,천안BIS,충청남도,천안시동남구,동면
CAB285001965,성결원입구,36.799403,127.352503,2025-10-31,1965,34010,충청남도 천안시,천안BIS,충청남도,천안시동남구,동면
CAB285001966,화덕3리(종점),36.7510653,127.4017311,2025-10-31,1966,34010,충청남도 천안시,천안BIS,충청남도,천안시동남구,동면
CAB285001967,교천리,36.78228676,127.1954257,2025-10-31,1967,34010,충청남도 천안시,천안BIS,충청남도,천안시동남구,목천읍
CAB285001968,교천리,36.78260829,127.1953704,2025-10-31,1968,34010,충청남도 천안시,천안BIS,충청남도,천안시동남구,목천읍
CAB285001969,LS일렉트릭,36.76387299,127.1695358,2025-10-31,1969,34010,충청남도 천안시,천안BIS,충청남도,천안시동남구,목천읍
CAB285001970,LS일렉트릭,36.76355961,127.1696757,2025-10-31,1970,34010,충청남도 천안시,천안BIS,충청남도,천안시동남구,목천읍
CAB285001971,청룡동행정복지센터,36.78585295,127.1569741,2025-10-31,1971,34010,충청남도 천안시,천안BIS,충청남도,천안시동남구,청룡동
CAB285001972,청룡동행정복지센터,36.78572841,127.1570883,2025-10-31,1972,34010,충청남도 천안시,천안BIS,충청남도,천안시동남구,청룡동
CAB285001974,신방한라비발디후문,36.770666,127.134787,2025-10-31,1974,34010,충청남도 천안시,천안BIS,충청남도,천안시동남구,신방동
CAB285001975,신방한라비발디후문,36.7700406,127.1344315,2025-10-31,1975,34010,충청남도 천안시,천안BIS,충청남도,천안시동남구,신방동
CAB285001977,남관4리,36.7542491,127.122759,2025-10-31,1977,34010,충청남도 천안시,천안BIS,충청남도,천안시동남구,풍세면
CAB285001978,솔모랭이,36.74512974,127.1118207,2025-10-31,1978,34010,충청남도 천안시,천안BIS,충청남도,천안시동남구,풍세면
CAB285001979,솔모랭이,36.74535746,127.1119261,2025-10-31,1979,34010,충청남도 천안시,천안BIS,충청남도,천안시동남구,풍세면
CAB285001980,삼태2리,36.73621588,127.0904548,2025-10-31,1980,34010,충청남도 천안시,천안BIS,충청남도,천안시동남구,풍세면
CAB285001981,삼태2리,36.7362496,127.0906652,2025-10-31,1981,34010,충청남도 천안시,천안BIS,충청남도,천안시동남구,풍세면
CAB285000592,입장,36.9153177,127.2231922,2025-10-31,592,34010,충청남도 천안시,천안BIS,충청남도,천안시서북구,입장면
CAB285000593,연합아파트,36.91299961,127.2118157,2025-10-31,593,34010,충청남도 천안시,천안BIS,충청남도,천안시서북구,입장면
CAB285000594,연합아파트,36.91285256,127.2118382,2025-10-31,594,34010,충청남도 천안시,천안BIS,충청남도,천안시서북구,입장면
CAB285000595,거봉포도마을(서원산업),36.91235194,127.2003978,2025-10-31,595,34010,충청남도 천안시,천안BIS,충청남도,천안시서북구,성거읍
CAB285000596,거봉포도마을(서원산업),36.91240299,127.1995808,2025-10-31,596,34010,충청남도 천안시,천안BIS,충청남도,천안시서북구,입장면
CAB285000597,모전리(익선원),36.91209966,127.1977658,2025-10-31,597,34010,충청남도 천안시,천안BIS,충청남도,천안시서북구,성거읍
CAB285000598,유리,36.91874295,127.2233274,2025-10-31,598,34010,충청남도 천안시,천안BIS,충청남도,천안시서북구,입장면
CAB285000599,삼원빌라,36.9207504,127.2237616,2025-10-31,599,34010,충청남도 천안시,천안BIS,충청남도,천안시서북구,입장면
CAB285000623,입장양진유통,36.91465331,127.2221632,2025-10-31,623,34010,충청남도 천안시,천안BIS,충청남도,천안시서북구,입장면
CAB285000624,입장면행정복지센터,36.91228605,127.2216609,2025-10-31,624,34010,충청남도 천안시,천안BIS,충청남도,천안시서북구,입장면
CAB285000625,초원아파트,36.91216391,127.2214566,2025-10-31,625,34010,충청남도 천안시,천안BIS,충청남도,천안시서북구,입장면
CAB285000626,효계리(동계리),36.90889432,127.2205625,2025-10-31,626,34010,충청남도 천안시,천안BIS,충청남도,천안시서북구,입장면
CAB285000627,신덕2리,36.90376963,127.2191091,2025-10-31,627,34010,충청남도 천안시,천안BIS,충청남도,천안시서북구,입장면
CAB285000628,석교1리(궝말),36.85866796,127.1875741,2025-10-31,628,34010,충청남도 천안시,천안BIS,충청남도,천안시서북구,성거읍
CAB285000629,청구빌라,36.85882462,127.1873557,2025-10-31,629,34010,충청남도 천안시,천안BIS,충청남도,천안시서북구,성거읍
CAB285000630,오성원룸,36.8557213,127.1847658,2025-10-31,630,34010,충청남도 천안시,천안BIS,충청남도,천안시서북구,성거읍
CAB285000631,석교2리,36.85576631,127.1844741,2025-10-31,631,34010,충청남도 천안시,천안BIS,충청남도,천안시서북구,성거읍
CAB285000632,망향의동산,36.85371298,127.1842441,2025-10-31,632,34010,충청남도 천안시,천안BIS,충청남도,천안시서북구,성거읍
CAB285000633,망향의동산,36.85363796,127.1839974,2025-10-31,633,34010,충청남도 천안시,천안BIS,충청남도,천안시서북구,성거읍
CAB285000634,성거육영아파트,36.85096628,127.1830908,2025-10-31,634,34010,충청남도 천안시,천안BIS,충청남도,천안시서북구,성거읍
CAB285000635,성거육영아파트,36.8500119,127.1829356,2025-10-31,635,34010,충청남도 천안시,천안BIS,충청남도,천안시서북구,성거읍
CAB285000636,요방1리입구,36.84907463,127.1818241,2025-10-31,636,34010,충청남도 천안시,천안BIS,충청남도,천안시서북구,성거읍
CAB285000637,오승빌라,36.84674964,127.1805958,2025-10-31,637,34010,충청남도 천안시,천안BIS,충청남도,천안시서북구,성거읍
CAB285000638,요방3리,36.84626129,127.1799141,2025-10-31,638,34010,충청남도 천안시,천안BIS,충청남도,천안시서북구,성거읍
CAB285000639,단국대학교병원,36.84147798,127.1750657,2025-10-31,639,34010,충청남도 천안시,천안BIS,충청남도,천안시동남구,신안동
CAB285000640,단국대학교병원,36.8413349,127.1741122,2025-10-31,640,34010,충청남도 천안시,천안BIS,충청남도,천안시동남구,신안동
CAB285000641,단국대학교병원,36.83938797,127.1742724,2025-10-31,641,34010,충청남도 천안시,천안BIS,충청남도,천안시동남구,신안동
CAB285000642,상명대학교,36.8330796,127.1730008,2025-10-31,642,34010,충청남도 천안시,천안BIS,충청남도,천안시동남구,신안동
CAB285000643,천안톨게이트,36.82824318,127.1677016,2025-10-31,643,34010,충청남도 천안시,천안BIS,충청남도,천안시동남구,신안동
CAB285000644,천안톨게이트,36.82835666,127.1676106,2025-10-31,644,34010,충청남도 천안시,천안BIS,충청남도,천안시동남구,신안동
CAB285000646,신부우방아파트,36.823399,127.152586,2025-10-31,646,34010,충청남도 천안시,천안BIS,충청남도,천안시동남구,신안동
CAB285000648,신부청광아파트,36.82162686,127.1521151,2025-10-31,648,34010,충청남도 천안시,천안BIS,충청남도,천안시동남구,신안동
CAB285000649,방죽안오거리,36.817435,127.1511525,2025-10-31,649,34010,충청남도 천안시,천안BIS,충청남도,천안시동남구,신안동
CAB285000650,방죽안오거리,36.8175776,127.1514936,2025-10-31,650,34010,충청남도 천안시,천안BIS,충청남도,천안시동남구,신안동
CAB285000651,복자여자중고등학교,36.815312,127.1502101,2025-10-31,651,34010,충청남도 천안시,천안BIS,충청남도,천안시동남구,문성동
CAB285000652,복자여자중고등학교,36.815121,127.1499161,2025-10-31,652,34010,충청남도 천안시,천안BIS,충청남도,천안시동남구,문성동
CAB285000653,삼도상가,36.8120581,127.1488145,2025-10-31,653,34010,충청남도 천안시,천안BIS,충청남도,천안시동남구,중앙동
CAB285000654,삼도상가,36.8116185,127.148923,2025-10-31,654,34010,충청남도 천안시,천안BIS,충청남도,천안시동남구,중앙동
CAB285000655,천안역 동부광장,36.8083388,127.147642,2025-10-31,655,34010,충청남도 천안시,천안BIS,충청남도,천안시동남구,중앙동
CAB285000656,천안역 동부광장,36.8081632,127.1477157,2025-10-31,656,34010,충청남도 천안시,천안BIS,충청남도,천안시동남구,중앙동
CAB285000657,농협 봉명동지점,36.80251918,127.141375,2025-10-31,657,34010,충청남도 천안시,천안BIS,충청남도,천안시동남구,일봉동
CAB285000658,농협 봉명동지점,36.80266795,127.1411457,2025-10-31,658,34010,충청남도 천안시,천안BIS,충청남도,천안시동남구,봉명동
CAB285000659,온양나드리,36.803072,127.146009,2025-10-31,659,34010,충청남도 천안시,천안BIS,충청남도,천안시동남구,중앙동
CAB285000660,온양나드리,36.8032386,127.1462215,2025-10-31,660,34010,충청남도 천안시,천안BIS,충청남도,천안시동남구,중앙동
CAB285000661,남산중앙시장,36.8005047,127.1487406,2025-10-31,661,34010,충청남도 천안시,천안BIS,충청남도,천안시동남구,중앙동
CAB285000662,천안중앙시장,36.8004711,127.1492519,2025-10-31,662,34010,충청남도 천안시,천안BIS,충청남도,천안시동남구,중앙동
CAB285000663,중앙시장,36.8010882,127.1506877,2025-10-31,663,34010,충청남도 천안시,천안BIS,충청남도,천안시동남구,중앙동
CAB285000664,중앙시장,36.80171789,127.1504268,2025-10-31,664,34010,충청남도 천안시,천안BIS,충청남도,천안시동남구,중앙동
CAB285000665,천안중앙시장,36.80332398,127.150146,2025-10-31,665,34010,충청남도 천안시,천안BIS,충청남도,천안시동남구,중앙동
CAB285000666,오룡우체국,36.80447711,127.1501978,2025-10-31,666,34010,충청남도 천안시,천안BIS,충청남도,천안시동남구,중앙동
CAB285000667,동남구청,36.80727935,127.1497925,2025-10-31,667,34010,충청남도 천안시,천안BIS,충청남도,천안시동남구,문성동
CAB285000668,동남구청,36.80710758,127.1499407,2025-10-31,668,34010,충청남도 천안시,천안BIS,충청남도,천안시동남구,문성동
CAB285000669,버들육거리,36.8055523,127.1522197,2025-10-31,669,34010,충청남도 천안시,천안BIS,충청남도,천안시동남구,중앙동
CAB285000670,버들육거리,36.8054539,127.1524533,2025-10-31,670,34010,충청남도 천안시,천안BIS,충청남도,천안시동남구,중앙동
CAB285000671,청과시장,36.80328294,127.1528607,2025-10-31,671,34010,충청남도 천안시,천안BIS,충청남도,천안시동남구,중앙동
CAB285000672,청과시장,36.80334529,127.1526817,2025-10-31,672,34010,충청남도 천안시,천안BIS,충청남도,천안시동남구,중앙동
CAB285000673,농협원성점,36.79967502,127.1535368,2025-10-31,673,34010,충청남도 천안시,천안BIS,충청남도,천안시동남구,원성2동
CAB285000674,농협원성점,36.79952316,127.1533738,2025-10-31,674,34010,충청남도 천안시,천안BIS,충청남도,천안시동남구,원성2동
CAB285000675,남산축협,36.79921013,127.1515712,2025-10-31,675,34010,충청남도 천안시,천안BIS,충청남도,천안시동남구,중앙동
CAB285000676,남산축협,36.7992067,127.1521362,2025-10-31,676,34010,충청남도 천안시,천안BIS,충청남도,천안시동남구,중앙동
CAB285000677,천안역,36.80882941,127.1490063,2025-10-31,677,34010,충청남도 천안시,천안BIS,충청남도,천안시동남구,중앙동
CAB285000678,천안역,36.80911797,127.1488424,2025-10-31,678,34010,충청남도 천안시,천안BIS,충청남도,천안시동남구,중앙동
CAB285000679,천안역 필하우스 에듀시티,36.81124416,127.1526971,2025-10-31,679,34010,충청남도 천안시,천안BIS,충청남도,천안시동남구,문성동
CAB285000680,천안역 필하우스 에듀시티,36.81163128,127.1529341,2025-10-31,680,34010,충청남도 천안시,천안BIS,충청남도,천안시동남구,문성동
CAB285000681,천안초등학교,36.81402564,127.1529044,2025-10-31,681,34010,충청남도 천안시,천안BIS,충청남도,천안시동남구,문성동
CAB285001982,해수동입구,36.67411005,127.0385007,2025-10-31,1982,34010,충청남도 천안시,천안BIS,충청남도,천안시동남구,광덕면
CAB285001983,해수동입구,36.6739664,127.0384378,2025-10-31,1983,34010,충청남도 천안시,천안BIS,충청남도,천안시동남구,광덕면
CAB285001984,천안교육지원청,36.80054965,127.1111791,2025-10-31,1984,34010,충청남도 천안시,천안BIS,충청남도,천안시서북구,불당1동
CAB285001985,충남북부상공회의소,36.7978613,127.1086324,2025-10-31,1985,34010,충청남도 천안시,천안BIS,충청남도,천안시서북구,불당1동
CAB285001987,불당한성아파트,36.80281799,127.1124357,2025-10-31,1987,34010,충청남도 천안시,천안BIS,충청남도,천안시서북구,불당1동
CAB285001988,불당한성아파트,36.80304803,127.1122592,2025-10-31,1988,34010,충청남도 천안시,천안BIS,충청남도,천안시서북구,불당1동
CAB285001989,신사3리,36.743795,127.229882,2025-10-31,1989,34010,충청남도 천안시,천안BIS,충청남도,천안시동남구,성남면
CAB285001990,신사3리,36.743688,127.229785,2025-10-31,1990,34010,충청남도 천안시,천안BIS,충청남도,천안시동남구,성남면
CAB285001991,홈플러스,36.79891657,127.1637981,2025-10-31,1991,34010,충청남도 천안시,천안BIS,충청남도,천안시동남구,원성2동
CAB285001992,홈플러스,36.79874294,127.1634124,2025-10-31,1992,34010,충청남도 천안시,천안BIS,충청남도,천안시동남구,청룡동
CAB285001993,성거포도마을아파트,36.88665647,127.2062976,2025-10-31,1993,34010,충청남도 천안시,천안BIS,충청남도,천안시서북구,성거읍
CAB285001994,성거포도마을아파트,36.886548,127.205769,2025-10-31,1994,34010,충청남도 천안시,천안BIS,충청남도,천안시서북구,성거읍
CAB285001997,성성레이크타운2차푸르지오아파트,36.839356,127.132491,2025-10-31,1997,34010,충청남도 천안시,천안BIS,충청남도,천안시서북구,부성2동
CAB285001998,화덕1리,36.7623938,127.3979745,2025-10-31,1998,34010,충청남도 천안시,천안BIS,충청남도,천안시동남구,동면
CAB285001999,목천초등학교,36.78657672,127.2352726,2025-10-31,1999,34010,충청남도 천안시,천안BIS,충청남도,천안시동남구,목천읍
CAB285002000,목천초등학교,36.7869227,127.234841,2025-10-31,2000,34010,충청남도 천안시,천안BIS,충청남도,천안시동남구,목천읍
CAB285002038,산운마을,36.78909297,127.1586074,2025-10-31,2038,34010,충청남도 천안시,천안BIS,충청남도,천안시동남구,청룡동
CAB285002039,산운마을,36.7892013,127.1587391,2025-10-31,2039,34010,충청남도 천안시,천안BIS,충청남도,천안시동남구,청룡동
CAB285002040,청수고등학교,36.79047961,127.1594857,2025-10-31,2040,34010,충청남도 천안시,천안BIS,충청남도,천안시동남구,청룡동
CAB285002041,청수고등학교,36.78999133,127.1589591,2025-10-31,2041,34010,충청남도 천안시,천안BIS,충청남도,천안시동남구,청룡동
CAB285002042,중흥S클래스,36.7865721,127.1585101,2025-10-31,2042,34010,충청남도 천안시,천안BIS,충청남도,천안시동남구,청룡동
CAB285002043,중흥S클래스,36.78646312,127.1586448,2025-10-31,2043,34010,충청남도 천안시,천안BIS,충청남도,천안시동남구,청룡동
CAB285002046,"우미린,한양수자인아파트",36.78443667,127.1489718,2025-10-31,2046,34010,충청남도 천안시,천안BIS,충청남도,천안시동남구,청룡동
CAB285002050,장애인체육관,36.81331956,127.1695914,2025-10-31,2050,34010,충청남도 천안시,천안BIS,충청남도,천안시동남구,원성1동
CAB285002051,한국하니웰,36.85033124,127.120884,2025-10-31,2051,34010,충청남도 천안시,천안BIS,충청남도,천안시서북구,부성2동
CAB285002052,소우리입구,36.87850966,127.1656841,2025-10-31,2052,34010,충청남도 천안시,천안BIS,충청남도,천안시서북구,성거읍
CAB285002053,소우1리(바조리),36.87841798,127.1663774,2025-10-31,2053,34010,충청남도 천안시,천안BIS,충청남도,천안시서북구,성거읍
CAB285002054,문덕1리입구,36.87913629,127.1846591,2025-10-31,2054,34010,충청남도 천안시,천안BIS,충청남도,천안시서북구,성거읍
CAB285002055,송남리,36.87795799,127.1949791,2025-10-31,2055,34010,충청남도 천안시,천안BIS,충청남도,천안시서북구,성거읍
CAB285002056,송남리,36.8781163,127.1951991,2025-10-31,2056,34010,충청남도 천안시,천안BIS,충청남도,천안시서북구,성거읍
CAB285002057,직산청호아파트,36.89829465,127.1430707,2025-10-31,2057,34010,충청남도 천안시,천안BIS,충청남도,천안시서북구,직산읍
CAB285002058,직산청호아파트,36.89847207,127.1436686,2025-10-31,2058,34010,충청남도 천안시,천안BIS,충청남도,천안시서북구,직산읍
CAB285002059,직산부영아파트,36.89466796,127.1389741,2025-10-31,2059,34010,충청남도 천안시,천안BIS,충청남도,천안시서북구,직산읍
CAB285002060,직산부영아파트,36.8949313,127.1392674,2025-10-31,2060,34010,충청남도 천안시,천안BIS,충청남도,천안시서북구,직산읍
CAB285002061,시름세삼거리,36.89378995,127.1357527,2025-10-31,2061,34010,충청남도 천안시,천안BIS,충청남도,천안시서북구,성환읍
CAB285002062,업성고교,36.859916,127.137399,2025-10-31,2062,34010,충청남도 천안시,천안BIS,충청남도,천안시서북구,부성1동
CAB285002063,이마트 서북점,36.8391046,127.1220241,2025-10-31,2063,34010,충청남도 천안시,천안BIS,충청남도,천안시서북구,백석동
CAB285002064,천안시립노인전문병원,36.82409944,127.2272869,2025-10-31,2064,34010,충청남도 천안시,천안BIS,충청남도,천안시동남구,목천읍
CAB285002065,천안시립노인전문병원,36.824127,127.2271505,2025-10-31,2065,34010,충청남도 천안시,천안BIS,충청남도,천안시동남구,목천읍
CAB285002066,버들마을아파트,36.78467466,127.1490674,2025-10-31,2066,34010,충청남도 천안시,천안BIS,충청남도,천안시동남구,청룡동
CAB285002067,신한생명연수원,36.8243183,127.2611976,2025-10-31,2067,34010,충청남도 천안시,천안BIS,충청남도,천안시동남구,북면
CAB285002068,명덕리(사창),36.8179203,127.2716225,2025-10-31,2068,34010,충청남도 천안시,천안BIS,충청남도,천안시동남구,북면
CAB285002069,병천시장,36.7612863,127.2988741,2025-10-31,2069,34010,충청남도 천안시,천안BIS,충청남도,천안시동남구,병천면
CAB285002070,모드니에아파트,36.75901465,127.2969358,2025-10-31,2070,34010,충청남도 천안시,천안BIS,충청남도,천안시동남구,병천면
CAB285002071,화계2리마을회관,36.7780649,127.3390692,2025-10-31,2071,34010,충청남도 천안시,천안BIS,충청남도,천안시동남구,동면
CAB285002072,동선목장,36.79210802,127.3558995,2025-10-31,2072,34010,충청남도 천안시,천안BIS,충청남도,천안시동남구,동면
CAB285002074,추모공원,36.66382258,127.1174876,2025-10-31,2074,34010,충청남도 천안시,천안BIS,충청남도,천안시동남구,광덕면
CAB285002079,백석이수아파트입구,36.82992526,127.1162015,2025-10-31,2079,34010,충청남도 천안시,천안BIS,충청남도,천안시서북구,백석동
CAB285002082,은지리(채동),36.78266385,127.261353,2025-10-31,2082,34010,충청남도 천안시,천안BIS,충청남도,천안시동남구,북면
CAB285002083,업성고교,36.859792,127.137748,2025-10-31,2083,34010,충청남도 천안시,천안BIS,충청남도,천안시서북구,부성1동
CAB285002084,동아태조아파트,36.822604,127.15257,2025-10-31,2084,34010,충청남도 천안시,천안BIS,충청남도,천안시동남구,신안동
CAB285002085,신부청광아파트,36.82101139,127.1521933,2025-10-31,2085,34010,충청남도 천안시,천안BIS,충청남도,천안시동남구,신안동
CAB285002086,두정역푸르지오 동문,36.83357217,127.151547,2025-10-31,2086,34010,충청남도 천안시,천안BIS,충청남도,천안시서북구,부성1동
CAB285002087,한화포레나천안노태1단지,36.839041,127.124063,2025-10-31,2087,34010,충청남도 천안시,천안BIS,충청남도,천안시서북구,부성2동
CAB285002088,업성초교,36.8599339,127.1415616,2025-10-31,2088,34010,충청남도 천안시,천안BIS,충청남도,천안시서북구,부성1동
CAB285002090,군서1리,36.89972465,127.1587024,2025-10-31,2090,34010,충청남도 천안시,천안BIS,충청남도,천안시서북구,직산읍
CAB285002091,군서1리,36.8995938,127.1585133,2025-10-31,2091,34010,충청남도 천안시,천안BIS,충청남도,천안시서북구,직산읍
CAB285002092,성환4리,36.92068829,127.1338026,2025-10-31,2092,34010,충청남도 천안시,천안BIS,충청남도,천안시서북구,성환읍
CAB285002093,성환4리,36.920839,127.133226,2025-10-31,2093,34010,충청남도 천안시,천안BIS,충청남도,천안시서북구,성환읍
CAB285002094,도림리,36.91476295,127.2614074,2025-10-31,2094,34010,충청남도 천안시,천안BIS,충청남도,천안시서북구,입장면
CAB285002095,도림리,36.91455974,127.2614506,2025-10-31,2095,34010,충청남도 천안시,천안BIS,충청남도,천안시서북구,입장면
CAB285002098,동우교,36.8420226,127.2710203,2025-10-31,2098,34010,충청남도 천안시,천안BIS,충청남도,천안시동남구,북면
CAB285002099,동우교,36.84204306,127.2711762,2025-10-31,2099,34010,충청남도 천안시,천안BIS,충청남도,천안시동남구,북면
CAB285002100,상록리조트후문,36.73651011,127.283945,2025-10-31,2100,34010,충청남도 천안시,천안BIS,충청남도,천안시동남구,수신면
CAB285002101,상록리조트후문,36.73673962,127.2840241,2025-10-31,2101,34010,충청남도 천안시,천안BIS,충청남도,천안시동남구,수신면
CAB285002102,대정리,36.7226332,127.2150663,2025-10-31,2102,34010,충청남도 천안시,천안BIS,충청남도,천안시동남구,성남면
CAB285000682,천안북중학교,36.81444863,127.1531504,2025-10-31,682,34010,충청남도 천안시,천안BIS,충청남도,천안시동남구,문성동
CAB285000683,신안파출소,36.81732914,127.1528389,2025-10-31,683,34010,충청남도 천안시,천안BIS,충청남도,천안시동남구,신안동
CAB285000684,신안파출소,36.8174513,127.1529841,2025-10-31,684,34010,충청남도 천안시,천안BIS,충청남도,천안시동남구,신안동
CAB285000685,종합터미널,36.8187607,127.1556582,2025-10-31,685,34010,충청남도 천안시,천안BIS,충청남도,천안시동남구,신안동
CAB285000686,종합터미널,36.8190148,127.1565574,2025-10-31,686,34010,충청남도 천안시,천안BIS,충청남도,천안시동남구,신안동
CAB285000687,고속터미널,36.81895798,127.1545407,2025-10-31,687,34010,충청남도 천안시,천안BIS,충청남도,천안시동남구,신안동
CAB285000688,신부경남아파트,36.81559628,127.1583541,2025-10-31,688,34010,충청남도 천안시,천안BIS,충청남도,천안시동남구,신안동
CAB285000689,신부경남아파트,36.81552076,127.1581206,2025-10-31,689,34010,충청남도 천안시,천안BIS,충청남도,천안시동남구,신안동
CAB285000690,중앙고등학교,36.81141632,127.1584774,2025-10-31,690,34010,충청남도 천안시,천안BIS,충청남도,천안시동남구,원성1동
CAB285000691,교보생명,36.80798399,127.1584761,2025-10-31,691,34010,충청남도 천안시,천안BIS,충청남도,천안시동남구,원성1동
CAB285000692,교보생명,36.80735799,127.1587324,2025-10-31,692,34010,충청남도 천안시,천안BIS,충청남도,천안시동남구,원성1동
CAB285000693,교보사거리,36.80552772,127.1586705,2025-10-31,693,34010,충청남도 천안시,천안BIS,충청남도,천안시동남구,원성2동
CAB285000694,천안중학교,36.81130964,127.1582674,2025-10-31,694,34010,충청남도 천안시,천안BIS,충청남도,천안시동남구,원성1동
CAB285000695,교보사거리,36.80472992,127.1589439,2025-10-31,695,34010,충청남도 천안시,천안BIS,충청남도,천안시동남구,원성2동
CAB285000696,원성극동아파트,36.80285964,127.1589074,2025-10-31,696,34010,충청남도 천안시,천안BIS,충청남도,천안시동남구,원성2동
CAB285000697,천안여중입구,36.800593,127.158959,2025-10-31,697,34010,충청남도 천안시,천안BIS,충청남도,천안시동남구,원성2동
CAB285000698,원성극동아파트,36.80257013,127.1590813,2025-10-31,698,34010,충청남도 천안시,천안BIS,충청남도,천안시동남구,원성2동
CAB285000699,원동교,36.8064396,127.1600908,2025-10-31,699,34010,충청남도 천안시,천안BIS,충청남도,천안시동남구,원성1동
CAB285000700,원동교,36.806508,127.160842,2025-10-31,700,34010,충청남도 천안시,천안BIS,충청남도,천안시동남구,원성1동
CAB285000701,남부오거리,36.7985139,127.1516921,2025-10-31,701,34010,충청남도 천안시,천안BIS,충청남도,천안시동남구,중앙동
CAB285000702,남부오거리,36.7982139,127.1517372,2025-10-31,702,34010,충청남도 천안시,천안BIS,충청남도,천안시동남구,중앙동
CAB285000703,천안제일고등학교,36.806207,127.154742,2025-10-31,703,34010,충청남도 천안시,천안BIS,충청남도,천안시동남구,원성2동
CAB285000704,천안제일고등학교,36.80639796,127.1552241,2025-10-31,704,34010,충청남도 천안시,천안BIS,충청남도,천안시동남구,원성1동
CAB285000705,버들로,36.80621995,127.1564693,2025-10-31,705,34010,충청남도 천안시,천안BIS,충청남도,천안시동남구,원성2동
CAB285000706,나은필병원(대림한숲아파트),36.819457,127.159662,2025-10-31,706,34010,충청남도 천안시,천안BIS,충청남도,천안시동남구,신안동
CAB285000707,대림한숲아파트,36.81993963,127.1597741,2025-10-31,707,34010,충청남도 천안시,천안BIS,충청남도,천안시동남구,신안동
CAB285000708,포레나신부 대림한내,36.82490299,127.1572557,2025-10-31,708,34010,충청남도 천안시,천안BIS,충청남도,천안시동남구,신안동
CAB285000709,대림한내 포레나신부,36.82465294,127.1571357,2025-10-31,709,34010,충청남도 천안시,천안BIS,충청남도,천안시동남구,신안동
CAB285000730,덕성2리,36.80430193,127.3721628,2025-10-31,730,34010,충청남도 천안시,천안BIS,충청남도,천안시동남구,동면
CAB285000731,덕성2리,36.80298558,127.3720965,2025-10-31,731,34010,충청남도 천안시,천안BIS,충청남도,천안시동남구,동면
CAB285000732,동산3리,36.79203732,127.3686778,2025-10-31,732,34010,충청남도 천안시,천안BIS,충청남도,천안시동남구,동면
CAB285000733,동산3리죽계2리,36.7918436,127.3681444,2025-10-31,733,34010,충청남도 천안시,천안BIS,충청남도,천안시동남구,동면
CAB285000734,천안여자고등학교,36.77950419,127.1650802,2025-10-31,734,34010,충청남도 천안시,천안BIS,충청남도,천안시동남구,청룡동
CAB285000735,천안여자고등학교,36.78047633,127.1654907,2025-10-31,735,34010,충청남도 천안시,천안BIS,충청남도,천안시동남구,청룡동
CAB285000736,원삼거리,36.78284,127.165509,2025-10-31,736,34010,충청남도 천안시,천안BIS,충청남도,천안시동남구,청룡동
CAB285000737,천안동중학교,36.78786298,127.1656891,2025-10-31,737,34010,충청남도 천안시,천안BIS,충청남도,천안시동남구,청룡동
CAB285000738,천안동중학교,36.78778703,127.1660115,2025-10-31,738,34010,충청남도 천안시,천안BIS,충청남도,천안시동남구,청룡동
CAB285000739,천안삼거리공원,36.7842081,127.1691222,2025-10-31,739,34010,충청남도 천안시,천안BIS,충청남도,천안시동남구,청룡동
CAB285000740,천안삼거리공원,36.78402463,127.1697274,2025-10-31,740,34010,충청남도 천안시,천안BIS,충청남도,천안시동남구,청룡동
CAB285000741,삼룡동새마을회관,36.7804555,127.1735565,2025-10-31,741,34010,충청남도 천안시,천안BIS,충청남도,천안시동남구,청룡동
CAB285000742,삼룡동새마을회관,36.78093295,127.1733924,2025-10-31,742,34010,충청남도 천안시,천안BIS,충청남도,천안시동남구,청룡동
CAB285000743,"천안의료원,고려신학대학원",36.776238,127.1777027,2025-10-31,743,34010,충청남도 천안시,천안BIS,충청남도,천안시동남구,청룡동
CAB285000744,천안삼거리장례식장,36.77312583,127.1793202,2025-10-31,744,34010,충청남도 천안시,천안BIS,충청남도,천안시동남구,청룡동
CAB285000745,천안삼거리장례식장,36.77375795,127.1793741,2025-10-31,745,34010,충청남도 천안시,천안BIS,충청남도,천안시동남구,청룡동
CAB285000746,"천안의료원,고려신학대학원",36.7759539,127.1783259,2025-10-31,746,34010,충청남도 천안시,천안BIS,충청남도,천안시동남구,청룡동
CAB285000747,신성미소지움아파트,36.79226235,127.1645478,2025-10-31,747,34010,충청남도 천안시,천안BIS,충청남도,천안시동남구,청룡동
CAB285000748,천안여중입구,36.7999936,127.1593035,2025-10-31,748,34010,충청남도 천안시,천안BIS,충청남도,천안시동남구,원성2동
CAB285000749,삼룡교,36.797823,127.15919,2025-10-31,749,34010,충청남도 천안시,천안BIS,충청남도,천안시동남구,청룡동
CAB285000750,원삼거리,36.7836693,127.1650659,2025-10-31,750,34010,충청남도 천안시,천안BIS,충청남도,천안시동남구,청룡동
CAB285000751,구룡동,36.7666725,127.1490484,2025-10-31,751,34010,충청남도 천안시,천안BIS,충청남도,천안시동남구,청룡동
CAB285000753,청수극동2차아파트,36.7893504,127.1544843,2025-10-31,753,34010,충청남도 천안시,천안BIS,충청남도,천안시동남구,청룡동
CAB285000754,청수LG SK아파트,36.7913365,127.1560667,2025-10-31,754,34010,충청남도 천안시,천안BIS,충청남도,천안시동남구,청룡동
CAB285000755,청수극동1차아파트,36.79156779,127.1559119,2025-10-31,755,34010,충청남도 천안시,천안BIS,충청남도,천안시동남구,청룡동
CAB285000756,공립지역아동센터,36.7958596,127.1583892,2025-10-31,756,34010,충청남도 천안시,천안BIS,충청남도,천안시동남구,청룡동
CAB285000757,청수현대아파트,36.79811958,127.154829,2025-10-31,757,34010,충청남도 천안시,천안BIS,충청남도,천안시동남구,청룡동
CAB285000758,청수현대아파트,36.79757,127.15305,2025-10-31,758,34010,충청남도 천안시,천안BIS,충청남도,천안시동남구,청룡동
CAB285000759,청수현대아파트,36.79756324,127.1528346,2025-10-31,759,34010,충청남도 천안시,천안BIS,충청남도,천안시동남구,청룡동
CAB285000760,남양유업,36.794197,127.150928,2025-10-31,760,34010,충청남도 천안시,천안BIS,충청남도,천안시동남구,일봉동
CAB285000761,남양유업,36.7941202,127.1510754,2025-10-31,761,34010,충청남도 천안시,천안BIS,충청남도,천안시동남구,청룡동
CAB285000762,청수금호아파트,36.79194759,127.1497923,2025-10-31,762,34010,충청남도 천안시,천안BIS,충청남도,천안시동남구,청룡동
CAB285000763,극동스타클래스더퍼스트 아파트,36.79195821,127.1495983,2025-10-31,763,34010,충청남도 천안시,천안BIS,충청남도,천안시동남구,일봉동
CAB285000764,경남아너스빌,36.78981452,127.1481432,2025-10-31,764,34010,충청남도 천안시,천안BIS,충청남도,천안시동남구,일봉동
CAB285002103,대정리,36.72264628,127.2152658,2025-10-31,2103,34010,충청남도 천안시,천안BIS,충청남도,천안시동남구,성남면
CAB285002104,청삼교차로,36.78195,127.164126,2025-10-31,2104,34010,충청남도 천안시,천안BIS,충청남도,천안시동남구,청룡동
CAB285002106,새마을금고,36.77485963,127.1339607,2025-10-31,2106,34010,충청남도 천안시,천안BIS,충청남도,천안시동남구,신방동
CAB285002107,새마을금고,36.77489893,127.1337895,2025-10-31,2107,34010,충청남도 천안시,천안BIS,충청남도,천안시동남구,신방동
CAB285002108,신방한라비발디아파트,36.77075938,127.1322853,2025-10-31,2108,34010,충청남도 천안시,천안BIS,충청남도,천안시동남구,신방동
CAB285002113,갤러리아백화점,36.80146069,127.1045475,2025-10-31,2113,34010,충청남도 천안시,천안BIS,충청남도,천안시서북구,불당2동
CAB285002114,갤러리아백화점,36.80115796,127.1042941,2025-10-31,2114,34010,충청남도 천안시,천안BIS,충청남도,천안시서북구,불당1동
CAB285002115,불당시티프라디움3차,36.7971352,127.100265,2025-10-31,2115,34010,충청남도 천안시,천안BIS,충청남도,천안시서북구,불당1동
CAB285002116,펜타포트,36.79744461,127.1008124,2025-10-31,2116,34010,충청남도 천안시,천안BIS,충청남도,천안시서북구,불당1동
CAB285002123,한성필하우스,36.77641833,127.1347242,2025-10-31,2123,34010,충청남도 천안시,천안BIS,충청남도,천안시동남구,신방동
CAB285002124,한성필하우스,36.77643962,127.1349274,2025-10-31,2124,34010,충청남도 천안시,천안BIS,충청남도,천안시동남구,신방동
CAB285002125,신방한라비발디아파트,36.77087186,127.1323612,2025-10-31,2125,34010,충청남도 천안시,천안BIS,충청남도,천안시동남구,신방동
CAB285002126,청당2통(새텃마을),36.777626,127.143943,2025-10-31,2126,34010,충청남도 천안시,천안BIS,충청남도,천안시동남구,청룡동
CAB285002127,청당2통(새텃마을),36.77680462,127.1433041,2025-10-31,2127,34010,충청남도 천안시,천안BIS,충청남도,천안시동남구,청룡동
CAB285002128,청당코오롱하늘채아파트,36.780153,127.145028,2025-10-31,2128,34010,충청남도 천안시,천안BIS,충청남도,천안시동남구,청룡동
CAB285002129,천안제일요양원,36.781107,127.145226,2025-10-31,2129,34010,충청남도 천안시,천안BIS,충청남도,천안시동남구,청룡동
CAB285002131,백석아이파크,36.83300961,127.1236174,2025-10-31,2131,34010,충청남도 천안시,천안BIS,충청남도,천안시서북구,백석동
CAB285002132,백석리슈빌,36.83257179,127.1233255,2025-10-31,2132,34010,충청남도 천안시,천안BIS,충청남도,천안시서북구,백석동
CAB285002133,원랜드패션몰,36.82382299,127.1062907,2025-10-31,2133,34010,충청남도 천안시,천안BIS,충청남도,천안시서북구,백석동
CAB285002134,원랜드패션몰,36.82373461,127.1058441,2025-10-31,2134,34010,충청남도 천안시,천안BIS,충청남도,천안시서북구,불당2동
CAB285002135,천안시장애인종합복지관,36.83902158,127.1325808,2025-10-31,2135,34010,충청남도 천안시,천안BIS,충청남도,천안시서북구,부성2동
CAB285002136,번영로공구상가,36.85480799,127.1318474,2025-10-31,2136,34010,충청남도 천안시,천안BIS,충청남도,천안시서북구,부성1동
CAB285002137,업성초교,36.85968278,127.142009,2025-10-31,2137,34010,충청남도 천안시,천안BIS,충청남도,천안시서북구,부성1동
CAB285002138,대덕교차로,36.697266,127.096222,2025-10-31,2183,34010,충청남도 천안시,천안BIS,충청남도,천안시동남구,광덕면
CAB285002140,서북구청,36.87789672,127.1540452,2025-10-31,2140,34010,충청남도 천안시,천안BIS,충청남도,천안시서북구,성거읍
CAB285002141,태창빌라,36.864337,127.157736,2025-10-31,2141,34010,충청남도 천안시,천안BIS,충청남도,천안시서북구,부성1동
CAB285002142,태창빌라,36.864251,127.157741,2025-10-31,2142,34010,충청남도 천안시,천안BIS,충청남도,천안시서북구,부성1동
CAB285002143,우진빌라,36.91984795,127.2208674,2025-10-31,2143,34010,충청남도 천안시,천안BIS,충청남도,천안시서북구,입장면
CAB285002144,효계리,36.9018812,127.2230666,2025-10-31,2144,34010,충청남도 천안시,천안BIS,충청남도,천안시서북구,입장면
CAB285002145,효계리,36.9017461,127.2231101,2025-10-31,2145,34010,충청남도 천안시,천안BIS,충청남도,천안시서북구,입장면
CAB285002146,도원1리,36.77568536,127.3156327,2025-10-31,2146,34010,충청남도 천안시,천안BIS,충청남도,천안시동남구,병천면
CAB285002147,도원1리,36.77594373,127.3154714,2025-10-31,2147,34010,충청남도 천안시,천안BIS,충청남도,천안시동남구,병천면
CAB285002148,매성3리,36.79552836,127.3188463,2025-10-31,2148,34010,충청남도 천안시,천안BIS,충청남도,천안시동남구,병천면
CAB285002149,매성3리,36.79557304,127.3186248,2025-10-31,2149,34010,충청남도 천안시,천안BIS,충청남도,천안시동남구,병천면
CAB285002150,관성3리입구,36.80708162,127.3191684,2025-10-31,2150,34010,충청남도 천안시,천안BIS,충청남도,천안시동남구,병천면
CAB285002151,관성3리입구,36.8069669,127.3189517,2025-10-31,2151,34010,충청남도 천안시,천안BIS,충청남도,천안시동남구,병천면
CAB285002152,관성리의동,36.8135557,127.3369892,2025-10-31,2152,34010,충청남도 천안시,천안BIS,충청남도,천안시동남구,병천면
CAB285002153,관성리의동,36.8136819,127.3369833,2025-10-31,2153,34010,충청남도 천안시,천안BIS,충청남도,천안시동남구,병천면
CAB285002154,광덕1리(절골),36.7839887,127.3467787,2025-10-31,2154,34010,충청남도 천안시,천안BIS,충청남도,천안시동남구,동면
CAB285002155,광덕1리(절골),36.7839615,127.3466051,2025-10-31,2155,34010,충청남도 천안시,천안BIS,충청남도,천안시동남구,동면
CAB285002157,광덕2리,36.7918555,127.3443869,2025-10-31,2156,34010,충청남도 천안시,천안BIS,충청남도,천안시동남구,동면
CAB285002159,광덕2리,36.7955995,127.3397892,2025-10-31,2159,34010,충청남도 천안시,천안BIS,충청남도,천안시동남구,동면
CAB285002160,속창1리,36.72884466,127.2765507,2025-10-31,2160,34010,충청남도 천안시,천안BIS,충청남도,천안시동남구,수신면
CAB285002161,속창1리,36.72874816,127.2766191,2025-10-31,2161,34010,충청남도 천안시,천안BIS,충청남도,천안시동남구,수신면
CAB285002163,봉양3리,36.7090564,127.2463556,2025-10-31,2163,34010,충청남도 천안시,천안BIS,충청남도,천안시동남구,성남면
CAB285002164,봉양3리,36.70903382,127.2465721,2025-10-31,2164,34010,충청남도 천안시,천안BIS,충청남도,천안시동남구,성남면
CAB285002165,충남평생교육원,36.7708013,127.2055141,2025-10-31,2165,34010,충청남도 천안시,천안BIS,충청남도,천안시동남구,목천읍
CAB285002166,충남평생교육원,36.77077632,127.2060374,2025-10-31,2166,34010,충청남도 천안시,천안BIS,충청남도,천안시동남구,목천읍
CAB285002167,백자2리,36.71078639,127.273987,2025-10-31,2167,34010,충청남도 천안시,천안BIS,충청남도,천안시동남구,수신면
CAB285002169,남관3리,36.75860773,127.1115155,2025-10-31,2169,34010,충청남도 천안시,천안BIS,충청남도,천안시동남구,풍세면
CAB285002172,지장2리,36.665661,127.0757593,2025-10-31,2172,34010,충청남도 천안시,천안BIS,충청남도,천안시동남구,광덕면
CAB285002173,지장2리,36.66546843,127.0755308,2025-10-31,2173,34010,충청남도 천안시,천안BIS,충청남도,천안시동남구,광덕면
CAB285002174,광덕4리,36.68142864,127.0693327,2025-10-31,2174,34010,충청남도 천안시,천안BIS,충청남도,천안시동남구,광덕면
CAB285002176,광덕2리,36.6766398,127.0548903,2025-10-31,2176,34010,충청남도 천안시,천안BIS,충청남도,천안시동남구,광덕면
CAB285002177,광덕2리,36.67577128,127.0542141,2025-10-31,2177,34010,충청남도 천안시,천안BIS,충청남도,천안시동남구,광덕면
CAB285002179,광덕1리,36.6738382,127.0321378,2025-10-31,2179,34010,충청남도 천안시,천안BIS,충청남도,천안시동남구,광덕면
CAB285002180,광덕2리,36.67261523,127.0485039,2025-10-31,2180,34010,충청남도 천안시,천안BIS,충청남도,천안시동남구,광덕면
CAB285002181,광덕2리,36.67247965,127.0484852,2025-10-31,2181,34010,충청남도 천안시,천안BIS,충청남도,천안시동남구,광덕면
CAB285002182,대덕교차로,36.69735961,127.0958507,2025-10-31,2182,34010,충청남도 천안시,천안BIS,충청남도,천안시동남구,광덕면
CAB285002190,"부경파크빌,안서e편한세상,성불사부경이편한",36.829475,127.189214,2025-10-31,2190,34010,충청남도 천안시,천안BIS,충청남도,천안시동남구,신안동
CAB285002193,월봉고등학교,36.80215674,127.1093388,2025-10-31,2193,34010,충청남도 천안시,천안BIS,충청남도,천안시서북구,불당1동
CAB285002194,월봉중학교,36.80183965,127.1110957,2025-10-31,2194,34010,충청남도 천안시,천안BIS,충청남도,천안시서북구,불당1동
CAB285002197,용곡세광아파트,36.78076965,127.1418377,2025-10-31,2197,34010,충청남도 천안시,천안BIS,충청남도,천안시동남구,신방동
CAB285002199,용곡세광엔리치타워,36.7789829,127.1405415,2025-10-31,2199,34010,충청남도 천안시,천안BIS,충청남도,천안시동남구,신방동
CAB285002201,새샘중학교,36.7757179,127.1394182,2025-10-31,2201,34010,충청남도 천안시,천안BIS,충청남도,천안시동남구,청룡동
CAB285002202,새샘중학교,36.775884,127.1391877,2025-10-31,2202,34010,충청남도 천안시,천안BIS,충청남도,천안시동남구,신방동
CAB285000768,청당마을신도브래뉴아파트,36.7787137,127.1406806,2025-10-31,768,34010,충청남도 천안시,천안BIS,충청남도,천안시동남구,청룡동
CAB285000770,현대까치아파트,36.77263961,127.1380441,2025-10-31,770,34010,충청남도 천안시,천안BIS,충청남도,천안시동남구,청룡동
CAB285000771,현대까치아파트,36.772629,127.137836,2025-10-31,771,34010,충청남도 천안시,천안BIS,충청남도,천안시동남구,청룡동
CAB285000774,청수초등학교,36.78801064,127.1516824,2025-10-31,774,34010,충청남도 천안시,천안BIS,충청남도,천안시동남구,청룡동
CAB285000775,구성초등학교 천안시 보훈회관,36.79378962,127.1603407,2025-10-31,775,34010,충청남도 천안시,천안BIS,충청남도,천안시동남구,청룡동
CAB285000776,구성초등학교 천안시 보훈회관 건너,36.793522,127.160393,2025-10-31,776,34010,충청남도 천안시,천안BIS,충청남도,천안시동남구,청룡동
CAB285000777,구성신성아파트,36.791359,127.162442,2025-10-31,777,34010,충청남도 천안시,천안BIS,충청남도,천안시동남구,청룡동
CAB285000778,구성신성아파트,36.791671,127.162539,2025-10-31,778,34010,충청남도 천안시,천안BIS,충청남도,천안시동남구,청룡동
CAB285000780,부영아파트입구,36.76162963,127.1722707,2025-10-31,780,34010,충청남도 천안시,천안BIS,충청남도,천안시동남구,목천읍
CAB285000781,부영아파트입구,36.7615774,127.1724646,2025-10-31,781,34010,충청남도 천안시,천안BIS,충청남도,천안시동남구,목천읍
CAB285000782,응원리,36.7649545,127.1787875,2025-10-31,782,34010,충청남도 천안시,천안BIS,충청남도,천안시동남구,목천읍
CAB285000783,막실,36.7648645,127.1788607,2025-10-31,783,34010,충청남도 천안시,천안BIS,충청남도,천안시동남구,목천읍
CAB285000784,부영아파트,36.76055464,127.1781557,2025-10-31,784,34010,충청남도 천안시,천안BIS,충청남도,천안시동남구,목천읍
CAB285000823,삼일원앙아파트,36.79007296,127.1198207,2025-10-31,823,34010,충청남도 천안시,천안BIS,충청남도,천안시동남구,신방동
CAB285000824,쌍용역예일병원계룡아파트,36.79307799,127.1224607,2025-10-31,824,34010,충청남도 천안시,천안BIS,충청남도,천안시서북구,쌍용2동
CAB285000825,쌍용역해누리아이파크,36.79305796,127.1234207,2025-10-31,825,34010,충청남도 천안시,천안BIS,충청남도,천안시서북구,쌍용2동
CAB285000826,쌍용고가교,36.79409963,127.1263374,2025-10-31,826,34010,충청남도 천안시,천안BIS,충청남도,천안시서북구,쌍용2동
CAB285000827,이화여성병원,36.79425133,127.1261474,2025-10-31,827,34010,충청남도 천안시,천안BIS,충청남도,천안시서북구,쌍용2동
CAB285000828,쌍용동 이마트,36.796526,127.12894,2025-10-31,828,34010,충청남도 천안시,천안BIS,충청남도,천안시서북구,쌍용1동
CAB285000829,쌍용동 이마트,36.79631298,127.1290624,2025-10-31,829,34010,충청남도 천안시,천안BIS,충청남도,천안시서북구,쌍용1동
CAB285000831,선영새마을금고,36.79934011,127.1429046,2025-10-31,831,34010,충청남도 천안시,천안BIS,충청남도,천안시동남구,일봉동
CAB285000832,일봉초등학교,36.79878796,127.1399841,2025-10-31,832,34010,충청남도 천안시,천안BIS,충청남도,천안시동남구,일봉동
CAB285000834,다가동신성아파트YWCA,36.79855297,127.1367774,2025-10-31,834,34010,충청남도 천안시,천안BIS,충청남도,천안시동남구,일봉동
CAB285000835,다가동신성아파트,36.79883462,127.1362324,2025-10-31,835,34010,충청남도 천안시,천안BIS,충청남도,천안시동남구,일봉동
CAB285000836,충무병원,36.798219,127.133663,2025-10-31,836,34010,충청남도 천안시,천안BIS,충청남도,천안시서북구,쌍용1동
CAB285000837,충무병원,36.7982696,127.1324991,2025-10-31,837,34010,충청남도 천안시,천안BIS,충청남도,천안시서북구,쌍용1동
CAB285000838,충무병원후문,36.7964296,127.1313223,2025-10-31,838,34010,충청남도 천안시,천안BIS,충청남도,천안시서북구,쌍용1동
CAB285000839,두레현대1단지아파트,36.79260462,127.1315805,2025-10-31,839,34010,충청남도 천안시,천안BIS,충청남도,천안시동남구,신방동
CAB285000840,성지새말2단지아파트,36.79261965,127.1313841,2025-10-31,840,34010,충청남도 천안시,천안BIS,충청남도,천안시동남구,신방동
CAB285000841,용곡더쉴아파트,36.78947214,127.1313494,2025-10-31,841,34010,충청남도 천안시,천안BIS,충청남도,천안시동남구,신방동
CAB285000842,용곡더쉴아파트,36.78936127,127.1311091,2025-10-31,842,34010,충청남도 천안시,천안BIS,충청남도,천안시동남구,신방동
CAB285000843,현대 향촌아파트정문,36.78843038,127.1303718,2025-10-31,843,34010,충청남도 천안시,천안BIS,충청남도,천안시동남구,신방동
CAB285000844,한라 동백2차아파트정문,36.78817834,127.1302481,2025-10-31,844,34010,충청남도 천안시,천안BIS,충청남도,천안시동남구,신방동
CAB285000845,현대 향촌아파트,36.7897316,127.1286902,2025-10-31,845,34010,충청남도 천안시,천안BIS,충청남도,천안시동남구,신방동
CAB285000846,현대향촌아파트,36.78997758,127.1291328,2025-10-31,846,34010,충청남도 천안시,천안BIS,충청남도,천안시동남구,신방동
CAB285000847,성지새말아파트,36.79230628,127.1288841,2025-10-31,847,34010,충청남도 천안시,천안BIS,충청남도,천안시동남구,신방동
CAB285000848,성지새말아파트,36.7921028,127.129131,2025-10-31,848,34010,충청남도 천안시,천안BIS,충청남도,천안시동남구,신방동
CAB285000849,신방한라동백아파트,36.78760879,127.1289211,2025-10-31,849,34010,충청남도 천안시,천안BIS,충청남도,천안시동남구,신방동
CAB285000850,신방초원아파트후문,36.7879761,127.1285709,2025-10-31,850,34010,충청남도 천안시,천안BIS,충청남도,천안시동남구,신방동
CAB285000851,신방초원아파트,36.78729211,127.1243111,2025-10-31,851,34010,충청남도 천안시,천안BIS,충청남도,천안시동남구,신방동
CAB285000852,신촌초등학교,36.7864263,127.1232574,2025-10-31,852,34010,충청남도 천안시,천안BIS,충청남도,천안시동남구,신방동
CAB285000853,삼일원앙아파트,36.78883795,127.1188841,2025-10-31,853,34010,충청남도 천안시,천안BIS,충청남도,천안시서북구,쌍용2동
CAB285000854,쌍용고입구,36.79023545,127.1169972,2025-10-31,854,34010,충청남도 천안시,천안BIS,충청남도,천안시서북구,쌍용2동
CAB285000855,쌍용고입구,36.79054961,127.1167541,2025-10-31,855,34010,충청남도 천안시,천안BIS,충청남도,천안시서북구,쌍용2동
CAB285000856,월봉대우아파트,36.79516463,127.1147507,2025-10-31,856,34010,충청남도 천안시,천안BIS,충청남도,천안시서북구,쌍용2동
CAB285000857,월봉5차현대아파트,36.79577635,127.1146363,2025-10-31,857,34010,충청남도 천안시,천안BIS,충청남도,천안시서북구,쌍용2동
CAB285000858,월봉벽산아파트,36.79817587,127.1148467,2025-10-31,858,34010,충청남도 천안시,천안BIS,충청남도,천안시서북구,쌍용2동
CAB285000859,월봉벽산아파트,36.79859296,127.1151341,2025-10-31,859,34010,충청남도 천안시,천안BIS,충청남도,천안시서북구,쌍용2동
CAB285000860,쌍용도서관,36.80043899,127.1151394,2025-10-31,860,34010,충청남도 천안시,천안BIS,충청남도,천안시서북구,쌍용2동
CAB285000861,월봉청솔아파트,36.80130127,127.1162874,2025-10-31,861,34010,충청남도 천안시,천안BIS,충청남도,천안시서북구,쌍용2동
CAB285000862,용암마을,36.80091465,127.1194491,2025-10-31,862,34010,충청남도 천안시,천안BIS,충청남도,천안시서북구,쌍용2동
CAB285000863,용암마을,36.80105907,127.1200158,2025-10-31,863,34010,충청남도 천안시,천안BIS,충청남도,천안시서북구,쌍용3동
CAB285000864,쌍용초등학교,36.80061462,127.1229641,2025-10-31,864,34010,충청남도 천안시,천안BIS,충청남도,천안시서북구,쌍용3동
CAB285000865,쌍용한라동백아파트,36.80018299,127.1240358,2025-10-31,865,34010,충청남도 천안시,천안BIS,충청남도,천안시서북구,쌍용2동
CAB285000866,주공7단지,36.80086461,127.1266907,2025-10-31,866,34010,충청남도 천안시,천안BIS,충청남도,천안시서북구,쌍용3동
CAB285000867,주공7단지,36.80182353,127.1247312,2025-10-31,867,34010,충청남도 천안시,천안BIS,충청남도,천안시서북구,쌍용3동
CAB285000868,주공7단지,36.80196688,127.1246175,2025-10-31,868,34010,충청남도 천안시,천안BIS,충청남도,천안시서북구,쌍용3동
CAB285000869,라이프아파트,36.80242966,127.1218241,2025-10-31,869,34010,충청남도 천안시,천안BIS,충청남도,천안시서북구,쌍용3동
CAB285000870,라이프아파트,36.80222234,127.1222077,2025-10-31,870,34010,충청남도 천안시,천안BIS,충청남도,천안시서북구,쌍용3동
CAB285000871,대하마트,36.798903,127.1181079,2025-10-31,871,34010,충청남도 천안시,천안BIS,충청남도,천안시서북구,쌍용2동
CAB285000872,대하마트,36.79883455,127.118248,2025-10-31,872,34010,충청남도 천안시,천안BIS,충청남도,천안시서북구,쌍용2동
CAB285000873,나사렛대학교,36.79542962,127.1178157,2025-10-31,873,34010,충청남도 천안시,천안BIS,충청남도,천안시서북구,쌍용2동
CAB285000874,나사렛대학교,36.79546912,127.1176185,2025-10-31,874,34010,충청남도 천안시,천안BIS,충청남도,천안시서북구,쌍용2동
CAB285000875,우성VIP 아파트,36.7985872,127.1564345,2025-10-31,875,34010,충청남도 천안시,천안BIS,충청남도,천안시동남구,원성2동
CAB285002203,신흥방산마을,36.7790242,127.1284561,2025-10-31,2203,34010,충청남도 천안시,천안BIS,충청남도,천안시동남구,신방동
CAB285002204,신흥방산마을,36.77855494,127.1292143,2025-10-31,2204,34010,충청남도 천안시,천안BIS,충청남도,천안시동남구,신방동
CAB285002205,신방체육관,36.78528195,127.1288483,2025-10-31,2205,34010,충청남도 천안시,천안BIS,충청남도,천안시동남구,신방동
CAB285002206,신방체육관,36.7847888,127.128361,2025-10-31,2206,34010,충청남도 천안시,천안BIS,충청남도,천안시동남구,신방동
CAB285002207,백석더샵아파트,36.83092964,127.1236174,2025-10-31,2207,34010,충청남도 천안시,천안BIS,충청남도,천안시서북구,백석동
CAB285002208,백석더샵아파트,36.83048387,127.1238614,2025-10-31,2208,34010,충청남도 천안시,천안BIS,충청남도,천안시서북구,백석동
CAB285002209,대전충남양계축협,36.80826754,127.1618191,2025-10-31,2209,34010,충청남도 천안시,천안BIS,충청남도,천안시동남구,원성1동
CAB285002210,용곡한라비발디후문,36.78870223,127.133516,2025-10-31,2210,34010,충청남도 천안시,천안BIS,충청남도,천안시동남구,일봉동
CAB285002211,용곡한라비발디아파트,36.78791431,127.1354213,2025-10-31,2211,34010,충청남도 천안시,천안BIS,충청남도,천안시동남구,일봉동
CAB285002212,용곡한라비발디아파트,36.7886077,127.1351604,2025-10-31,2212,34010,충청남도 천안시,천안BIS,충청남도,천안시동남구,일봉동
CAB285002213,청수공원,36.78712425,127.1506814,2025-10-31,2213,34010,충청남도 천안시,천안BIS,충청남도,천안시동남구,청룡동
CAB285002214,청수공원,36.78698795,127.1508857,2025-10-31,2214,34010,충청남도 천안시,천안BIS,충청남도,천안시동남구,청룡동
CAB285002215,한양수자인,36.78340964,127.1523757,2025-10-31,2215,34010,충청남도 천안시,천안BIS,충청남도,천안시동남구,청룡동
CAB285002216,한양수자인,36.78349127,127.1525491,2025-10-31,2216,34010,충청남도 천안시,천안BIS,충청남도,천안시동남구,청룡동
CAB285002217,봉양리,36.72672378,127.2609145,2025-10-31,2217,34010,충청남도 천안시,천안BIS,충청남도,천안시동남구,성남면
CAB285002218,봉양리,36.7270833,127.2611283,2025-10-31,2218,34010,충청남도 천안시,천안BIS,충청남도,천안시동남구,성남면
CAB285002219,성남봉양진료소,36.71772145,127.2524497,2025-10-31,2219,34010,충청남도 천안시,천안BIS,충청남도,천안시동남구,성남면
CAB285002220,봉양3리벌판,36.71431252,127.2481715,2025-10-31,2220,34010,충청남도 천안시,천안BIS,충청남도,천안시동남구,성남면
CAB285002224,죽계2리,36.7955908,127.3780748,2025-10-31,2224,34010,충청남도 천안시,천안BIS,충청남도,천안시동남구,동면
CAB285002225,죽계1리,36.79763795,127.3842874,2025-10-31,2225,34010,충청남도 천안시,천안BIS,충청남도,천안시동남구,동면
CAB285002226,천안우리병원,36.78122795,127.1562941,2025-10-31,2226,34010,충청남도 천안시,천안BIS,충청남도,천안시동남구,청룡동
CAB285002227,문덕리,36.8786285,127.1804676,2025-10-31,2227,34010,충청남도 천안시,천안BIS,충청남도,천안시서북구,성거읍
CAB285002228,청당마을신도브래뉴아파트후문,36.78065351,127.1420478,2025-10-31,2228,34010,충청남도 천안시,천안BIS,충청남도,천안시동남구,청룡동
CAB285002229,청수공원,36.7886762,127.1474025,2025-10-31,2229,34010,충청남도 천안시,천안BIS,충청남도,천안시동남구,일봉동
CAB285002230,청수공원,36.78853297,127.1475774,2025-10-31,2230,34010,충청남도 천안시,천안BIS,충청남도,천안시동남구,청룡동
CAB285002231,신덕1리,36.71849704,127.2435143,2025-10-31,2231,34010,충청남도 천안시,천안BIS,충청남도,천안시동남구,성남면
CAB285002233,대전충남양돈농협,36.78576896,127.1463578,2025-10-31,2233,34010,충청남도 천안시,천안BIS,충청남도,천안시동남구,청룡동
CAB285002234,호성산업개발,36.9276564,127.2043737,2025-10-31,2234,34010,충청남도 천안시,천안BIS,충청남도,천안시서북구,입장면
CAB285002235,호성산업개발,36.927469,127.204664,2025-10-31,2235,34010,충청남도 천안시,천안BIS,충청남도,천안시서북구,입장면
CAB285002236,운전리,36.77320132,127.2269024,2025-10-31,2236,34010,충청남도 천안시,천안BIS,충청남도,천안시동남구,목천읍
CAB285002237,운전리,36.77281298,127.2271674,2025-10-31,2237,34010,충청남도 천안시,천안BIS,충청남도,천안시동남구,목천읍
CAB285002238,한국더첼,36.8307286,127.1139845,2025-10-31,2238,34010,충청남도 천안시,천안BIS,충청남도,천안시서북구,백석동
CAB285002239,제네시스,36.83104252,127.1124419,2025-10-31,2239,34010,충청남도 천안시,천안BIS,충청남도,천안시서북구,백석동
CAB285002241,지장1리(자라골),36.655494,127.079464,2025-10-31,2241,34010,충청남도 천안시,천안BIS,충청남도,천안시동남구,광덕면
CAB285002242,지장1리(자라골),36.655464,127.079346,2025-10-31,2242,34010,충청남도 천안시,천안BIS,충청남도,천안시동남구,광덕면
CAB285002243,연합초원아파트,36.7709725,127.2298434,2025-10-31,2243,34010,충청남도 천안시,천안BIS,충청남도,천안시동남구,목천읍
CAB285002244,대화2리,36.72891294,127.2607457,2025-10-31,2244,34010,충청남도 천안시,천안BIS,충청남도,천안시동남구,성남면
CAB285002245,대화2리,36.728685,127.2607734,2025-10-31,2245,34010,충청남도 천안시,천안BIS,충청남도,천안시동남구,성남면
CAB285002246,신방도서관 푸르지오아파트,36.77286052,127.1313583,2025-10-31,2246,34010,충청남도 천안시,천안BIS,충청남도,천안시동남구,신방동
CAB285002247,신방도서관 푸르지오아파트,36.77314295,127.1319424,2025-10-31,2247,34010,충청남도 천안시,천안BIS,충청남도,천안시동남구,신방동
CAB285002248,지장1리,36.66917807,127.0733336,2025-10-31,2248,34010,충청남도 천안시,천안BIS,충청남도,천안시동남구,광덕면
CAB285002249,지장1리,36.6693041,127.0735459,2025-10-31,2249,34010,충청남도 천안시,천안BIS,충청남도,천안시동남구,광덕면
CAB285002250,도장3리,36.7507974,127.1861212,2025-10-31,2250,34010,충청남도 천안시,천안BIS,충청남도,천안시동남구,목천읍
CAB285002251,연곡2리,36.9520075,127.1948448,2025-10-31,2251,34010,충청남도 천안시,천안BIS,충청남도,천안시서북구,입장면
CAB285002252,모드니에아파트,36.7590093,127.2971834,2025-10-31,2252,34010,충청남도 천안시,천안BIS,충청남도,천안시동남구,병천면
CAB285002253,병천시장,36.76115477,127.2990039,2025-10-31,2253,34010,충청남도 천안시,천안BIS,충청남도,천안시동남구,병천면
CAB285002254,은지리,36.78568466,127.2598057,2025-10-31,2254,34010,충청남도 천안시,천안BIS,충청남도,천안시동남구,북면
CAB285002255,은지리,36.785591,127.259779,2025-10-31,2255,34010,충청남도 천안시,천안BIS,충청남도,천안시동남구,북면
CAB285002256,번영로가구타운,36.84634299,127.1224057,2025-10-31,2256,34010,충청남도 천안시,천안BIS,충청남도,천안시서북구,부성2동
CAB285002259,관성1리,36.8015267,127.3244641,2025-10-31,2259,34010,충청남도 천안시,천안BIS,충청남도,천안시동남구,병천면
CAB285002260,천안예술의전당 천안시립미술관,36.7564769,127.2257362,2025-10-31,2260,34010,충청남도 천안시,천안BIS,충청남도,천안시동남구,성남면
CAB285002262,에드워드,36.84183512,127.1044915,2025-10-31,2262,34010,충청남도 천안시,천안BIS,충청남도,천안시서북구,부성2동
CAB285002263,에드워드,36.84168591,127.1047199,2025-10-31,2263,34010,충청남도 천안시,천안BIS,충청남도,천안시서북구,부성2동
CAB285002264,선영새마을금고,36.79946803,127.1426927,2025-10-31,2264,34010,충청남도 천안시,천안BIS,충청남도,천안시동남구,일봉동
CAB285002265,"관세인재개발원,해양경찰연구센터",36.7647865,127.2917085,2025-10-31,2265,34010,충청남도 천안시,천안BIS,충청남도,천안시동남구,병천면
CAB285002266,남관1리마을회관,36.7521189,127.1287875,2025-10-31,2266,34010,충청남도 천안시,천안BIS,충청남도,천안시동남구,풍세면
CAB285002267,남관1리마을회관,36.75226316,127.1289561,2025-10-31,2267,34010,충청남도 천안시,천안BIS,충청남도,천안시동남구,풍세면
CAB285002269,천안실버타운,36.7662785,127.2310218,2025-10-31,2269,34010,충청남도 천안시,천안BIS,충청남도,천안시동남구,목천읍
CAB285002271,천안실버타운,36.76564041,127.2301978,2025-10-31,2271,34010,충청남도 천안시,천안BIS,충청남도,천안시동남구,목천읍
CAB285002272,동평1리,36.76999219,127.2384563,2025-10-31,2272,34010,충청남도 천안시,천안BIS,충청남도,천안시동남구,목천읍
CAB285002273,동평1리,36.7698113,127.2386828,2025-10-31,2273,34010,충청남도 천안시,천안BIS,충청남도,천안시동남구,목천읍
CAB285002274,리각미술관,36.820118,127.186714,2025-10-31,2274,34010,충청남도 천안시,천안BIS,충청남도,천안시동남구,원성1동
CAB285002275,리각미술관,36.820208,127.186961,2025-10-31,2275,34010,충청남도 천안시,천안BIS,충청남도,천안시동남구,원성1동
CAB285002277,서북경찰서,36.85780395,127.1361831,2025-10-31,2277,34010,충청남도 천안시,천안BIS,충청남도,천안시서북구,부성1동
CAB285002280,송남리,36.86195127,127.1913308,2025-10-31,2280,34010,충청남도 천안시,천안BIS,충청남도,천안시서북구,성거읍
CAB285002281,백석대 정문,36.84122964,127.1813974,2025-10-31,2281,34010,충청남도 천안시,천안BIS,충청남도,천안시동남구,신안동
CAB285002282,백석대 정문,36.84135168,127.1815568,2025-10-31,2282,34010,충청남도 천안시,천안BIS,충청남도,천안시동남구,신안동
CAB285000876,우성VIP 아파트,36.79842431,127.1562394,2025-10-31,876,34010,충청남도 천안시,천안BIS,충청남도,천안시동남구,청룡동
CAB285000877,청소년수련관,36.80854059,127.1523949,2025-10-31,877,34010,충청남도 천안시,천안BIS,충청남도,천안시동남구,문성동
CAB285000878,중앙도서관,36.80858461,127.1525824,2025-10-31,878,34010,충청남도 천안시,천안BIS,충청남도,천안시동남구,원성1동
CAB285000879,가구웨딩특화거리,36.81848565,127.1396809,2025-10-31,879,34010,충청남도 천안시,천안BIS,충청남도,천안시서북구,성정1동
CAB285000880,가구웨딩특화거리,36.818606,127.138188,2025-10-31,880,34010,충청남도 천안시,천안BIS,충청남도,천안시서북구,성정2동
CAB285000881,백석사거리,36.81903497,127.1328358,2025-10-31,881,34010,충청남도 천안시,천안BIS,충청남도,천안시서북구,성정2동
CAB285000882,백석사거리,36.81895517,127.1322416,2025-10-31,882,34010,충청남도 천안시,천안BIS,충청남도,천안시서북구,성정1동
CAB285000883,용암초등학교,36.80452072,127.1186098,2025-10-31,883,34010,충청남도 천안시,천안BIS,충청남도,천안시서북구,쌍용3동
CAB285000887,쌍용패션거리,36.80244569,127.1319201,2025-10-31,887,34010,충청남도 천안시,천안BIS,충청남도,천안시동남구,봉명동
CAB285000888,천안여상입구,36.80492959,127.1323538,2025-10-31,888,34010,충청남도 천안시,천안BIS,충청남도,천안시동남구,봉명동
CAB285000889,천안여상입구,36.80469794,127.1321408,2025-10-31,889,34010,충청남도 천안시,천안BIS,충청남도,천안시서북구,쌍용1동
CAB285000890,열린치과,36.80322966,127.1290474,2025-10-31,890,34010,충청남도 천안시,천안BIS,충청남도,천안시서북구,쌍용1동
CAB285000891,천안컨벤션센터,36.80440961,127.1277541,2025-10-31,891,34010,충청남도 천안시,천안BIS,충청남도,천안시서북구,쌍용1동
CAB285000892,천안컨벤션센터,36.8046713,127.1276324,2025-10-31,892,34010,충청남도 천안시,천안BIS,충청남도,천안시서북구,쌍용3동
CAB285000893,일성아파트,36.8076207,127.1299445,2025-10-31,893,34010,충청남도 천안시,천안BIS,충청남도,천안시서북구,쌍용1동
CAB285000894,일성아파트,36.80777398,127.1302187,2025-10-31,894,34010,충청남도 천안시,천안BIS,충청남도,천안시서북구,쌍용1동
CAB285000895,천안고등학교,36.807303,127.134299,2025-10-31,895,34010,충청남도 천안시,천안BIS,충청남도,천안시동남구,봉명동
CAB285000896,쌍용패션거리,36.80204793,127.1317057,2025-10-31,886,34010,충청남도 천안시,천안BIS,충청남도,천안시동남구,봉명동
CAB285000897,봉명동행정복지센터,36.80626519,127.1397118,2025-10-31,897,34010,충청남도 천안시,천안BIS,충청남도,천안시동남구,봉명동
CAB285000898,순천향병원,36.80334963,127.1392157,2025-10-31,898,34010,충청남도 천안시,천안BIS,충청남도,천안시동남구,봉명동
CAB285000899,순천향병원,36.8033077,127.1389912,2025-10-31,899,34010,충청남도 천안시,천안BIS,충청남도,천안시동남구,봉명동
CAB285000901,공작아파트 입구,36.80882577,127.1403088,2025-10-31,901,34010,충청남도 천안시,천안BIS,충청남도,천안시동남구,봉명동
CAB285000902,공작아파트 입구,36.8095127,127.1407269,2025-10-31,902,34010,충청남도 천안시,천안BIS,충청남도,천안시서북구,성정1동
CAB285000903,성정사거리,36.8126215,127.1412442,2025-10-31,903,34010,충청남도 천안시,천안BIS,충청남도,천안시서북구,성정1동
CAB285000904,성정사거리,36.8129921,127.1415788,2025-10-31,904,34010,충청남도 천안시,천안BIS,충청남도,천안시서북구,성정1동
CAB285000905,성정초등학교,36.81538944,127.1419424,2025-10-31,905,34010,충청남도 천안시,천안BIS,충청남도,천안시서북구,성정1동
CAB285000906,성정초등학교,36.81542798,127.1421407,2025-10-31,906,34010,충청남도 천안시,천안BIS,충청남도,천안시서북구,성정1동
CAB285000907,성정1동행정복지센터,36.81729464,127.1425958,2025-10-31,907,34010,충청남도 천안시,천안BIS,충청남도,천안시서북구,성정1동
CAB285000908,성정1동행정복지센터,36.81804075,127.1426022,2025-10-31,908,34010,충청남도 천안시,천안BIS,충청남도,천안시서북구,성정1동
CAB285000909,봉정사거리,36.8192104,127.1430792,2025-10-31,909,34010,충청남도 천안시,천안BIS,충청남도,천안시서북구,성정2동
CAB285000910,봉정사거리,36.8198188,127.1430595,2025-10-31,910,34010,충청남도 천안시,천안BIS,충청남도,천안시서북구,성정2동
CAB285000911,대우목화아파트,36.82148303,127.1434625,2025-10-31,911,34010,충청남도 천안시,천안BIS,충청남도,천안시서북구,성정2동
CAB285000912,성정대우목화,36.82170799,127.1436891,2025-10-31,912,34010,충청남도 천안시,천안BIS,충청남도,천안시서북구,성정2동
CAB285000913,서부19길입구,36.823291,127.144116,2025-10-31,913,34010,충청남도 천안시,천안BIS,충청남도,천안시서북구,성정2동
CAB285000914,서부19길입구,36.823309,127.143901,2025-10-31,914,34010,충청남도 천안시,천안BIS,충청남도,천안시서북구,성정2동
CAB285000915,신라스테이(인쇄창),36.82553464,127.1433407,2025-10-31,915,34010,충청남도 천안시,천안BIS,충청남도,천안시서북구,성정2동
CAB285000916,성정동롯데마트,36.8256817,127.1402805,2025-10-31,916,34010,충청남도 천안시,천안BIS,충청남도,천안시서북구,성정2동
CAB285000917,롯데마트,36.82562348,127.1393042,2025-10-31,917,34010,충청남도 천안시,천안BIS,충청남도,천안시서북구,성정2동
CAB285000918,천안고용센터,36.82538294,127.1420891,2025-10-31,918,34010,충청남도 천안시,천안BIS,충청남도,천안시서북구,성정2동
CAB285000919,광제산부인과,36.823948,127.140591,2025-10-31,919,34010,충청남도 천안시,천안BIS,충청남도,천안시서북구,성정2동
CAB285000920,광제산부인과,36.82431443,127.140519,2025-10-31,920,34010,충청남도 천안시,천안BIS,충청남도,천안시서북구,성정2동
CAB285000921,천안서초등학교,36.821672,127.139899,2025-10-31,921,34010,충청남도 천안시,천안BIS,충청남도,천안시서북구,성정2동
CAB285000922,천안서초등학교,36.82112413,127.1398709,2025-10-31,922,34010,충청남도 천안시,천안BIS,충청남도,천안시서북구,성정2동
CAB285000923,"성정2동행정복지센터,건강생활지원센터",36.8196834,127.139405,2025-10-31,923,34010,충청남도 천안시,천안BIS,충청남도,천안시서북구,성정2동
CAB285000924,"성정2동행정복지센터,건강생활지원센터",36.81945838,127.1394412,2025-10-31,924,34010,충청남도 천안시,천안BIS,충청남도,천안시서북구,성정2동
CAB285000925,늘푸른극동아파트,36.82833528,127.1332688,2025-10-31,925,34010,충청남도 천안시,천안BIS,충청남도,천안시서북구,성정2동
CAB285000926,늘푸른극동아파트,36.82980669,127.1330814,2025-10-31,926,34010,충청남도 천안시,천안BIS,충청남도,천안시서북구,부성2동
CAB285000927,천안성정동우체국,36.83084794,127.1333791,2025-10-31,927,34010,충청남도 천안시,천안BIS,충청남도,천안시서북구,부성2동
CAB285000928,천안고용노동지청,36.8332067,127.1333439,2025-10-31,928,34010,충청남도 천안시,천안BIS,충청남도,천안시서북구,부성2동
CAB285000929,두정고등학교,36.8344363,127.1336441,2025-10-31,929,34010,충청남도 천안시,천안BIS,충청남도,천안시서북구,부성2동
CAB285000930,두정우성아파트,36.83636116,127.1334788,2025-10-31,930,34010,충청남도 천안시,천안BIS,충청남도,천안시서북구,부성2동
CAB285000931,두정한성아파트,36.83641912,127.1337244,2025-10-31,931,34010,충청남도 천안시,천안BIS,충청남도,천안시서북구,부성2동
CAB285000932,두정경남아너스빌,36.837555,127.138386,2025-10-31,932,34010,충청남도 천안시,천안BIS,충청남도,천안시서북구,부성1동
CAB285000933,두정계룡리슈빌,36.837542,127.138118,2025-10-31,933,34010,충청남도 천안시,천안BIS,충청남도,천안시서북구,부성2동
CAB285000934,두정중학교,36.83547129,127.1383558,2025-10-31,934,34010,충청남도 천안시,천안BIS,충청남도,천안시서북구,부성1동
CAB285000935,두정양돈농협,36.8335726,127.1380377,2025-10-31,935,34010,충청남도 천안시,천안BIS,충청남도,천안시서북구,부성2동
CAB285000936,성정중학교,36.83070794,127.1379608,2025-10-31,936,34010,충청남도 천안시,천안BIS,충청남도,천안시서북구,부성2동
CAB285000937,성정중학교,36.8299568,127.1377217,2025-10-31,937,34010,충청남도 천안시,천안BIS,충청남도,천안시서북구,성정2동
CAB285000938,성정평생학습관,36.82724299,127.1375791,2025-10-31,938,34010,충청남도 천안시,천안BIS,충청남도,천안시서북구,성정2동
CAB285000939,두정 하이마트,36.82648794,127.1344074,2025-10-31,939,34010,충청남도 천안시,천안BIS,충청남도,천안시서북구,성정2동
CAB285000940,6단지후문,36.82598924,127.1357766,2025-10-31,940,34010,충청남도 천안시,천안BIS,충청남도,천안시서북구,성정2동
CAB285000941,성정현대아파트,36.8244927,127.1371386,2025-10-31,941,34010,충청남도 천안시,천안BIS,충청남도,천안시서북구,성정2동
CAB285002283,백석대 정문,36.8416896,127.1815669,2025-10-31,2283,34010,충청남도 천안시,천안BIS,충청남도,천안시동남구,신안동
CAB285002284,천정1리,36.76424354,127.211787,2025-10-31,2284,34010,충청남도 천안시,천안BIS,충청남도,천안시동남구,목천읍
CAB285002285,천정1리,36.76418166,127.2119964,2025-10-31,2285,34010,충청남도 천안시,천안BIS,충청남도,천안시동남구,목천읍
CAB285002286,국광레미콘,36.764125,127.12916,2025-10-31,2286,34010,충청남도 천안시,천안BIS,충청남도,천안시동남구,풍세면
CAB285002287,강성공업사,36.76483461,127.1296308,2025-10-31,2287,34010,충청남도 천안시,천안BIS,충청남도,천안시동남구,신방동
CAB285002288,구정리 마을,36.95302755,127.1894837,2025-10-31,2288,34010,충청남도 천안시,천안BIS,충청남도,천안시서북구,입장면
CAB285002289,구정리 마을,36.95311128,127.1896674,2025-10-31,2289,34010,충청남도 천안시,천안BIS,충청남도,천안시서북구,입장면
CAB285002290,삼성SDI,36.8411823,127.1196867,2025-10-31,2290,34010,충청남도 천안시,천안BIS,충청남도,천안시서북구,부성2동
CAB285002292,동산리(가능골),36.7886289,127.3563848,2025-10-31,2292,34010,충청남도 천안시,천안BIS,충청남도,천안시동남구,동면
CAB285002293,천안장례식장,36.89680905,127.1947943,2025-10-31,2293,34010,충청남도 천안시,천안BIS,충청남도,천안시서북구,성거읍
CAB285002294,천안장례식장,36.89726964,127.1950124,2025-10-31,2294,34010,충청남도 천안시,천안BIS,충청남도,천안시서북구,성거읍
CAB285002295,원덕리,36.6648182,127.1431533,2025-10-31,2295,34010,충청남도 천안시,천안BIS,충청남도,천안시동남구,광덕면
CAB285002296,원덕리,36.66481465,127.1434141,2025-10-31,2296,34010,충청남도 천안시,천안BIS,충청남도,천안시동남구,광덕면
CAB285002297,자연누리성,36.66124294,127.1242241,2025-10-31,2297,34010,충청남도 천안시,천안BIS,충청남도,천안시동남구,광덕면
CAB285002298,직산한도아파트,36.87970461,127.1539907,2025-10-31,2298,34010,충청남도 천안시,천안BIS,충청남도,천안시서북구,직산읍
CAB285002299,우미린아파트,36.78416479,127.1462348,2025-10-31,2299,34010,충청남도 천안시,천안BIS,충청남도,천안시동남구,청룡동
CAB285002300,파크밸리동일하이빌,36.8068854,127.1186344,2025-10-31,2300,34010,충청남도 천안시,천안BIS,충청남도,천안시서북구,쌍용3동
CAB285002301,직산역,36.869937,127.144808,2025-10-31,2301,34010,충청남도 천안시,천안BIS,충청남도,천안시서북구,직산읍
CAB285002302,용정2리,36.73543965,127.1116381,2025-10-31,2302,34010,충청남도 천안시,천안BIS,충청남도,천안시동남구,풍세면
CAB285002303,천안종합휴양관광지,36.760747,127.227763,2025-10-31,2303,34010,충청남도 천안시,천안BIS,충청남도,천안시동남구,목천읍
CAB285002304,천안종합휴양관광지,36.75981889,127.2276284,2025-10-31,2304,34010,충청남도 천안시,천안BIS,충청남도,천안시동남구,목천읍
CAB285002305,원덕2리,36.66168799,127.1213324,2025-10-31,2305,34010,충청남도 천안시,천안BIS,충청남도,천안시동남구,광덕면
CAB285002306,주공9단지,36.80497463,127.1208441,2025-10-31,2306,34010,충청남도 천안시,천안BIS,충청남도,천안시서북구,쌍용3동
CAB285002307,뜨란채아파트,36.80501442,127.1206981,2025-10-31,2307,34010,충청남도 천안시,천안BIS,충청남도,천안시서북구,쌍용3동
CAB285002308,뜨란채아파트 후문,36.806747,127.118382,2025-10-31,2308,34010,충청남도 천안시,천안BIS,충청남도,천안시서북구,쌍용3동
CAB285002309,부성2동행정복지센터 두정대림2차,36.83901966,127.1292641,2025-10-31,2309,34010,충청남도 천안시,천안BIS,충청남도,천안시서북구,부성2동
CAB285002310,두정대림2차아파트,36.836778,127.128409,2025-10-31,2310,34010,충청남도 천안시,천안BIS,충청남도,천안시서북구,부성2동
CAB285002312,케이원전자,36.86372962,127.1188224,2025-10-31,2312,34010,충청남도 천안시,천안BIS,충청남도,천안시서북구,직산읍
CAB285002313,무지개솔텍,36.86340866,127.118725,2025-10-31,2313,34010,충청남도 천안시,천안BIS,충청남도,천안시서북구,직산읍
CAB285002316,시름세삼거리,36.89399631,127.1359124,2025-10-31,2316,34010,충청남도 천안시,천안BIS,충청남도,천안시서북구,성환읍
CAB285002317,용정2리(불구머리),36.9217368,127.1885602,2025-10-31,2317,34010,충청남도 천안시,천안BIS,충청남도,천안시서북구,입장면
CAB285002318,용정2리(불구머리),36.9216558,127.1886223,2025-10-31,2318,34010,충청남도 천안시,천안BIS,충청남도,천안시서북구,입장면
CAB285002319,영성마을,36.65787864,127.0746807,2025-10-31,2319,34010,충청남도 천안시,천안BIS,충청남도,천안시동남구,광덕면
CAB285002320,도인사,36.651225,127.082216,2025-10-31,2320,34010,충청남도 천안시,천안BIS,충청남도,천안시동남구,광덕면
CAB285002321,도인사,36.651285,127.082296,2025-10-31,2321,34010,충청남도 천안시,천안BIS,충청남도,천안시동남구,광덕면
CAB285002322,풍세치안센터,36.72071702,127.1196706,2025-10-31,2322,34010,충청남도 천안시,천안BIS,충청남도,천안시동남구,풍세면
CAB285002351,일봉동주민센터,36.8010387,127.1427846,2025-10-31,2351,34010,충청남도 천안시,천안BIS,충청남도,천안시동남구,일봉동
CAB285002355,만유감리교회,36.7203156,127.2504395,2025-10-31,2355,34010,충청남도 천안시,천안BIS,충청남도,천안시동남구,성남면
CAB285002740,상동중앙아파트(문답안),36.77054225,127.2691093,2025-10-31,2740,34010,충청남도 천안시,천안BIS,충청남도,천안시동남구,북면
CAB285002789,불당대동다숲,36.80505757,127.1129314,2025-10-31,1789,34010,충청남도 천안시,천안BIS,충청남도,천안시서북구,불당1동
CAB285010001,골드아파트,36.91327465,127.1283674,2025-10-31,2360,34010,충청남도 천안시,천안BIS,충청남도,천안시서북구,성환읍
CAB285010002,골드아파트,36.91236211,127.1282185,2025-10-31,2361,34010,충청남도 천안시,천안BIS,충청남도,천안시서북구,성환읍
CAB285010003,청수극동2차아파트,36.78931001,127.1555958,2025-10-31,2333,34010,충청남도 천안시,천안BIS,충청남도,천안시동남구,청룡동
CAB285010004,시청앞사거리,36.816541,127.109746,2025-10-31,10004,34010,충청남도 천안시,천안BIS,충청남도,천안시서북구,불당2동
CAB285010005,동남경찰서,36.78780462,127.1566991,2025-10-31,2332,34010,충청남도 천안시,천안BIS,충청남도,천안시동남구,청룡동
CAB285010006,동남경찰서,36.78730629,127.1567341,2025-10-31,2331,34010,충청남도 천안시,천안BIS,충청남도,천안시동남구,청룡동
CAB285010007,천고사거리,36.80729344,127.1401513,2025-10-31,900,34010,충청남도 천안시,천안BIS,충청남도,천안시동남구,봉명동
CAB285010008,삼성SDI,36.84150404,127.1092274,2025-10-31,10008,34010,충청남도 천안시,천안BIS,충청남도,천안시서북구,부성2동
CAB285010011,일봉초등학교,36.79848462,127.1403841,2025-10-31,833,34010,충청남도 천안시,천안BIS,충청남도,천안시동남구,일봉동
CAB285010012,천안노인전문요양원(종점),36.79936764,127.1775224,2025-10-31,10012,34010,충청남도 천안시,천안BIS,충청남도,천안시동남구,청룡동
CAB285010013,천안변전소,36.79139628,127.1677957,2025-10-31,2343,34010,충청남도 천안시,천안BIS,충청남도,천안시동남구,청룡동
CAB285010014,종합터미널,36.818752,127.156668,2025-10-31,2356,34010,충청남도 천안시,천안BIS,충청남도,천안시동남구,신안동
CAB285010016,만수사,36.794335,127.146809,2025-10-31,2330,34010,충청남도 천안시,천안BIS,충청남도,천안시동남구,일봉동
CAB285010017,용곡아이파크아파트,36.793643,127.144164,2025-10-31,2329,34010,충청남도 천안시,천안BIS,충청남도,천안시동남구,일봉동
CAB285010020,방아다리공원,36.79301183,127.1170096,2025-10-31,2341,34010,충청남도 천안시,천안BIS,충청남도,천안시서북구,쌍용2동
CAB285010021,방아다리공원,36.79311153,127.1168696,2025-10-31,2340,34010,충청남도 천안시,천안BIS,충청남도,천안시서북구,쌍용2동
CAB285010022,옹골부락,36.82866701,127.1660049,2025-10-31,10022,34010,충청남도 천안시,천안BIS,충청남도,천안시동남구,신안동
CAB285010023,힐스테이트두정역,36.828882,127.152548,2025-10-31,23,34010,충청남도 천안시,천안BIS,충청남도,천안시서북구,부성1동
CAB285010024,산업단지공단입구,36.83443465,127.1164808,2025-10-31,10024,34010,충청남도 천안시,천안BIS,충청남도,천안시서북구,백석동
CAB285010025,산업단지공단입구,36.832446,127.115893,2025-10-31,1793,34010,충청남도 천안시,천안BIS,충청남도,천안시서북구,백석동
CAB285010026,한화포레나 천안노태2단지 후문,36.83443465,127.1218207,2025-10-31,10026,34010,충청남도 천안시,천안BIS,충청남도,천안시서북구,백석동
CAB285010029,벽산블루밍아파트,36.82559499,127.1160772,2025-10-31,2325,34010,충청남도 천안시,천안BIS,충청남도,천안시서북구,백석동
CAB285010030,백석이수아파트,36.8278781,127.1168346,2025-10-31,2326,34010,충청남도 천안시,천안BIS,충청남도,천안시서북구,백석동
CAB285010033,트윈팰리스,36.81151469,127.1115843,2025-10-31,2345,34010,충청남도 천안시,천안BIS,충청남도,천안시서북구,불당1동
CAB285010034,트윈팰리스,36.811045,127.1117324,2025-10-31,2344,34010,충청남도 천안시,천안BIS,충청남도,천안시서북구,불당1동
CAB285010039,율금리,36.90147797,127.1083205,2025-10-31,10039,34010,충청남도 천안시,천안BIS,충청남도,천안시서북구,성환읍
CAB285000942,성정현대아파트,36.82442769,127.1369371,2025-10-31,942,34010,충청남도 천안시,천안BIS,충청남도,천안시서북구,성정2동
CAB285000943,성정선경아파트,36.8213033,127.1361433,2025-10-31,943,34010,충청남도 천안시,천안BIS,충청남도,천안시서북구,성정2동
CAB285000944,성정선경아파트,36.82130796,127.1363957,2025-10-31,944,34010,충청남도 천안시,천안BIS,충청남도,천안시서북구,성정2동
CAB285000945,구상골사거리,36.81704051,127.1351366,2025-10-31,945,34010,충청남도 천안시,천안BIS,충청남도,천안시서북구,성정1동
CAB285000946,구상골사거리,36.8169929,127.135371,2025-10-31,946,34010,충청남도 천안시,천안BIS,충청남도,천안시서북구,성정1동
CAB285000947,성정동 전자랜드,36.8142555,127.1343088,2025-10-31,947,34010,충청남도 천안시,천안BIS,충청남도,천안시서북구,성정1동
CAB285000948,대우5차아파트,36.8110063,127.1336858,2025-10-31,948,34010,충청남도 천안시,천안BIS,충청남도,천안시동남구,봉명동
CAB285000949,봉명 청솔아파트,36.811046,127.1333588,2025-10-31,949,34010,충청남도 천안시,천안BIS,충청남도,천안시동남구,봉명동
CAB285000950,계광중학교,36.80808965,127.1329274,2025-10-31,950,34010,충청남도 천안시,천안BIS,충청남도,천안시동남구,봉명동
CAB285000951,계광중학교,36.80775156,127.1326363,2025-10-31,951,34010,충청남도 천안시,천안BIS,충청남도,천안시서북구,쌍용1동
CAB285000952,주공5단지아파트,36.81386294,127.1382024,2025-10-31,952,34010,충청남도 천안시,천안BIS,충청남도,천안시서북구,성정1동
CAB285000953,성정시장(주공5단지),36.81364577,127.1391309,2025-10-31,953,34010,충청남도 천안시,천안BIS,충청남도,천안시서북구,성정1동
CAB285000957,사라리,36.846772,127.118737,2025-10-31,957,34010,충청남도 천안시,천안BIS,충청남도,천안시서북구,부성2동
CAB285000958,차암공단입구,36.84914999,127.1175989,2025-10-31,958,34010,충청남도 천안시,천안BIS,충청남도,천안시서북구,부성2동
CAB285000959,차암공단입구,36.84950957,127.1173981,2025-10-31,959,34010,충청남도 천안시,천안BIS,충청남도,천안시서북구,부성2동
CAB285000960,직산대림아파트,36.85989538,127.1205641,2025-10-31,960,34010,충청남도 천안시,천안BIS,충청남도,천안시서북구,부성2동
CAB285000961,천안산업단지관리공단,36.85493571,127.1206056,2025-10-31,961,34010,충청남도 천안시,천안BIS,충청남도,천안시서북구,부성2동
CAB285000962,2공단입구,36.85160962,127.1262524,2025-10-31,962,34010,충청남도 천안시,천안BIS,충청남도,천안시서북구,부성1동
CAB285000964,서북경찰서,36.8568163,127.1365157,2025-10-31,964,34010,충청남도 천안시,천안BIS,충청남도,천안시서북구,부성1동
CAB285000965,서북경찰서,36.85713795,127.1380607,2025-10-31,965,34010,충청남도 천안시,천안BIS,충청남도,천안시서북구,부성1동
CAB285000966,업성초등학교,36.85853298,127.1411357,2025-10-31,966,34010,충청남도 천안시,천안BIS,충청남도,천안시서북구,부성1동
CAB285000968,메가도매센터농수산물도매시장,36.86175799,127.1512024,2025-10-31,968,34010,충청남도 천안시,천안BIS,충청남도,천안시서북구,부성1동
CAB285000969,농수산물도매시장,36.86149465,127.1509508,2025-10-31,969,34010,충청남도 천안시,천안BIS,충청남도,천안시서북구,부성1동
CAB285000970,천안상업고등학교e편한세상천안부성아파트,36.85753461,127.1530941,2025-10-31,970,34010,충청남도 천안시,천안BIS,충청남도,천안시서북구,부성1동
CAB285000971,천안상업고등학교e편한세상천안부성아파트,36.856378,127.1533774,2025-10-31,971,34010,충청남도 천안시,천안BIS,충청남도,천안시서북구,부성1동
CAB285000972,공주대공과대학,36.850331,127.155413,2025-10-31,972,34010,충청남도 천안시,천안BIS,충청남도,천안시서북구,부성1동
CAB285000973,공주대공과대학,36.84916294,127.1552191,2025-10-31,973,34010,충청남도 천안시,천안BIS,충청남도,천안시서북구,부성1동
CAB285000974,부성1동행정복지센터,36.84286627,127.1528757,2025-10-31,974,34010,충청남도 천안시,천안BIS,충청남도,천안시서북구,부성1동
CAB285000975,두정역마을,36.8370013,127.1512957,2025-10-31,975,34010,충청남도 천안시,천안BIS,충청남도,천안시서북구,부성1동
CAB285000976,두정역마을,36.8358068,127.1517227,2025-10-31,976,34010,충청남도 천안시,천안BIS,충청남도,천안시서북구,부성1동
CAB285000978,e편한세상3차 두정역입구,36.832555,127.151996,2025-10-31,978,34010,충청남도 천안시,천안BIS,충청남도,천안시서북구,부성1동
CAB285000979,두정역입구,36.83139281,127.1518104,2025-10-31,979,34010,충청남도 천안시,천안BIS,충청남도,천안시서북구,부성1동
CAB285000980,이안아파트 코아루아파트,36.82884583,127.1522152,2025-10-31,980,34010,충청남도 천안시,천안BIS,충청남도,천안시서북구,부성1동
CAB285000981,역말오거리 천안희망초,36.82691798,127.1527124,2025-10-31,981,34010,충청남도 천안시,천안BIS,충청남도,천안시서북구,부성1동
CAB285000982,역말오거리 천안희망초,36.82615796,127.1530874,2025-10-31,982,34010,충청남도 천안시,천안BIS,충청남도,천안시서북구,부성1동
CAB285000986,한방병원,36.82446964,127.1260441,2025-10-31,986,34010,충청남도 천안시,천안BIS,충청남도,천안시서북구,백석동
CAB285000987,백석현대아파트,36.82240578,127.1257107,2025-10-31,987,34010,충청남도 천안시,천안BIS,충청남도,천안시서북구,백석동
CAB285000988,백석현대아파트,36.82264132,127.1258024,2025-10-31,988,34010,충청남도 천안시,천안BIS,충청남도,천안시서북구,백석동
CAB285000989,백석농공단지,36.8245896,127.1098373,2025-10-31,989,34010,충청남도 천안시,천안BIS,충청남도,천안시서북구,백석동
CAB285000990,백석농공단지,36.82571406,127.109668,2025-10-31,990,34010,충청남도 천안시,천안BIS,충청남도,천안시서북구,백석동
CAB285000991,화성조명,36.82895536,127.1072966,2025-10-31,991,34010,충청남도 천안시,천안BIS,충청남도,천안시서북구,백석동
CAB285000992,영진기계,36.82896224,127.1070762,2025-10-31,992,34010,충청남도 천안시,천안BIS,충청남도,천안시서북구,백석동
CAB285000993,브라운스톤아파트,36.83003128,127.1142824,2025-10-31,993,34010,충청남도 천안시,천안BIS,충청남도,천안시서북구,백석동
CAB285000995,벽산블루밍아파트,36.826284,127.113345,2025-10-31,995,34010,충청남도 천안시,천안BIS,충청남도,천안시서북구,백석동
CAB285000996,종합운동장,36.82260404,127.1133192,2025-10-31,996,34010,충청남도 천안시,천안BIS,충청남도,천안시서북구,백석동
CAB285000997,백석그린빌아파트,36.82320628,127.1211974,2025-10-31,997,34010,충청남도 천안시,천안BIS,충청남도,천안시서북구,백석동
CAB285000998,백석그린빌아파트,36.823485,127.121295,2025-10-31,998,34010,충청남도 천안시,천안BIS,충청남도,천안시서북구,백석동
CAB285000999,종합운동장,36.82288298,127.1136007,2025-10-31,999,34010,충청남도 천안시,천안BIS,충청남도,천안시서북구,백석동
CAB285001001,백석농공단지입구,36.82308465,127.1108391,2025-10-31,1001,34010,충청남도 천안시,천안BIS,충청남도,천안시서북구,백석동
CAB285001003,종합운동장,36.8204819,127.1110299,2025-10-31,1003,34010,충청남도 천안시,천안BIS,충청남도,천안시서북구,백석동
CAB285001004,종합운동장,36.81851795,127.1107407,2025-10-31,1004,34010,충청남도 천안시,천안BIS,충청남도,천안시서북구,불당1동
CAB285001010,불당동문화카페거리,36.80163461,127.1067391,2025-10-31,1010,34010,충청남도 천안시,천안BIS,충청남도,천안시서북구,불당1동
CAB285001012,화덕1리,36.7622684,127.3978749,2025-10-31,1012,34010,충청남도 천안시,천안BIS,충청남도,천안시동남구,동면
CAB285001013,한화꿈에그린아파트,36.80162298,127.1137791,2025-10-31,1013,34010,충청남도 천안시,천안BIS,충청남도,천안시서북구,불당1동
CAB285001014,불당 한성아파트,36.80177419,127.114517,2025-10-31,1014,34010,충청남도 천안시,천안BIS,충청남도,천안시서북구,불당1동
CAB285001015,천안시청 서북구보건소,36.81392798,127.1158357,2025-10-31,1015,34010,충청남도 천안시,천안BIS,충청남도,천안시서북구,불당1동
CAB285001016,천안시청 서북구보건소,36.81408213,127.115595,2025-10-31,1016,34010,충청남도 천안시,천안BIS,충청남도,천안시서북구,불당1동
CAB285001017,백석11단지,36.82000963,127.1173524,2025-10-31,1017,34010,충청남도 천안시,천안BIS,충청남도,천안시서북구,백석동
CAB285001018,백석11단지,36.82016488,127.117591,2025-10-31,1018,34010,충청남도 천안시,천안BIS,충청남도,천안시서북구,백석동
CAB285001019,벽산블루밍아파트,36.82471461,127.1123474,2025-10-31,1019,34010,충청남도 천안시,천안BIS,충청남도,천안시서북구,백석동
CAB285001020,번영로가구타운,36.84624629,127.1227507,2025-10-31,1020,34010,충청남도 천안시,천안BIS,충청남도,천안시서북구,부성2동
CAB285010042,용정2리,36.735064,127.116784,2025-10-31,10042,34010,충청남도 천안시,천안BIS,충청남도,천안시동남구,풍세면
CAB285010043,보산원,36.70553794,127.0724224,2025-10-31,10043,34010,충청남도 천안시,천안BIS,충청남도,천안시동남구,광덕면
CAB285010045,보산원,36.70454523,127.0722915,2025-10-31,10045,34010,충청남도 천안시,천안BIS,충청남도,천안시동남구,광덕면
CAB285010046,해수부락(종점),36.66853461,127.0258924,2025-10-31,10046,34010,충청남도 천안시,천안BIS,충청남도,천안시동남구,광덕면
CAB285010047,광덕쉼터,36.67445795,127.0528207,2025-10-31,10047,34010,충청남도 천안시,천안BIS,충청남도,천안시동남구,광덕면
CAB285010048,지장1리,36.66258081,127.0775653,2025-10-31,10048,34010,충청남도 천안시,천안BIS,충청남도,천안시동남구,광덕면
CAB285010049,지장1리,36.65909204,127.0758105,2025-10-31,10049,34010,충청남도 천안시,천안BIS,충청남도,천안시동남구,광덕면
CAB285010058,석곡1리,36.74607554,127.2210101,2025-10-31,10058,34010,충청남도 천안시,천안BIS,충청남도,천안시동남구,성남면
CAB285010061,해정2리(대해),36.72691933,127.2796022,2025-10-31,10061,34010,충청남도 천안시,천안BIS,충청남도,천안시동남구,수신면
CAB285010064,대흥2리,36.72541263,127.2300783,2025-10-31,10064,34010,충청남도 천안시,천안BIS,충청남도,천안시동남구,성남면
CAB285010070,운전1리(운파),36.76782888,127.2336634,2025-10-31,2278,34010,충청남도 천안시,천안BIS,충청남도,천안시동남구,목천읍
CAB285010071,운전1리(운파),36.7682496,127.2343873,2025-10-31,2279,34010,충청남도 천안시,천안BIS,충청남도,천안시동남구,목천읍
CAB285010072,덕전야영장,36.81929443,127.2247298,2025-10-31,10072,34010,충청남도 천안시,천안BIS,충청남도,천안시동남구,목천읍
CAB285010073,새텃말,36.84685491,127.2739885,2025-10-31,1955,34010,충청남도 천안시,천안BIS,충청남도,천안시동남구,북면
CAB285010074,신한생명 연수원,36.82407965,127.2617607,2025-10-31,10074,34010,충청남도 천안시,천안BIS,충청남도,천안시동남구,북면
CAB285010076,중앙아파트,36.76496202,127.3147101,2025-10-31,10076,34010,충청남도 천안시,천안BIS,충청남도,천안시동남구,병천면
CAB285010087,수남리(매작),36.7684182,127.3858796,2025-10-31,1150,34010,충청남도 천안시,천안BIS,충청남도,천안시동남구,동면
CAB285010088,도원3리,36.78391681,127.3157454,2025-10-31,10088,34010,충청남도 천안시,천안BIS,충청남도,천안시동남구,병천면
CAB285010089,매성1리,36.82223779,127.3141088,2025-10-31,10089,34010,충청남도 천안시,천안BIS,충청남도,천안시동남구,병천면
CAB285010090,신한아파트,36.76581963,127.2878391,2025-10-31,404,34010,충청남도 천안시,천안BIS,충청남도,천안시동남구,병천면
CAB285010091,유3리,36.9226805,127.2126627,2025-10-31,10091,34010,충청남도 천안시,천안BIS,충청남도,천안시서북구,입장면
CAB285010098,성환8리,36.92143027,127.1225699,2025-10-31,94,34010,충청남도 천안시,천안BIS,충청남도,천안시서북구,성환읍
CAB285010103,대홍리,36.93957126,127.1346374,2025-10-31,49,34010,충청남도 천안시,천안BIS,충청남도,천안시서북구,성환읍
CAB285010105,기로1리,36.91162705,127.2477132,2025-10-31,10105,34010,충청남도 천안시,천안BIS,충청남도,천안시서북구,입장면
CAB285010106,생산기술연구원입구,36.90825885,127.2525823,2025-10-31,10106,34010,충청남도 천안시,천안BIS,충청남도,천안시서북구,입장면
CAB285010107,입장저수지,36.90485962,127.2495741,2025-10-31,10107,34010,충청남도 천안시,천안BIS,충청남도,천안시서북구,입장면
CAB285010108,입장저수지,36.90466917,127.2496702,2025-10-31,10108,34010,충청남도 천안시,천안BIS,충청남도,천안시서북구,입장면
CAB285010109,양대리,36.9012522,127.2583187,2025-10-31,577,34010,충청남도 천안시,천안BIS,충청남도,천안시서북구,입장면
CAB285010110,생산기술연구원입구,36.90845143,127.2526392,2025-10-31,10110,34010,충청남도 천안시,천안BIS,충청남도,천안시서북구,입장면
CAB285010111,기로1리,36.91179798,127.2479007,2025-10-31,10111,34010,충청남도 천안시,천안BIS,충청남도,천안시서북구,입장면
CAB285010112,도림리,36.9105187,127.2731305,2025-10-31,10112,34010,충청남도 천안시,천안BIS,충청남도,천안시서북구,입장면
CAB285010116,신갈리,36.85798562,127.1091383,2025-10-31,1082,34010,충청남도 천안시,천안BIS,충청남도,천안시서북구,직산읍
CAB285010117,대홍5리(홍천),36.94891797,127.1321791,2025-10-31,10117,34010,충청남도 천안시,천안BIS,충청남도,천안시서북구,성환읍
CAB285010121,모전리,36.90782344,127.1922923,2025-10-31,10121,34010,충청남도 천안시,천안BIS,충청남도,천안시서북구,성거읍
CAB285010122,모전리,36.90810631,127.1925191,2025-10-31,10122,34010,충청남도 천안시,천안BIS,충청남도,천안시서북구,성거읍
CAB285010123,천안상업고등학교,36.85822794,127.159886,2025-10-31,1679,34010,충청남도 천안시,천안BIS,충청남도,천안시서북구,부성1동
CAB285010124,한화포레나천안노태2단지,36.83418129,127.1231758,2025-10-31,10124,34010,충청남도 천안시,천안BIS,충청남도,천안시서북구,백석동
CAB285010125,종합터미널,36.818722,127.156019,2025-10-31,2357,34010,충청남도 천안시,천안BIS,충청남도,천안시동남구,신안동
CAB285010132,백석푸르지오아파트,36.830518,127.121585,2025-10-31,2323,34010,충청남도 천안시,천안BIS,충청남도,천안시서북구,백석동
CAB285010133,백석푸르지오아파트,36.830673,127.121317,2025-10-31,2324,34010,충청남도 천안시,천안BIS,충청남도,천안시서북구,백석동
CAB285010135,용정2리(대정),36.7392539,127.1129276,2025-10-31,1105,34010,충청남도 천안시,천안BIS,충청남도,천안시동남구,풍세면
CAB285010136,삼태1리,36.7494266,127.09651,2025-10-31,1887,34010,충청남도 천안시,천안BIS,충청남도,천안시동남구,풍세면
CAB285010137,화덕2리(종점),36.7577898,127.4189144,2025-10-31,10137,34010,충청남도 천안시,천안BIS,충청남도,천안시동남구,동면
CAB285010139,송정2리,36.7363005,127.3333827,2025-10-31,1173,34010,충청남도 천안시,천안BIS,충청남도,천안시동남구,병천면
CAB285010140,광덕2리,36.7917339,127.3444992,2025-10-31,2157,34010,충청남도 천안시,천안BIS,충청남도,천안시동남구,동면
CAB285010146,동우아파트,36.7708424,127.1950309,2025-10-31,1702,34010,충청남도 천안시,천안BIS,충청남도,천안시동남구,목천읍
CAB285010147,각원사,36.8331108,127.1896028,2025-10-31,1718,34010,충청남도 천안시,천안BIS,충청남도,천안시동남구,신안동
CAB285010148,차암2통,36.840097,127.099189,2025-10-31,294,34010,충청남도 천안시,천안BIS,충청남도,천안시서북구,부성2동
CAB285025050,미죽2리,36.74221141,127.1574436,2025-10-31,25050,34010,충청남도 천안시,천안BIS,충청남도,천안시동남구,풍세면
CAB285032115,행정리,36.688637,127.157409,2025-10-31,32115,34010,충청남도 천안시,천안BIS,충청남도,천안시동남구,광덕면
CAB285032116,행정리,36.688728,127.15721,2025-10-31,32116,34010,충청남도 천안시,천안BIS,충청남도,천안시동남구,광덕면
CAB285037340,병천중고등학교,36.7641465,127.3117079,2025-10-31,432,34010,충청남도 천안시,천안BIS,충청남도,천안시동남구,병천면
CAB285055670,대흥리(서일공영앞),36.72891388,127.2244636,2025-10-31,55670,34010,충청남도 천안시,천안BIS,충청남도,천안시동남구,성남면
CAB285055671,한도아파트,36.87934,127.153772,2025-10-31,553,34010,충청남도 천안시,천안BIS,충청남도,천안시서북구,직산읍
CAB285055672,남산리(대덕가스),36.8928186,127.1629822,2025-10-31,1349,34010,충청남도 천안시,천안BIS,충청남도,천안시서북구,직산읍
CAB285055674,율금리1구(밤개울),36.9013157,127.1082954,2025-10-31,55674,34010,충청남도 천안시,천안BIS,충청남도,천안시서북구,성환읍
CAB285071389,대홍주유소,36.9484109,127.132514,2025-10-31,71389,34010,충청남도 천안시,천안BIS,충청남도,천안시서북구,성환읍
CAB285071390,코스트코,36.84378,127.108131,2025-10-31,2328,34010,충청남도 천안시,천안BIS,충청남도,천안시서북구,부성2동
CAB285071393,가송1리,36.7255374,127.1400471,2025-10-31,2339,34010,충청남도 천안시,천안BIS,충청남도,천안시동남구,풍세면
CAB285071394,코스트코,36.8431558,127.1069906,2025-10-31,2327,34010,충청남도 천안시,천안BIS,충청남도,천안시서북구,부성2동
CAB285071395,천안예술의전당 천안시립미술관,36.756506,127.2264872,2025-10-31,2261,34010,충청남도 천안시,천안BIS,충청남도,천안시동남구,성남면
CAB285071397,단국대입구,36.832982,127.166025,2025-10-31,2362,34010,충청남도 천안시,천안BIS,충청남도,천안시동남구,신안동
CAB285071398,천안시청,36.816047,127.114638,2025-10-31,71398,34010,충청남도 천안시,천안BIS,충청남도,천안시서북구,불당1동
CAB285071403,천안변전소,36.79114,127.1674356,2025-10-31,2342,34010,충청남도 천안시,천안BIS,충청남도,천안시동남구,청룡동
CAB285001021,2공단입구,36.8506213,127.1247657,2025-10-31,1021,34010,충청남도 천안시,천안BIS,충청남도,천안시서북구,부성2동
CAB285001022,외국인 기업 전용단지,36.83621536,127.1142437,2025-10-31,1022,34010,충청남도 천안시,천안BIS,충청남도,천안시서북구,백석동
CAB285001023,외국인 기업 전용단지,36.83612435,127.1139574,2025-10-31,1023,34010,충청남도 천안시,천안BIS,충청남도,천안시서북구,백석동
CAB285001024,두정도서관,36.833738,127.134867,2025-10-31,1024,34010,충청남도 천안시,천안BIS,충청남도,천안시서북구,부성2동
CAB285001025,두정도서관,36.833889,127.1355,2025-10-31,1025,34010,충청남도 천안시,천안BIS,충청남도,천안시서북구,부성2동
CAB285001026,펜타폴리스 2차,36.833575,127.139626,2025-10-31,1026,34010,충청남도 천안시,천안BIS,충청남도,천안시서북구,부성1동
CAB285001027,두정대림아파트,36.8336754,127.1407063,2025-10-31,1027,34010,충청남도 천안시,천안BIS,충청남도,천안시서북구,부성1동
CAB285001028,두정대우1차아파트,36.83345631,127.1443291,2025-10-31,1028,34010,충청남도 천안시,천안BIS,충청남도,천안시서북구,부성1동
CAB285001029,두정대우1차아파트,36.833283,127.144099,2025-10-31,1029,34010,충청남도 천안시,천안BIS,충청남도,천안시서북구,부성1동
CAB285001030,한성3차아파트,36.83488796,127.1457141,2025-10-31,1030,34010,충청남도 천안시,천안BIS,충청남도,천안시서북구,부성1동
CAB285001031,주공8단지아파트,36.83511835,127.1454581,2025-10-31,1031,34010,충청남도 천안시,천안BIS,충청남도,천안시서북구,부성1동
CAB285001032,두정우남아파트,36.83818848,127.1457463,2025-10-31,1032,34010,충청남도 천안시,천안BIS,충청남도,천안시서북구,부성1동
CAB285001033,두정우남아파트,36.83809797,127.1455407,2025-10-31,1033,34010,충청남도 천안시,천안BIS,충청남도,천안시서북구,부성1동
CAB285001034,두정역,36.833064,127.147323,2025-10-31,1034,34010,충청남도 천안시,천안BIS,충청남도,천안시서북구,부성1동
CAB285001035,두정역,36.83266484,127.1479053,2025-10-31,1035,34010,충청남도 천안시,천안BIS,충청남도,천안시서북구,부성1동
CAB285001036,충무로사거리,36.79862631,127.1606308,2025-10-31,1036,34010,충청남도 천안시,천안BIS,충청남도,천안시동남구,청룡동
CAB285001037,천성중학교,36.8129387,127.1731389,2025-10-31,1037,34010,충청남도 천안시,천안BIS,충청남도,천안시동남구,원성1동
CAB285001038,향교앞,36.81214341,127.171564,2025-10-31,1038,34010,충청남도 천안시,천안BIS,충청남도,천안시동남구,원성1동
CAB285001039,분텃골,36.81502464,127.1788041,2025-10-31,1039,34010,충청남도 천안시,천안BIS,충청남도,천안시동남구,원성1동
CAB285001040,양담말,36.81552132,127.1819107,2025-10-31,1040,34010,충청남도 천안시,천안BIS,충청남도,천안시동남구,원성1동
CAB285001041,양담말,36.81533939,127.1818339,2025-10-31,1041,34010,충청남도 천안시,천안BIS,충청남도,천안시동남구,원성1동
CAB285001042,응담말,36.816795,127.1840503,2025-10-31,1042,34010,충청남도 천안시,천안BIS,충청남도,천안시동남구,원성1동
CAB285001043,신안25통,36.83089653,127.1858961,2025-10-31,1043,34010,충청남도 천안시,천안BIS,충청남도,천안시동남구,신안동
CAB285001044,신안25통,36.83086304,127.1855123,2025-10-31,1044,34010,충청남도 천안시,천안BIS,충청남도,천안시동남구,신안동
CAB285001045,각원사,36.8330729,127.1892217,2025-10-31,1045,34010,충청남도 천안시,천안BIS,충청남도,천안시동남구,신안동
CAB285001046,호서대(천안),36.83039064,127.1797282,2025-10-31,1046,34010,충청남도 천안시,천안BIS,충청남도,천안시동남구,신안동
CAB285001047,호서대(천안),36.83058632,127.1797441,2025-10-31,1047,34010,충청남도 천안시,천안BIS,충청남도,천안시동남구,신안동
CAB285001048,안서동보아파트,36.83106297,127.1774274,2025-10-31,1048,34010,충청남도 천안시,천안BIS,충청남도,천안시동남구,신안동
CAB285001049,금호어울림아파트,36.83864131,127.1767157,2025-10-31,1049,34010,충청남도 천안시,천안BIS,충청남도,천안시동남구,신안동
CAB285001050,금호어울림아파트,36.83877783,127.1777027,2025-10-31,1050,34010,충청남도 천안시,천안BIS,충청남도,천안시동남구,신안동
CAB285001051,백석대학교,36.83989799,127.1793791,2025-10-31,1051,34010,충청남도 천안시,천안BIS,충청남도,천안시동남구,신안동
CAB285001052,상명대학교,36.83428295,127.1739541,2025-10-31,1052,34010,충청남도 천안시,천안BIS,충청남도,천안시동남구,신안동
CAB285001053,단국대 삼거리,36.8305713,127.1640326,2025-10-31,1053,34010,충청남도 천안시,천안BIS,충청남도,천안시동남구,신안동
CAB285001055,단국대 삼거리,36.8307433,127.1623408,2025-10-31,1055,34010,충청남도 천안시,천안BIS,충청남도,천안시동남구,신안동
CAB285001056,단국대 삼거리,36.83082139,127.1622381,2025-10-31,1056,34010,충청남도 천안시,천안BIS,충청남도,천안시동남구,신안동
CAB285001057,북일고북일여고,36.8285241,127.158964,2025-10-31,1057,34010,충청남도 천안시,천안BIS,충청남도,천안시동남구,신안동
CAB285001058,북일고북일여고,36.8279168,127.1578173,2025-10-31,1058,34010,충청남도 천안시,천안BIS,충청남도,천안시동남구,신안동
CAB285001059,포레나신부 힐스테이트,36.8263588,127.1556114,2025-10-31,1059,34010,충청남도 천안시,천안BIS,충청남도,천안시동남구,신안동
CAB285001060,힐스테이트 포레나신부,36.82645288,127.1554165,2025-10-31,1060,34010,충청남도 천안시,천안BIS,충청남도,천안시동남구,신안동
CAB285001061,도솔광장,36.82281464,127.1633441,2025-10-31,1061,34010,충청남도 천안시,천안BIS,충청남도,천안시동남구,신안동
CAB285001062,도솔광장,36.8224033,127.162808,2025-10-31,1062,34010,충청남도 천안시,천안BIS,충청남도,천안시동남구,신안동
CAB285001063,안서동(문암),36.8444928,127.186893,2025-10-31,1063,34010,충청남도 천안시,천안BIS,충청남도,천안시동남구,신안동
CAB285001067,송덕리,36.923318,127.11953,2025-10-31,1067,34010,충청남도 천안시,천안BIS,충청남도,천안시서북구,성환읍
CAB285001068,기린빌라,36.9265446,127.1177136,2025-10-31,1068,34010,충청남도 천안시,천안BIS,충청남도,천안시서북구,성환읍
CAB285001069,우신1리(경로당),36.9295042,127.117188,2025-10-31,1069,34010,충청남도 천안시,천안BIS,충청남도,천안시서북구,성환읍
CAB285001070,우신1리,36.936732,127.116886,2025-10-31,1070,34010,충청남도 천안시,천안BIS,충청남도,천안시서북구,성환읍
CAB285001071,어룡리,36.940509,127.116634,2025-10-31,1071,34010,충청남도 천안시,천안BIS,충청남도,천안시서북구,성환읍
CAB285001074,동성중학교,36.90657911,127.1283551,2025-10-31,1074,34010,충청남도 천안시,천안BIS,충청남도,천안시서북구,성환읍
CAB285001075,삼풍아파트,36.91229961,127.1305841,2025-10-31,1075,34010,충청남도 천안시,천안BIS,충청남도,천안시서북구,성환읍
CAB285001076,매주4리(삼천리앞),36.91115133,127.1253307,2025-10-31,1076,34010,충청남도 천안시,천안BIS,충청남도,천안시서북구,성환읍
CAB285001077,율금리,36.8962232,127.1030575,2025-10-31,1077,34010,충청남도 천안시,천안BIS,충청남도,천안시서북구,성환읍
CAB285001078,석곡리,36.8922738,127.096086,2025-10-31,1078,34010,충청남도 천안시,천안BIS,충청남도,천안시서북구,성환읍
CAB285001081,마정교회,36.8794695,127.0993413,2025-10-31,1081,34010,충청남도 천안시,천안BIS,충청남도,천안시서북구,직산읍
CAB285001083,스마일시티,36.8410515,127.1020475,2025-10-31,1083,34010,충청남도 천안시,천안BIS,충청남도,천안시서북구,부성2동
CAB285001100,동양철관,36.758736,127.127759,2025-10-31,1100,34010,충청남도 천안시,천안BIS,충청남도,천안시동남구,풍세면
CAB285001101,남관리,36.75488493,127.1275805,2025-10-31,1101,34010,충청남도 천안시,천안BIS,충청남도,천안시동남구,풍세면
CAB285001102,두남리,36.7456382,127.1348901,2025-10-31,1102,34010,충청남도 천안시,천안BIS,충청남도,천안시동남구,풍세면
CAB285001103,두남리,36.7414496,127.1389423,2025-10-31,1103,34010,충청남도 천안시,천안BIS,충청남도,천안시동남구,풍세면
CAB285001104,용정리,36.74508795,127.1262174,2025-10-31,1104,34010,충청남도 천안시,천안BIS,충청남도,천안시동남구,풍세면
CAB285001106,용정1리,36.7454668,127.0998128,2025-10-31,1106,34010,충청남도 천안시,천안BIS,충청남도,천안시동남구,풍세면
CAB285001107,원당,36.7371107,127.0894174,2025-10-31,1107,34010,충청남도 천안시,천안BIS,충청남도,천안시동남구,풍세면
CAB285001108,우신주택,36.724419,127.119284,2025-10-31,1108,34010,충청남도 천안시,천안BIS,충청남도,천안시동남구,풍세면
CAB285001109,매당4리(자무실),36.70665297,127.1109841,2025-10-31,1109,34010,충청남도 천안시,천안BIS,충청남도,천안시동남구,광덕면
CAB285001110,광덕면행정복지센터,36.70149081,127.111858,2025-10-31,1110,34010,충청남도 천안시,천안BIS,충청남도,천안시동남구,광덕면
CAB285001111,보산원2리(외보),36.6870686,127.0782978,2025-10-31,1111,34010,충청남도 천안시,천안BIS,충청남도,천안시동남구,광덕면
CAB285001113,광덕사(종점),36.67312,127.042696,2025-10-31,1113,34010,충청남도 천안시,천안BIS,충청남도,천안시동남구,광덕면
CAB285071405,목천중고등학교,36.78092877,127.2335268,2025-10-31,1214,34010,충청남도 천안시,천안BIS,충청남도,천안시동남구,목천읍
CAB285071406,천안고등학교,36.807165,127.134894,2025-10-31,896,34010,충청남도 천안시,천안BIS,충청남도,천안시동남구,봉명동
CAB285071425,율금1리,36.8976378,127.1055846,2025-10-31,2365,34010,충청남도 천안시,천안BIS,충청남도,천안시서북구,성환읍
CAB285071426,율금1리,36.8981805,127.1061149,2025-10-31,2366,34010,충청남도 천안시,천안BIS,충청남도,천안시서북구,성환읍
CAB285071427,흑암리,36.9358102,127.1790736,2025-10-31,2367,34010,충청남도 천안시,천안BIS,충청남도,천안시서북구,입장면
CAB285071428,흑암리,36.9354801,127.1786931,2025-10-31,2368,34010,충청남도 천안시,천안BIS,충청남도,천안시서북구,입장면
CAB285071429,성월리,36.9238209,127.1397875,2025-10-31,2369,34010,충청남도 천안시,천안BIS,충청남도,천안시서북구,성환읍
CAB285071430,성월리,36.9241063,127.1402521,2025-10-31,2370,34010,충청남도 천안시,천안BIS,충청남도,천안시서북구,성환읍
CAB285071431,도림2리,36.9200148,127.2524948,2025-10-31,2371,34010,충청남도 천안시,천안BIS,충청남도,천안시서북구,입장면
CAB285071432,송남리,36.8616764,127.1913205,2025-10-31,2374,34010,충청남도 천안시,천안BIS,충청남도,천안시서북구,성거읍
CAB285071433,충무로사거리,36.7987691,127.1601093,2025-10-31,2375,34010,충청남도 천안시,천안BIS,충청남도,천안시동남구,원성2동
CAB285071438,광덕1리,36.790935,127.3470787,2025-10-31,2372,34010,충청남도 천안시,천안BIS,충청남도,천안시동남구,동면
CAB285071439,광덕1리,36.7906916,127.3470848,2025-10-31,2373,34010,충청남도 천안시,천안BIS,충청남도,천안시동남구,동면
CAB285071440,덕전2리(질마재),36.8120577,127.2250195,2025-10-31,2380,34010,충청남도 천안시,천안BIS,충청남도,천안시동남구,목천읍
CAB285071441,덕전2리(질마재),36.8117873,127.2250148,2025-10-31,2381,34010,충청남도 천안시,천안BIS,충청남도,천안시동남구,목천읍
CAB285071442,도원2리(검우중태),36.7928499,127.3183517,2025-10-31,2382,34010,충청남도 천안시,천안BIS,충청남도,천안시동남구,병천면
CAB285071443,도원2리(검우중태),36.7927621,127.3181143,2025-10-31,2383,34010,충청남도 천안시,천안BIS,충청남도,천안시동남구,병천면
CAB285071444,용곡아이파크아파트,36.7935823,127.1441724,2025-10-31,71444,34010,충청남도 천안시,천안BIS,충청남도,천안시동남구,일봉동
CAB285071446,홍대용과학관,36.7396035,127.2962636,2025-10-31,2385,34010,충청남도 천안시,천안BIS,충청남도,천안시동남구,수신면
CAB285071447,홍대용과학관,36.7400002,127.2963074,2025-10-31,2386,34010,충청남도 천안시,천안BIS,충청남도,천안시동남구,수신면
CAB285071448,장승배기,36.7174145,127.2394483,2025-10-31,2394,34010,충청남도 천안시,천안BIS,충청남도,천안시동남구,성남면
CAB285071449,장승배기,36.7175266,127.2391679,2025-10-31,2395,34010,충청남도 천안시,천안BIS,충청남도,천안시동남구,성남면
CAB285071450,힐링타운,36.7678946,127.128186,2025-10-31,2392,34010,충청남도 천안시,천안BIS,충청남도,천안시동남구,신방동
CAB285071451,해성기공,36.7642206,127.4061401,2025-10-31,2396,34010,충청남도 천안시,천안BIS,충청남도,천안시동남구,동면
CAB285071452,해성기공,36.7639461,127.4067959,2025-10-31,2397,34010,충청남도 천안시,천안BIS,충청남도,천안시동남구,동면
CAB285071453,한들문화센터입구,36.8305881,127.1063327,2025-10-31,2400,34010,충청남도 천안시,천안BIS,충청남도,천안시서북구,백석동
CAB285071454,한들문화센터입구,36.8307417,127.1064441,2025-10-31,2401,34010,충청남도 천안시,천안BIS,충청남도,천안시서북구,백석동
CAB285071455,유관순열사사적지,36.7602701,127.3071754,2025-10-31,2393,34010,충청남도 천안시,천안BIS,충청남도,천안시동남구,병천면
CAB285071456,유관순열사사적지,36.7604009,127.3072647,2025-10-31,2402,34010,충청남도 천안시,천안BIS,충청남도,천안시동남구,병천면
CAB285071457,제5산단,36.7401407,127.2559612,2025-10-31,2387,34010,충청남도 천안시,천안BIS,충청남도,천안시동남구,성남면
CAB285071460,이랜드월드,36.7303502,127.09776,2025-10-31,2390,34010,충청남도 천안시,천안BIS,충청남도,천안시동남구,풍세면
CAB285071461,RMS테크놀로지,36.72589,127.103459,2025-10-31,2391,34010,충청남도 천안시,천안BIS,충청남도,천안시동남구,풍세면
CAB285071463,시거리,36.8539369,127.2537075,2025-10-31,2398,34010,충청남도 천안시,천안BIS,충청남도,천안시동남구,북면
CAB285071464,시거리,36.85399,127.2536423,2025-10-31,2399,34010,충청남도 천안시,천안BIS,충청남도,천안시동남구,북면
CAB285071465,백석이수아파트입구,36.8301348,127.1163021,2025-10-31,2405,34010,충청남도 천안시,천안BIS,충청남도,천안시서북구,백석동
CAB285071467,천안배원예농협,36.9117363,127.1336756,2025-10-31,7641,34010,충청남도 천안시,천안BIS,충청남도,천안시서북구,성환읍
CAB285071468,천안배원예농협,36.9115648,127.1335866,2025-10-31,8641,34010,충청남도 천안시,천안BIS,충청남도,천안시서북구,성환읍
CAB285071469,불당이안아파트,36.8198805,127.1011839,2025-10-31,71469,34010,충청남도 천안시,천안BIS,충청남도,천안시서북구,불당2동
CAB285071470,불당이안아파트,36.820672,127.1017224,2025-10-31,71470,34010,충청남도 천안시,천안BIS,충청남도,천안시서북구,불당2동
CAB285071471,우림필유아파트,36.79117,127.1394007,2025-10-31,71471,34010,충청남도 천안시,천안BIS,충청남도,천안시동남구,일봉동
CAB285071472,우림필유아파트,36.791376,127.1389626,2025-10-31,71472,34010,충청남도 천안시,천안BIS,충청남도,천안시동남구,일봉동
CAB285071473,명덕리배나무골,36.8208256,127.2687512,2025-10-31,71473,34010,충청남도 천안시,천안BIS,충청남도,천안시동남구,북면
CAB285071474,명덕리배나무골,36.8208165,127.2686616,2025-10-31,71474,34010,충청남도 천안시,천안BIS,충청남도,천안시동남구,북면
CAB285071475,불당신도시,36.8168944,127.1040113,2025-10-31,71475,34010,충청남도 천안시,천안BIS,충청남도,천안시서북구,불당2동
CAB285071476,불당신도시,36.8166013,127.103968,2025-10-31,71476,34010,충청남도 천안시,천안BIS,충청남도,천안시서북구,불당2동
CAB285071477,삼성SDI후문,36.8467594,127.114873,2025-10-31,71477,34010,충청남도 천안시,천안BIS,충청남도,천안시서북구,부성2동
CAB285071478,삼성SDI후문,36.8464525,127.11474,2025-10-31,71478,34010,충청남도 천안시,천안BIS,충청남도,천안시서북구,부성2동
CAB285071479,효성아파트이편한아파트,36.8454958,127.1088675,2025-10-31,71479,34010,충청남도 천안시,천안BIS,충청남도,천안시서북구,부성2동
CAB285071480,효성아파트이편한아파트,36.8453166,127.1091824,2025-10-31,71480,34010,충청남도 천안시,천안BIS,충청남도,천안시서북구,부성2동
CAB285071481,천고사거리,36.8070723,127.1392308,2025-10-31,71481,34010,충청남도 천안시,천안BIS,충청남도,천안시동남구,봉명동
CAB285071482,소우리입구,36.8780412,127.162696,2025-10-31,71482,34010,충청남도 천안시,천안BIS,충청남도,천안시서북구,성거읍
CAB285071484,백석농공단지,36.824728,127.1099835,2025-10-31,71484,34010,충청남도 천안시,천안BIS,충청남도,천안시서북구,백석동
CAB285071491,보산원초교,36.682808,127.075843,2025-10-31,71491,34010,충청남도 천안시,천안BIS,충청남도,천안시동남구,광덕면
CAB285071492,보산원초교,36.683783,127.0755948,2025-10-31,71492,34010,충청남도 천안시,천안BIS,충청남도,천안시동남구,광덕면
CAB285071498,진주골,36.7477514,127.1923599,2025-10-31,71498,34010,충청남도 천안시,천안BIS,충청남도,천안시동남구,목천읍
CAB285071502,용정4리(상도),36.7391372,127.0983862,2025-10-31,71502,34010,충청남도 천안시,천안BIS,충청남도,천안시동남구,풍세면
CAB285071504,RMS테크놀로지,36.726042,127.103405,2025-10-31,71504,34010,충청남도 천안시,천안BIS,충청남도,천안시동남구,풍세면
CAB285071505,이랜드물류센터,36.7305589,127.0981509,2025-10-31,71505,34010,충청남도 천안시,천안BIS,충청남도,천안시동남구,풍세면
CAB285071506,용정리(산단길목),36.733828,127.0958715,2025-10-31,71506,34010,충청남도 천안시,천안BIS,충청남도,천안시동남구,풍세면
CAB285071507,용정리(산단길목),36.7339641,127.0961284,2025-10-31,71507,34010,충청남도 천안시,천안BIS,충청남도,천안시동남구,풍세면
CAB285071508,광덕리,36.679734,127.0662101,2025-10-31,71508,34010,충청남도 천안시,천안BIS,충청남도,천안시동남구,광덕면
CAB285071511,광덕4리,36.6812786,127.0695479,2025-10-31,71511,34010,충청남도 천안시,천안BIS,충청남도,천안시동남구,광덕면
CAB285071520,풍세면행정복지센터,36.7223053,127.1190967,2025-10-31,71520,34010,충청남도 천안시,천안BIS,충청남도,천안시동남구,풍세면
CAB285071522,용두2리,36.7550052,127.323889,2025-10-31,71522,34010,충청남도 천안시,천안BIS,충청남도,천안시동남구,병천면
CAB285071523,도원2리(마을입구),36.7807061,127.3177337,2025-10-31,71523,34010,충청남도 천안시,천안BIS,충청남도,천안시동남구,병천면
CAB285071524,도원2리(마을입구),36.7808772,127.3176661,2025-10-31,71524,34010,충청남도 천안시,천안BIS,충청남도,천안시동남구,병천면
CAB285071525,도원2리(마을회관),36.7843706,127.3207062,2025-10-31,71525,34010,충청남도 천안시,천안BIS,충청남도,천안시동남구,병천면
CAB285071526,호반3차센터시티,36.8036992,127.1057888,2025-10-31,71526,34010,충청남도 천안시,천안BIS,충청남도,천안시서북구,불당2동
CAB285071527,호반더퍼스트,36.8081375,127.1045271,2025-10-31,71527,34010,충청남도 천안시,천안BIS,충청남도,천안시서북구,불당2동
CAB285071528,호반더퍼스트,36.8080367,127.1043283,2025-10-31,71528,34010,충청남도 천안시,천안BIS,충청남도,천안시서북구,불당2동
CAB285071529,천안불당고,36.8090584,127.1038858,2025-10-31,71529,34010,충청남도 천안시,천안BIS,충청남도,천안시서북구,불당2동
CAB285071530,천안불당고,36.810013,127.104371,2025-10-31,71530,34010,충청남도 천안시,천안BIS,충청남도,천안시서북구,불당2동
CAB285071531,호반써밋플레이스,36.811043,127.104462,2025-10-31,71531,34010,충청남도 천안시,천안BIS,충청남도,천안시서북구,불당2동
CAB285071532,불당지웰시티5블럭,36.812143,127.105014,2025-10-31,71532,34010,충청남도 천안시,천안BIS,충청남도,천안시서북구,불당2동
CAB285071533,불당지웰더샵,36.813633,127.105266,2025-10-31,71533,34010,충청남도 천안시,천안BIS,충청남도,천안시서북구,불당2동
CAB285071534,불당지웰시티4블럭,36.815244,127.105975,2025-10-31,71534,34010,충청남도 천안시,천안BIS,충청남도,천안시서북구,불당2동
CAB285071535,천안시 청소년 복합커뮤니티센터,36.8182129,127.1006924,2025-10-31,71535,34010,충청남도 천안시,천안BIS,충청남도,천안시서북구,불당2동
CAB285071536,호반센트로포레,36.8184214,127.1010165,2025-10-31,71536,34010,충청남도 천안시,천안BIS,충청남도,천안시서북구,불당2동
CAB285071537,LH행복주택,36.822947,127.103785,2025-10-31,71537,34010,충청남도 천안시,천안BIS,충청남도,천안시서북구,불당2동
CAB285071538,지웰푸르지오정문,36.8222736,127.105975,2025-10-31,71538,34010,충청남도 천안시,천안BIS,충청남도,천안시서북구,불당2동
CAB285071539,지웰푸르지오후문,36.8212872,127.107533,2025-10-31,71539,34010,충청남도 천안시,천안BIS,충청남도,천안시서북구,불당2동
CAB285071540,파크푸르지오2단지,36.8197451,127.1073671,2025-10-31,71540,34010,충청남도 천안시,천안BIS,충청남도,천안시서북구,불당2동
CAB285071541,LH천년나무7단지,36.8171409,127.1063153,2025-10-31,71541,34010,충청남도 천안시,천안BIS,충청남도,천안시서북구,불당2동
CAB285071542,LH천년나무7단지,36.816962,127.106479,2025-10-31,71542,34010,충청남도 천안시,천안BIS,충청남도,천안시서북구,불당2동
CAB285071543,진주골입구,36.7498257,127.189579,2025-10-31,71543,34010,충청남도 천안시,천안BIS,충청남도,천안시동남구,목천읍
CAB285071544,진주골입구,36.7497669,127.1894897,2025-10-31,71544,34010,충청남도 천안시,천안BIS,충청남도,천안시동남구,목천읍
CAB285071545,천안노인전문요양원,36.79953457,127.1778256,2025-10-31,71545,34010,충청남도 천안시,천안BIS,충청남도,천안시동남구,청룡동
CAB285071546,백석아이파크2차아파트,36.82446579,127.1187901,2025-10-31,71546,34010,충청남도 천안시,천안BIS,충청남도,천안시서북구,백석동
CAB285071547,백석아이파크2차아파트,36.8244789,127.1185045,2025-10-31,71547,34010,충청남도 천안시,천안BIS,충청남도,천안시서북구,백석동
CAB285001114,광덕산휴게소,36.6731122,127.0507878,2025-10-31,1114,34010,충청남도 천안시,천안BIS,충청남도,천안시동남구,광덕면
CAB285001115,광덕3리(은골),36.67827956,127.061827,2025-10-31,1115,34010,충청남도 천안시,천안BIS,충청남도,천안시동남구,광덕면
CAB285001116,광덕리,36.67983463,127.0659774,2025-10-31,1116,34010,충청남도 천안시,천안BIS,충청남도,천안시동남구,광덕면
CAB285001117,보산원3리,36.6977898,127.0719624,2025-10-31,1117,34010,충청남도 천안시,천안BIS,충청남도,천안시동남구,광덕면
CAB285001118,지장리,36.658808,127.077903,2025-10-31,1118,34010,충청남도 천안시,천안BIS,충청남도,천안시동남구,광덕면
CAB285001120,행정리,36.6884513,127.1571478,2025-10-31,1120,34010,충청남도 천안시,천안BIS,충청남도,천안시동남구,광덕면
CAB285001121,대평1리(대평원),36.6847733,127.1571809,2025-10-31,1121,34010,충청남도 천안시,천안BIS,충청남도,천안시동남구,광덕면
CAB285001122,대평2리,36.6741606,127.1456338,2025-10-31,1122,34010,충청남도 천안시,천안BIS,충청남도,천안시동남구,광덕면
CAB285001123,대평2리,36.6705171,127.1391318,2025-10-31,1123,34010,충청남도 천안시,천안BIS,충청남도,천안시동남구,광덕면
CAB285001124,원덕1리(원터),36.6604633,127.1398949,2025-10-31,1124,34010,충청남도 천안시,천안BIS,충청남도,천안시동남구,광덕면
CAB285001125,원덕2리,36.6569049,127.1347926,2025-10-31,1125,34010,충청남도 천안시,천안BIS,충청남도,천안시동남구,광덕면
CAB285001126,원덕2리(밤나무골),36.66093631,127.1247924,2025-10-31,1126,34010,충청남도 천안시,천안BIS,충청남도,천안시동남구,광덕면
CAB285001137,풍서4리(호정),36.72120489,127.1324493,2025-10-31,1137,34010,충청남도 천안시,천안BIS,충청남도,천안시동남구,풍세면
CAB285001139,도장리,36.7456878,127.1704363,2025-10-31,1139,34010,충청남도 천안시,천안BIS,충청남도,천안시동남구,목천읍
CAB285001140,교천리(돌마루),36.7767704,127.1989761,2025-10-31,1140,34010,충청남도 천안시,천안BIS,충청남도,천안시동남구,목천읍
CAB285001141,지산1리,36.78676322,127.1954172,2025-10-31,1141,34010,충청남도 천안시,천안BIS,충청남도,천안시동남구,목천읍
CAB285001143,병천농협,36.76297628,127.2977674,2025-10-31,1143,34010,충청남도 천안시,천안BIS,충청남도,천안시동남구,병천면
CAB285001144,구도리,36.7677952,127.3256223,2025-10-31,1144,34010,충청남도 천안시,천안BIS,충청남도,천안시동남구,동면
CAB285001145,송연1리(삼한),36.7720422,127.3391379,2025-10-31,1145,34010,충청남도 천안시,천안BIS,충청남도,천안시동남구,동면
CAB285001146,삽다리,36.78007813,127.355805,2025-10-31,1146,34010,충청남도 천안시,천안BIS,충청남도,천안시동남구,동면
CAB285001147,송연2리(수리골),36.78015429,127.3651892,2025-10-31,1147,34010,충청남도 천안시,천안BIS,충청남도,천안시동남구,동면
CAB285001148,수남1리(차여),36.7739626,127.372858,2025-10-31,1148,34010,충청남도 천안시,천안BIS,충청남도,천안시동남구,동면
CAB285001149,장송2리(한마음고등학교),36.77314131,127.3797848,2025-10-31,1149,34010,충청남도 천안시,천안BIS,충청남도,천안시동남구,동면
CAB285001151,화덕1리,36.7624432,127.3977727,2025-10-31,1151,34010,충청남도 천안시,천안BIS,충청남도,천안시동남구,동면
CAB285001152,화덕2리(도명),36.762706,127.4106965,2025-10-31,1152,34010,충청남도 천안시,천안BIS,충청남도,천안시동남구,동면
CAB285001161,봉항2리(삼성),36.8365693,127.3159818,2025-10-31,1161,34010,충청남도 천안시,천안BIS,충청남도,천안시동남구,병천면
CAB285001162,봉항1리,36.829115,127.3156213,2025-10-31,1162,34010,충청남도 천안시,천안BIS,충청남도,천안시동남구,병천면
CAB285001163,도원3리(가정),36.7875721,127.3168096,2025-10-31,1163,34010,충청남도 천안시,천안BIS,충청남도,천안시동남구,병천면
CAB285001164,도원2리(광기),36.7803064,127.3157735,2025-10-31,1164,34010,충청남도 천안시,천안BIS,충청남도,천안시동남구,병천면
CAB285001165,병천면행정복지센터,36.7659133,127.3027847,2025-10-31,1165,34010,충청남도 천안시,천안BIS,충청남도,천안시동남구,병천면
CAB285001168,용두3리(유관순생가 진입),36.7475002,127.3108412,2025-10-31,1168,34010,충청남도 천안시,천안BIS,충청남도,천안시동남구,병천면
CAB285001169,송정1리(상촌),36.74075796,127.3166224,2025-10-31,1169,34010,충청남도 천안시,천안BIS,충청남도,천안시동남구,병천면
CAB285001170,송정2리,36.73900631,127.3219741,2025-10-31,1170,34010,충청남도 천안시,천안BIS,충청남도,천안시동남구,병천면
CAB285001171,송정1리(와촌),36.7377144,127.3260768,2025-10-31,1171,34010,충청남도 천안시,천안BIS,충청남도,천안시동남구,병천면
CAB285001172,송정2리(복다회리),36.7367372,127.3297864,2025-10-31,1172,34010,충청남도 천안시,천안BIS,충청남도,천안시동남구,병천면
CAB285001174,조병옥박사생가,36.75131913,127.3144762,2025-10-31,1174,34010,충청남도 천안시,천안BIS,충청남도,천안시동남구,병천면
CAB285001175,용두3리(유관순생가앞),36.75679761,127.3180852,2025-10-31,1175,34010,충청남도 천안시,천안BIS,충청남도,천안시동남구,병천면
CAB285001176,상리길,36.75455761,127.2956351,2025-10-31,1176,34010,충청남도 천안시,천안BIS,충청남도,천안시동남구,수신면
CAB285001177,송내리,36.7502151,127.2922632,2025-10-31,1177,34010,충청남도 천안시,천안BIS,충청남도,천안시동남구,수신면
CAB285001178,상록리조트정문,36.74248462,127.2860758,2025-10-31,1178,34010,충청남도 천안시,천안BIS,충청남도,천안시동남구,수신면
CAB285001179,장산리,36.73745455,127.296268,2025-10-31,1179,34010,충청남도 천안시,천안BIS,충청남도,천안시동남구,수신면
CAB285001181,백자2리(한버들),36.7084734,127.273765,2025-10-31,1181,34010,충청남도 천안시,천안BIS,충청남도,천안시동남구,수신면
CAB285001182,백자4리,36.70518463,127.2738474,2025-10-31,1182,34010,충청남도 천안시,천안BIS,충청남도,천안시동남구,수신면
CAB285001183,백자3리,36.7020139,127.2759559,2025-10-31,1183,34010,충청남도 천안시,천안BIS,충청남도,천안시동남구,수신면
CAB285001184,발산2구(지장골),36.71646093,127.300839,2025-10-31,1184,34010,충청남도 천안시,천안BIS,충청남도,천안시동남구,수신면
CAB285001185,해정2리(대해),36.72861628,127.2733957,2025-10-31,1185,34010,충청남도 천안시,천안BIS,충청남도,천안시동남구,수신면
CAB285001186,신풍2리,36.7290301,127.2704575,2025-10-31,1186,34010,충청남도 천안시,천안BIS,충청남도,천안시동남구,수신면
CAB285001187,봉양리입구,36.7271874,127.2618022,2025-10-31,1187,34010,충청남도 천안시,천안BIS,충청남도,천안시동남구,수신면
CAB285001188,대화리(성남초교),36.73483572,127.2521182,2025-10-31,1188,34010,충청남도 천안시,천안BIS,충청남도,천안시동남구,성남면
CAB285001189,대화1리(대초),36.73783154,127.2472477,2025-10-31,1189,34010,충청남도 천안시,천안BIS,충청남도,천안시동남구,성남면
CAB285001190,신사1리,36.7401015,127.2416835,2025-10-31,1190,34010,충청남도 천안시,천안BIS,충청남도,천안시동남구,성남면
CAB285001191,화성2리,36.7472229,127.252567,2025-10-31,1191,34010,충청남도 천안시,천안BIS,충청남도,천안시동남구,성남면
CAB285001192,화성1리(방죽안),36.7504649,127.2597373,2025-10-31,1192,34010,충청남도 천안시,천안BIS,충청남도,천안시동남구,성남면
CAB285001193,화성1리,36.7502643,127.2630875,2025-10-31,1193,34010,충청남도 천안시,천안BIS,충청남도,천안시동남구,수신면
CAB285001194,가전2리,36.7574896,127.2795008,2025-10-31,1194,34010,충청남도 천안시,천안BIS,충청남도,천안시동남구,병천면
CAB285001196,봉양2리,36.7195776,127.2544832,2025-10-31,1196,34010,충청남도 천안시,천안BIS,충청남도,천안시동남구,성남면
CAB285001197,신덕1리,36.7205398,127.2456515,2025-10-31,1197,34010,충청남도 천안시,천안BIS,충청남도,천안시동남구,성남면
CAB285001198,신덕3리,36.72075127,127.2342007,2025-10-31,1198,34010,충청남도 천안시,천안BIS,충청남도,천안시동남구,성남면
CAB285001199,석곡2리,36.7389669,127.2284446,2025-10-31,1199,34010,충청남도 천안시,천안BIS,충청남도,천안시동남구,성남면
CAB285001200,석곡리,36.7408594,127.2222788,2025-10-31,1200,34010,충청남도 천안시,천안BIS,충청남도,천안시동남구,성남면
CAB285001201,대정리(목골저수지),36.729127,127.213992,2025-10-31,1201,34010,충청남도 천안시,천안BIS,충청남도,천안시동남구,성남면
CAB285001202,성남우체국,36.74102743,127.2383132,2025-10-31,1202,34010,충청남도 천안시,천안BIS,충청남도,천안시동남구,성남면
CAB285001203,성남행정복지센터,36.74237975,127.236056,2025-10-31,1203,34010,충청남도 천안시,천안BIS,충청남도,천안시동남구,성남면
CAB285001204,복지회관,36.74275675,127.2334133,2025-10-31,1204,34010,충청남도 천안시,천안BIS,충청남도,천안시동남구,성남면
CAB285071548,한들문화센터,36.82960135,127.104156,2025-10-31,71548,34010,충청남도 천안시,천안BIS,충청남도,천안시서북구,백석동
CAB285071549,봉명1교,36.8068688,127.1419862,2025-10-31,71549,34010,충청남도 천안시,천안BIS,충청남도,천안시동남구,봉명동
CAB285071550,봉명1교,36.80669911,127.142002,2025-10-31,71550,34010,충청남도 천안시,천안BIS,충청남도,천안시동남구,봉명동
CAB285071552,불당리더힐스,36.82301868,127.1026218,2025-10-31,71552,34010,충청남도 천안시,천안BIS,충청남도,천안시서북구,불당2동
CAB285071553,성정공원,36.828191,127.14139,2025-10-31,71553,34010,충청남도 천안시,천안BIS,충청남도,천안시서북구,성정2동
CAB285071554,성정공원,36.828343,127.141112,2025-10-31,71554,34010,충청남도 천안시,천안BIS,충청남도,천안시서북구,성정2동
CAB285071555,신부동회차지,36.82985469,127.1621212,2025-10-31,71555,34010,충청남도 천안시,천안BIS,충청남도,천안시동남구,신안동
CAB285071556,쌍용역코오롱하늘채,36.792897,127.120114,2025-10-31,71556,34010,충청남도 천안시,천안BIS,충청남도,천안시서북구,쌍용2동
CAB285071557,쌍용역코오롱하늘채,36.7927864,127.1200236,2025-10-31,71557,34010,충청남도 천안시,천안BIS,충청남도,천안시서북구,쌍용2동
CAB285071558,현대6차아파트,36.791467,127.124327,2025-10-31,71558,34010,충청남도 천안시,천안BIS,충청남도,천안시서북구,쌍용2동
CAB285071559,현대6차아파트,36.7911895,127.1241662,2025-10-31,71559,34010,충청남도 천안시,천안BIS,충청남도,천안시서북구,쌍용2동
CAB285071560,만수사,36.7954485,127.1466709,2025-10-31,71560,34010,충청남도 천안시,천안BIS,충청남도,천안시동남구,일봉동
CAB285071561,만수사,36.79545376,127.1468997,2025-10-31,71561,34010,충청남도 천안시,천안BIS,충청남도,천안시동남구,일봉동
CAB285071562,용곡동동일하이빌하이시티,36.7904362,127.1369648,2025-10-31,71562,34010,충청남도 천안시,천안BIS,충청남도,천안시동남구,일봉동
CAB285071563,용곡동동일하이빌하이시티,36.7905728,127.1371955,2025-10-31,71563,34010,충청남도 천안시,천안BIS,충청남도,천안시동남구,일봉동
CAB285071564,대전지방법원천안지원,36.7851947,127.1550777,2025-10-31,71564,34010,충청남도 천안시,천안BIS,충청남도,천안시동남구,청룡동
CAB285071565,대전지방검찰청천안지청,36.7845432,127.1536393,2025-10-31,71565,34010,충청남도 천안시,천안BIS,충청남도,천안시동남구,청룡동
CAB285071568,사담2리,36.83743713,127.2617143,2025-10-31,71568,34010,충청남도 천안시,천안BIS,충청남도,천안시동남구,북면
CAB285071569,보명사,36.85899318,127.2029659,2025-10-31,71569,34010,충청남도 천안시,천안BIS,충청남도,천안시서북구,성거읍
CAB285071570,남창녹색농촌체험마을,36.863492,127.1955371,2025-10-31,71570,34010,충청남도 천안시,천안BIS,충청남도,천안시서북구,성거읍
CAB285071571,남창녹색농촌체험마을,36.86336247,127.195453,2025-10-31,71571,34010,충청남도 천안시,천안BIS,충청남도,천안시서북구,성거읍
CAB285071572,천안저리보금자리아파트,36.88604609,127.1981218,2025-10-31,71572,34010,충청남도 천안시,천안BIS,충청남도,천안시서북구,성거읍
CAB285071573,천안저리보금자리아파트,36.88605896,127.1980146,2025-10-31,71573,34010,충청남도 천안시,천안BIS,충청남도,천안시서북구,성거읍
CAB285071574,오색당리,36.8916473,127.1989989,2025-10-31,71574,34010,충청남도 천안시,천안BIS,충청남도,천안시서북구,성거읍
CAB285071575,오색당리,36.89161297,127.1988273,2025-10-31,71575,34010,충청남도 천안시,천안BIS,충청남도,천안시서북구,성거읍
CAB285071576,모전1리마을회관,36.90181037,127.1973065,2025-10-31,71576,34010,충청남도 천안시,천안BIS,충청남도,천안시서북구,성거읍
CAB285071577,모전1리마을회관,36.90181681,127.1971616,2025-10-31,71577,34010,충청남도 천안시,천안BIS,충청남도,천안시서북구,성거읍
CAB285071578,모전2리마을회관,36.90621681,127.2016704,2025-10-31,71578,34010,충청남도 천안시,천안BIS,충청남도,천안시서북구,성거읍
CAB285071579,모전2리마을회관,36.90620723,127.201832,2025-10-31,71579,34010,충청남도 천안시,천안BIS,충청남도,천안시서북구,성거읍
CAB285071580,모전2리,36.9104409,127.202717,2025-10-31,71580,34010,충청남도 천안시,천안BIS,충청남도,천안시서북구,성거읍
CAB285071581,모전2리,36.9104631,127.2025945,2025-10-31,71581,34010,충청남도 천안시,천안BIS,충청남도,천안시서북구,성거읍
CAB285071582,남창저수지,36.86046966,127.2006485,2025-10-31,71582,34010,충청남도 천안시,천안BIS,충청남도,천안시서북구,성거읍
CAB285071583,남창저수지,36.86049971,127.2007531,2025-10-31,71583,34010,충청남도 천안시,천안BIS,충청남도,천안시서북구,성거읍
CAB285071584,송남리,36.87239424,127.1946055,2025-10-31,71584,34010,충청남도 천안시,천안BIS,충청남도,천안시서북구,성거읍
CAB285071585,대흥1리 경로회관,36.730125,127.23721,2025-10-31,71585,34010,충청남도 천안시,천안BIS,충청남도,천안시동남구,성남면
CAB285071586,비조재,36.72333564,127.2632915,2025-10-31,71586,34010,충청남도 천안시,천안BIS,충청남도,천안시동남구,수신면
CAB285071587,안궁2길,36.95733372,127.131021,2025-10-31,71587,34010,충청남도 천안시,천안BIS,충청남도,천안시서북구,성환읍
CAB285071588,안궁2길,36.95736801,127.1308708,2025-10-31,71588,34010,충청남도 천안시,천안BIS,충청남도,천안시서북구,성환읍
CAB285071589,안궁2리마을회관,36.96265965,127.1362272,2025-10-31,71589,34010,충청남도 천안시,천안BIS,충청남도,천안시서북구,성환읍
CAB285071590,수향4리,36.95585911,127.1490294,2025-10-31,71590,34010,충청남도 천안시,천안BIS,충청남도,천안시서북구,성환읍
CAB285071591,안궁1리 경로당,36.95691363,127.1469802,2025-10-31,71591,34010,충청남도 천안시,천안BIS,충청남도,천안시서북구,성환읍
CAB285071592,보성리,36.7274112,127.1188005,2025-10-31,71592,34010,충청남도 천안시,천안BIS,충청남도,천안시동남구,풍세면
CAB285071593,보성리,36.72713868,127.1188223,2025-10-31,71593,34010,충청남도 천안시,천안BIS,충청남도,천안시동남구,풍세면
CAB285071597,동산삼거리,36.7817596,127.3594034,2025-10-31,71597,34010,충청남도 천안시,천안BIS,충청남도,천안시동남구,동면
CAB285071598,동산삼거리,36.7815703,127.3593645,2025-10-31,71598,34010,충청남도 천안시,천안BIS,충청남도,천안시동남구,동면
CAB285071599,불당아이파크후문,36.8074062,127.1083023,2025-10-31,71599,34010,충청남도 천안시,천안BIS,충청남도,천안시서북구,불당1동
CAB285071600,불당아이파크후문,36.807247,127.108056,2025-10-31,71600,34010,충청남도 천안시,천안BIS,충청남도,천안시서북구,불당1동
CAB285071603,두정아크로텔,36.8317791,127.141721,2025-10-31,71603,34010,충청남도 천안시,천안BIS,충청남도,천안시서북구,부성1동
CAB285071604,두정아크로텔,36.8317017,127.1414691,2025-10-31,71604,34010,충청남도 천안시,천안BIS,충청남도,천안시서북구,부성1동
CAB285071605,신당동,36.8546282,127.1600719,2025-10-31,71605,34010,충청남도 천안시,천안BIS,충청남도,천안시서북구,부성1동
CAB285071606,천안상업고등학교,36.858277,127.1596507,2025-10-31,71606,34010,충청남도 천안시,천안BIS,충청남도,천안시서북구,부성1동
CAB285071607,천안상업고등학교,36.8582732,127.1598751,2025-10-31,71607,34010,충청남도 천안시,천안BIS,충청남도,천안시서북구,부성1동
CAB285071608,신당동코아루아파트,36.8530268,127.1596224,2025-10-31,71608,34010,충청남도 천안시,천안BIS,충청남도,천안시서북구,부성1동
CAB285071609,하나리움,36.7782243,127.131841,2025-10-31,71609,34010,충청남도 천안시,천안BIS,충청남도,천안시동남구,신방동
CAB285071610,하나리움,36.7780083,127.1319653,2025-10-31,71610,34010,충청남도 천안시,천안BIS,충청남도,천안시동남구,신방동
CAB285071611,동평1리입구,36.7718184,127.2343921,2025-10-31,71611,34010,충청남도 천안시,천안BIS,충청남도,천안시동남구,목천읍
CAB285071612,북천안자이포레스트,36.8680777,127.1972916,2025-10-31,71612,34010,충청남도 천안시,천안BIS,충청남도,천안시서북구,성거읍
CAB285071613,연곡2리 마을입구,36.9518838,127.1947757,2025-10-31,71613,34010,충청남도 천안시,천안BIS,충청남도,천안시서북구,입장면
CAB285071616,파크하임아파트,36.7629543,127.2653005,2025-10-31,71616,34010,충청남도 천안시,천안BIS,충청남도,천안시동남구,병천면
CAB285071617,파크하임아파트,36.7629411,127.2654574,2025-10-31,71617,34010,충청남도 천안시,천안BIS,충청남도,천안시동남구,병천면
CAB285071618,해수부락(종점),36.6684761,127.0259719,2025-10-31,71618,34010,충청남도 천안시,천안BIS,충청남도,천안시동남구,광덕면
CAB285071620,판정교,36.9116156,127.1918053,2025-10-31,71620,34010,충청남도 천안시,천안BIS,충청남도,천안시서북구,입장면
CAB285071621,판정교,36.9114975,127.19179,2025-10-31,71621,34010,충청남도 천안시,천안BIS,충청남도,천안시서북구,입장면
CAB285071622,첨단산업단지,36.88383,127.10995,2025-10-31,71622,34010,충청남도 천안시,천안BIS,충청남도,천안시서북구,직산읍
CAB285071623,다나힐요양병원,36.88451,127.10669,2025-10-31,71623,34010,충청남도 천안시,천안BIS,충청남도,천안시서북구,직산읍
CAB285071624,다나힐요양병원,36.88449,127.107505,2025-10-31,71624,34010,충청남도 천안시,천안BIS,충청남도,천안시서북구,직산읍
CAB285071626,시청앞사거리,36.815682,127.108415,2025-10-31,1626,34010,충청남도 천안시,천안BIS,충청남도,천안시서북구,불당2동
CAB285071627,시청앞사거리,36.815939,127.108678,2025-10-31,71627,34010,충청남도 천안시,천안BIS,충청남도,천안시서북구,불당2동
CAB285071628,호반센트로포레,36.8173127,127.1021233,2025-10-31,71628,34010,충청남도 천안시,천안BIS,충청남도,천안시서북구,불당2동
CAB285071629,린스트라우스,36.8170538,127.1015472,2025-10-31,71629,34010,충청남도 천안시,천안BIS,충청남도,천안시서북구,불당2동
CAB285071630,도전마을,36.7475672,127.1752675,2025-10-31,71630,34010,충청남도 천안시,천안BIS,충청남도,천안시동남구,목천읍
CAB285071631,도전마을,36.7478992,127.1747004,2025-10-31,71631,34010,충청남도 천안시,천안BIS,충청남도,천안시동남구,목천읍
CAB285071632,광덕쉼터,36.6748969,127.0528859,2025-10-31,71632,34010,충청남도 천안시,천안BIS,충청남도,천안시동남구,광덕면
CAB285071633,불당풍림아이원아파트,36.8005383,127.1083933,2025-10-31,71633,34010,충청남도 천안시,천안BIS,충청남도,천안시서북구,불당1동
CAB285071634,동면농협주유소,36.7754983,127.3450979,2025-10-31,71634,34010,충청남도 천안시,천안BIS,충청남도,천안시동남구,동면
CAB285071635,병천교회,36.7609473,127.3140809,2025-10-31,71635,34010,충청남도 천안시,천안BIS,충청남도,천안시동남구,병천면
CAB285071636,병천교회,36.7611188,127.3142654,2025-10-31,71636,34010,충청남도 천안시,천안BIS,충청남도,천안시동남구,병천면
CAB285071637,가송1리,36.7254438,127.1401091,2025-10-31,71637,34010,충청남도 천안시,천안BIS,충청남도,천안시동남구,풍세면
CAB285071638,가송2리마을회관,36.7345949,127.1404752,2025-10-31,71638,34010,충청남도 천안시,천안BIS,충청남도,천안시동남구,풍세면
CAB285071639,청당초등학교입구,36.781636,127.1530338,2025-10-31,71639,34010,충청남도 천안시,천안BIS,충청남도,천안시동남구,청룡동
CAB285071640,송정2길,36.7386201,127.1423046,2025-10-31,71640,34010,충청남도 천안시,천안BIS,충청남도,천안시동남구,풍세면
CAB285071641,송정2길,36.7385654,127.142092,2025-10-31,71641,34010,충청남도 천안시,천안BIS,충청남도,천안시동남구,풍세면
CAB285071642,수향교,36.9560931,127.1519822,2025-10-31,71642,34010,충청남도 천안시,천안BIS,충청남도,천안시서북구,성환읍
CAB285071645,성성교차로,36.843325,127.120823,2025-10-31,71645,34010,충청남도 천안시,천안BIS,충청남도,천안시서북구,부성2동
CAB285071646,성성교차로,36.8453024,127.1195384,2025-10-31,71646,34010,충청남도 천안시,천안BIS,충청남도,천안시서북구,부성2동
CAB285071647,병천중고등학교,36.7640607,127.3116129,2025-10-31,71647,34010,충청남도 천안시,천안BIS,충청남도,천안시동남구,병천면
CAB285071650,용암마을,36.8009716,127.1208239,2025-10-31,71650,34010,충청남도 천안시,천안BIS,충청남도,천안시서북구,쌍용3동
CAB285001206,용원1리,36.74904,127.217887,2025-10-31,1206,34010,충청남도 천안시,천안BIS,충청남도,천안시동남구,성남면
CAB285001207,용원2리(용산),36.75251712,127.2172723,2025-10-31,1207,34010,충청남도 천안시,천안BIS,충청남도,천안시동남구,성남면
CAB285001208,신성리,36.7615056,127.2134358,2025-10-31,1208,34010,충청남도 천안시,천안BIS,충청남도,천안시동남구,목천읍
CAB285001209,보세창고앞,36.7670196,127.2092258,2025-10-31,1209,34010,충청남도 천안시,천안BIS,충청남도,천안시동남구,목천읍
CAB285001210,천정1리(한천),36.7643362,127.208241,2025-10-31,1210,34010,충청남도 천안시,천안BIS,충청남도,천안시동남구,목천읍
CAB285001211,"용원3리(노원,석현)",36.7516782,127.2095492,2025-10-31,1211,34010,충청남도 천안시,천안BIS,충청남도,천안시동남구,성남면
CAB285001212,동평3리,36.7752194,127.243183,2025-10-31,1212,34010,충청남도 천안시,천안BIS,충청남도,천안시동남구,목천읍
CAB285001213,"목천읍행정복지센터,국립청소년수련원",36.78423782,127.2356293,2025-10-31,1213,34010,충청남도 천안시,천안BIS,충청남도,천안시동남구,목천읍
CAB285001215,동천안농협 연춘지점,36.7703062,127.2530363,2025-10-31,1215,34010,충청남도 천안시,천안BIS,충청남도,천안시동남구,북면
CAB285001216,용암리,36.7804418,127.2544831,2025-10-31,1216,34010,충청남도 천안시,천안BIS,충청남도,천안시동남구,북면
CAB285001217,용암1리,36.78343142,127.2560778,2025-10-31,1217,34010,충청남도 천안시,천안BIS,충청남도,천안시동남구,북면
CAB285001218,은석초교,36.78669677,127.2586108,2025-10-31,1218,34010,충청남도 천안시,천안BIS,충청남도,천안시동남구,북면
CAB285001219,용암2리,36.79811872,127.2644014,2025-10-31,1219,34010,충청남도 천안시,천안BIS,충청남도,천안시동남구,북면
CAB285001220,용암리,36.796016,127.2617529,2025-10-31,1220,34010,충청남도 천안시,천안BIS,충청남도,천안시동남구,북면
CAB285001221,명덕리,36.81603035,127.2759674,2025-10-31,1221,34010,충청남도 천안시,천안BIS,충청남도,천안시동남구,북면
CAB285001222,북면행정복지센터,36.82719461,127.2727741,2025-10-31,1222,34010,충청남도 천안시,천안BIS,충청남도,천안시동남구,북면
CAB285001223,솔바람가든,36.83154801,127.2710348,2025-10-31,1223,34010,충청남도 천안시,천안BIS,충청남도,천안시동남구,북면
CAB285001224,양곡리입구(별장골),36.83932073,127.2695111,2025-10-31,1224,34010,충청남도 천안시,천안BIS,충청남도,천안시동남구,북면
CAB285001225,납안리(주막거리),36.857699,127.2681892,2025-10-31,1225,34010,충청남도 천안시,천안BIS,충청남도,천안시동남구,북면
CAB285001226,대평2리(싸리재),36.87520265,127.2916163,2025-10-31,1226,34010,충청남도 천안시,천안BIS,충청남도,천안시동남구,북면
CAB285001227,교촌2리,36.80049745,127.229542,2025-10-31,1227,34010,충청남도 천안시,천안BIS,충청남도,천안시동남구,목천읍
CAB285001228,교촌1리,36.7917172,127.2322521,2025-10-31,1228,34010,충청남도 천안시,천안BIS,충청남도,천안시동남구,목천읍
CAB285001229,서흥1리(동막),36.80451007,127.2320195,2025-10-31,1229,34010,충청남도 천안시,천안BIS,충청남도,천안시동남구,목천읍
CAB285001230,덕전1리(용소),36.8086884,127.2251593,2025-10-31,1230,34010,충청남도 천안시,천안BIS,충청남도,천안시동남구,목천읍
CAB285001231,송전리,36.82754073,127.2296196,2025-10-31,1231,34010,충청남도 천안시,천안BIS,충청남도,천안시동남구,목천읍
CAB285001237,삼원빌라,36.92079132,127.2235824,2025-10-31,1237,34010,충청남도 천안시,천안BIS,충청남도,천안시서북구,입장면
CAB285001244,유리,36.91887925,127.2231166,2025-10-31,1244,34010,충청남도 천안시,천안BIS,충청남도,천안시서북구,입장면
CAB285001245,입장사거리,36.91489341,127.2224864,2025-10-31,1245,34010,충청남도 천안시,천안BIS,충청남도,천안시서북구,입장면
CAB285001246,효계리(동계리),36.90906431,127.2207819,2025-10-31,1246,34010,충청남도 천안시,천안BIS,충청남도,천안시서북구,입장면
CAB285001247,신덕2리,36.90369143,127.2192696,2025-10-31,1247,34010,충청남도 천안시,천안BIS,충청남도,천안시서북구,입장면
CAB285001248,시장2리,36.9001955,127.2177355,2025-10-31,1248,34010,충청남도 천안시,천안BIS,충청남도,천안시서북구,입장면
CAB285001249,오목리,36.88975297,127.2086841,2025-10-31,1249,34010,충청남도 천안시,천안BIS,충청남도,천안시서북구,성거읍
CAB285001250,천흥공단,36.88334752,127.2064518,2025-10-31,1250,34010,충청남도 천안시,천안BIS,충청남도,천안시서북구,성거읍
CAB285001251,성거도서관,36.87141168,127.2005068,2025-10-31,1251,34010,충청남도 천안시,천안BIS,충청남도,천안시서북구,성거읍
CAB285001252,상덕리,36.88250989,127.1233879,2025-10-31,1252,34010,충청남도 천안시,천안BIS,충청남도,천안시서북구,직산읍
CAB285001253,상덕리(한아름주택),36.8911012,127.125008,2025-10-31,1253,34010,충청남도 천안시,천안BIS,충청남도,천안시서북구,직산읍
CAB285001254,신월1리,36.8707444,127.1565773,2025-10-31,1254,34010,충청남도 천안시,천안BIS,충청남도,천안시서북구,성거읍
CAB285001255,신월저수지,36.8719553,127.160757,2025-10-31,1255,34010,충청남도 천안시,천안BIS,충청남도,천안시서북구,성거읍
CAB285001256,소우리,36.86982949,127.1712987,2025-10-31,1256,34010,충청남도 천안시,천안BIS,충청남도,천안시서북구,성거읍
CAB285001257,직산읍행정복지센터,36.87689505,127.1497422,2025-10-31,1257,34010,충청남도 천안시,천안BIS,충청남도,천안시서북구,직산읍
CAB285001258,성거하늘빛아파트,36.87729799,127.1823624,2025-10-31,1258,34010,충청남도 천안시,천안BIS,충청남도,천안시서북구,성거읍
CAB285001259,정촌리,36.88678794,127.1932924,2025-10-31,1259,34010,충청남도 천안시,천안BIS,충청남도,천안시서북구,성거읍
CAB285001260,여송산업,36.89231887,127.1947802,2025-10-31,1260,34010,충청남도 천안시,천안BIS,충청남도,천안시서북구,성거읍
CAB285001261,모전리,36.90092372,127.1944122,2025-10-31,1261,34010,충청남도 천안시,천안BIS,충청남도,천안시서북구,성거읍
CAB285001263,군동1리공장입구,36.9095958,127.1533476,2025-10-31,1263,34010,충청남도 천안시,천안BIS,충청남도,천안시서북구,직산읍
CAB285001264,군동1리마을입구,36.9051499,127.1640135,2025-10-31,1264,34010,충청남도 천안시,천안BIS,충청남도,천안시서북구,직산읍
CAB285001265,판정1리,36.91064532,127.182534,2025-10-31,1265,34010,충청남도 천안시,천안BIS,충청남도,천안시서북구,직산읍
CAB285001266,판정리,36.91086904,127.1851265,2025-10-31,1266,34010,충청남도 천안시,천안BIS,충청남도,천안시서북구,직산읍
CAB285001267,모전리(익선원),36.91213625,127.1970224,2025-10-31,1267,34010,충청남도 천안시,천안BIS,충청남도,천안시서북구,입장면
CAB285001268,신두1리,36.9167642,127.2022321,2025-10-31,1268,34010,충청남도 천안시,천안BIS,충청남도,천안시서북구,입장면
CAB285001269,용정2리,36.9218284,127.192613,2025-10-31,1269,34010,충청남도 천안시,천안BIS,충청남도,천안시서북구,입장면
CAB285001270,용정1리(강당),36.9257955,127.1887301,2025-10-31,1270,34010,충청남도 천안시,천안BIS,충청남도,천안시서북구,입장면
CAB285001271,가산1리(토산),36.9348537,127.1889033,2025-10-31,1271,34010,충청남도 천안시,천안BIS,충청남도,천안시서북구,입장면
CAB285001272,흑암리,36.9379201,127.1827259,2025-10-31,1272,34010,충청남도 천안시,천안BIS,충청남도,천안시서북구,입장면
CAB285001273,산정1리(산우물),36.94072804,127.1795117,2025-10-31,1273,34010,충청남도 천안시,천안BIS,충청남도,천안시서북구,입장면
CAB285001274,수향1리(지족향),36.949625,127.1419258,2025-10-31,1274,34010,충청남도 천안시,천안BIS,충청남도,천안시서북구,성환읍
CAB285001275,대홍초교(지족향),36.9489938,127.1463483,2025-10-31,1275,34010,충청남도 천안시,천안BIS,충청남도,천안시서북구,성환읍
CAB285001276,대홍초교(지족향),36.94912109,127.1464101,2025-10-31,1276,34010,충청남도 천안시,천안BIS,충청남도,천안시서북구,성환읍
CAB285001277,수향2리,36.9433943,127.1504228,2025-10-31,1277,34010,충청남도 천안시,천안BIS,충청남도,천안시서북구,성환읍
CAB285001278,수향3리,36.9421636,127.1565153,2025-10-31,1278,34010,충청남도 천안시,천안BIS,충청남도,천안시서북구,성환읍
CAB285001279,천안연암대학교,36.944063,127.1587305,2025-10-31,1279,34010,충청남도 천안시,천안BIS,충청남도,천안시서북구,성환읍
CAB285001280,도하3리,36.9458348,127.1620245,2025-10-31,1280,34010,충청남도 천안시,천안BIS,충청남도,천안시서북구,성환읍
CAB285001281,도하1리(도감말),36.9476576,127.1642907,2025-10-31,1281,34010,충청남도 천안시,천안BIS,충청남도,천안시서북구,성환읍
CAB285001282,양령리,36.9543894,127.178206,2025-10-31,1282,34010,충청남도 천안시,천안BIS,충청남도,천안시서북구,입장면
CAB285001283,연곡1리,36.95449777,127.1862624,2025-10-31,1283,34010,충청남도 천안시,천안BIS,충청남도,천안시서북구,입장면
CAB285001284,연곡2리,36.948921,127.196741,2025-10-31,1284,34010,충청남도 천안시,천안BIS,충청남도,천안시서북구,입장면
CAB285001285,기로1리(기로),36.911563,127.2380557,2025-10-31,1285,34010,충청남도 천안시,천안BIS,충청남도,천안시서북구,입장면
CAB285001286,도림2리(신대),36.9136566,127.2467844,2025-10-31,1286,34010,충청남도 천안시,천안BIS,충청남도,천안시서북구,입장면
CAB285071651,성성초등학교,36.8414202,127.1372683,2025-10-31,71651,34010,충청남도 천안시,천안BIS,충청남도,천안시서북구,부성2동
CAB285071652,성성초등학교,36.84178,127.135806,2025-10-31,71652,34010,충청남도 천안시,천안BIS,충청남도,천안시서북구,부성2동
CAB285071653,성성푸르지오2차아파트,36.8414091,127.1321944,2025-10-31,71653,34010,충청남도 천안시,천안BIS,충청남도,천안시서북구,부성2동
CAB285071654,성성3지구근린공원,36.8416671,127.1310828,2025-10-31,71654,34010,충청남도 천안시,천안BIS,충청남도,천안시서북구,부성2동
CAB285071655,성성자이아파트후문,36.8437959,127.1243206,2025-10-31,71655,34010,충청남도 천안시,천안BIS,충청남도,천안시서북구,부성2동
CAB285071656,신사2리경로회관,36.7488531,127.2408442,2025-10-31,71656,34010,충청남도 천안시,천안BIS,충청남도,천안시동남구,성남면
CAB285071658,관성리보성농장,36.818553,127.3197665,2025-10-31,71658,34010,충청남도 천안시,천안BIS,충청남도,천안시동남구,병천면
CAB285071659,관성리보성농장,36.818643,127.3197046,2025-10-31,71659,34010,충청남도 천안시,천안BIS,충청남도,천안시동남구,병천면
CAB285071660,미죽리,36.7388077,127.1514401,2025-10-31,71660,34010,충청남도 천안시,천안BIS,충청남도,천안시동남구,풍세면
CAB285071661,미죽2리,36.7422863,127.157277,2025-10-31,71661,34010,충청남도 천안시,천안BIS,충청남도,천안시동남구,풍세면
CAB285071662,가송2리,36.7347319,127.1434393,2025-10-31,71662,34010,충청남도 천안시,천안BIS,충청남도,천안시동남구,풍세면
CAB285071663,천안시종합사회복지관,36.780181,127.164152,2025-10-31,71663,34010,충청남도 천안시,천안BIS,충청남도,천안시동남구,청룡동
CAB285071664,버들아지,36.9202074,127.216072,2025-10-31,71664,34010,충청남도 천안시,천안BIS,충청남도,천안시서북구,입장면
CAB285071665,직산농협산지유통센터,36.8830271,127.144754,2025-10-31,71665,34010,충청남도 천안시,천안BIS,충청남도,천안시서북구,직산읍
CAB285071666,구성동중앙신협,36.796802,127.159535,2025-10-31,71666,34010,충청남도 천안시,천안BIS,충청남도,천안시동남구,청룡동
CAB285071667,천안향교,36.8156797,127.172334,2025-10-31,71667,34010,충청남도 천안시,천안BIS,충청남도,천안시동남구,원성1동
CAB285071669,제5산업단지입구,36.7382309,127.267924,2025-10-31,71669,34010,충청남도 천안시,천안BIS,충청남도,천안시동남구,수신면
CAB285071670,제5산업단지입구,36.7380015,127.2658301,2025-10-31,71670,34010,충청남도 천안시,천안BIS,충청남도,천안시동남구,수신면
CAB285071671,의관동종점,36.8222647,127.3260651,2025-10-31,71671,34010,충청남도 천안시,천안BIS,충청남도,천안시동남구,병천면
CAB285071672,천안교육지원청,36.8004692,127.1115156,2025-10-31,71672,34010,충청남도 천안시,천안BIS,충청남도,천안시서북구,불당1동
CAB285071673,마디손병원,36.8068961,127.1066872,2025-10-31,71673,34010,충청남도 천안시,천안BIS,충청남도,천안시서북구,불당2동
CAB285071674,불당중흥2차프라디움,36.7955275,127.1006813,2025-10-31,71674,34010,충청남도 천안시,천안BIS,충청남도,천안시서북구,불당1동
CAB285071675,신부경남아파트,36.8147815,127.1581179,2025-10-31,71675,34010,충청남도 천안시,천안BIS,충청남도,천안시동남구,신안동
CAB285071676,우신주택,36.724419,127.119493,2025-10-31,71676,34010,충청남도 천안시,천안BIS,충청남도,천안시동남구,풍세면
CAB285071681,안궁1리,36.9581798,127.1422508,2025-10-31,71681,34010,충청남도 천안시,천안BIS,충청남도,천안시서북구,성환읍
CAB285071682,기로리 양달말,36.9126606,127.2414104,2025-10-31,71682,34010,충청남도 천안시,천안BIS,충청남도,천안시서북구,입장면
CAB285071683,기로리 양달말,36.912494,127.2414614,2025-10-31,71683,34010,충청남도 천안시,천안BIS,충청남도,천안시서북구,입장면
CAB285071684,성남면행정복지센터,36.7422966,127.2367185,2025-10-31,71684,34010,충청남도 천안시,천안BIS,충청남도,천안시동남구,성남면
CAB285071686,화물자동차매매단지,36.8027476,127.1675834,2025-10-31,71686,34010,충청남도 천안시,천안BIS,충청남도,천안시동남구,청룡동
CAB285071687,화물자동차매매단지,36.8022884,127.1677759,2025-10-31,71687,34010,충청남도 천안시,천안BIS,충청남도,천안시동남구,청룡동
CAB285071688,유량자동차매매단지,36.8076145,127.1720915,2025-10-31,71688,34010,충청남도 천안시,천안BIS,충청남도,천안시동남구,원성1동
CAB285071689,유량자동차매매단지,36.8073945,127.1723895,2025-10-31,71689,34010,충청남도 천안시,천안BIS,충청남도,천안시동남구,원성1동
CAB285071690,서흥1리경로당,36.8052843,127.2382765,2025-10-31,71690,34010,충청남도 천안시,천안BIS,충청남도,천안시동남구,목천읍
CAB285071691,덕전리 점말,36.8198077,127.2169793,2025-10-31,71691,34010,충청남도 천안시,천안BIS,충청남도,천안시동남구,목천읍
CAB285071692,덕전리 점말,36.8200287,127.2170457,2025-10-31,71692,34010,충청남도 천안시,천안BIS,충청남도,천안시동남구,목천읍
CAB285071693,유왕골,36.836823,127.207709,2025-10-31,71693,34010,충청남도 천안시,천안BIS,충청남도,천안시동남구,목천읍
CAB285071694,성남봉양진료소,36.7178785,127.2524114,2025-10-31,71694,34010,충청남도 천안시,천안BIS,충청남도,천안시동남구,성남면
CAB285071695,만유감리교회,36.7203582,127.2505558,2025-10-31,71695,34010,충청남도 천안시,천안BIS,충청남도,천안시동남구,성남면
CAB285071696,유왕골,36.8368088,127.2074399,2025-10-31,71696,34010,충청남도 천안시,천안BIS,충청남도,천안시동남구,목천읍
CAB285071697,성성자이아파트후문,36.8440033,127.1243364,2025-10-31,71697,34010,충청남도 천안시,천안BIS,충청남도,천안시서북구,부성2동
CAB285071698,성성푸르지오3차A,36.841451,127.126483,2025-10-31,71698,34010,충청남도 천안시,천안BIS,충청남도,천안시서북구,부성2동
CAB285071699,성성푸르지오3차A,36.8416628,127.1268097,2025-10-31,71699,34010,충청남도 천안시,천안BIS,충청남도,천안시서북구,부성2동
CAB285071700,유리교차로,36.926196,127.208928,2025-10-31,71700,34010,충청남도 천안시,천안BIS,충청남도,천안시서북구,입장면
CAB285071701,소우리 크레아타운,36.8718622,127.1628836,2025-10-31,71701,34010,충청남도 천안시,천안BIS,충청남도,천안시서북구,성거읍
CAB285071702,소우리 크레아타운,36.8719704,127.1628831,2025-10-31,71702,34010,충청남도 천안시,천안BIS,충청남도,천안시서북구,성거읍
CAB285071703,충남테크노파크 번영관,36.8884132,127.1601253,2025-10-31,71703,34010,충청남도 천안시,천안BIS,충청남도,천안시서북구,직산읍
CAB285071704,가전1리경로당,36.7598687,127.2663015,2025-10-31,71704,34010,충청남도 천안시,천안BIS,충청남도,천안시동남구,병천면
CAB285071705,가전1리경로당,36.7598108,127.2666489,2025-10-31,71705,34010,충청남도 천안시,천안BIS,충청남도,천안시동남구,병천면
CAB285071706,동리교,36.78737,127.2373567,2025-10-31,71706,34010,충청남도 천안시,천안BIS,충청남도,천안시동남구,목천읍
CAB285071707,동리교,36.7873427,127.2372279,2025-10-31,71707,34010,충청남도 천안시,천안BIS,충청남도,천안시동남구,목천읍
CAB285071711,천안중앙교회,36.8406258,127.1507307,2025-10-31,71711,34010,충청남도 천안시,천안BIS,충청남도,천안시서북구,부성1동
CAB285071712,정촌리(케이테크),36.8898898,127.1873642,2025-10-31,71712,34010,충청남도 천안시,천안BIS,충청남도,천안시서북구,성거읍
CAB285071713,관성리 산에산삼,36.8078481,127.3289676,2025-10-31,71713,34010,충청남도 천안시,천안BIS,충청남도,천안시동남구,병천면
CAB285071714,포스코SPS,36.8988152,127.1468841,2025-10-31,71714,34010,충청남도 천안시,천안BIS,충청남도,천안시서북구,직산읍
CAB285071715,포스코SPS,36.8987987,127.1473837,2025-10-31,71715,34010,충청남도 천안시,천안BIS,충청남도,천안시서북구,직산읍
CAB285071716,성성레이크타운3차푸르지오A,36.8394081,127.1270404,2025-10-31,71716,34010,충청남도 천안시,천안BIS,충청남도,천안시서북구,부성2동
CAB285071724,신부청광아파트,36.8216856,127.1521265,2025-10-31,71724,34010,충청남도 천안시,천안BIS,충청남도,천안시동남구,신안동
CAB285071732,삼일아파트,36.8747928,127.2019923,2025-10-31,71732,34010,충청남도 천안시,천안BIS,충청남도,천안시서북구,성거읍
CAB285071733,백석대정문,36.8416132,127.1816569,2025-10-31,71733,34010,충청남도 천안시,천안BIS,충청남도,천안시동남구,신안동
CAB285071736,도원4리(경로당),36.787826,127.319296,2025-10-31,71736,34010,충청남도 천안시,천안BIS,충청남도,천안시동남구,병천면
CAB285071737,직산메르디앙아파트,36.8830207,127.1547964,2025-10-31,71737,34010,충청남도 천안시,천안BIS,충청남도,천안시서북구,직산읍
CAB285071738,직산메르디앙아파트,36.8820466,127.15461,2025-10-31,71738,34010,충청남도 천안시,천안BIS,충청남도,천안시서북구,직산읍
CAB285071739,대흥1리 마을입구,36.7304135,127.2392588,2025-10-31,71739,34010,충청남도 천안시,천안BIS,충청남도,천안시동남구,성남면
CAB285071744,불당금호어울림,36.82234,127.1069782,2025-10-31,71744,34010,충청남도 천안시,천안BIS,충청남도,천안시서북구,불당2동
CAB285071745,안서코아루,36.8301411,127.1850417,2025-10-31,71745,34010,충청남도 천안시,천안BIS,충청남도,천안시동남구,신안동
CAB285071746,안서코아루,36.8299428,127.1850257,2025-10-31,71746,34010,충청남도 천안시,천안BIS,충청남도,천안시동남구,신안동
CAB285071748,천안시청,36.816352,127.113329,2025-10-31,0,34010,충청남도 천안시,천안BIS,충청남도,천안시서북구,불당1동
CAB285071749,천안시청,36.8161515,127.1161017,2025-10-31,0,34010,충청남도 천안시,천안BIS,충청남도,천안시서북구,불당1동
CAB285071750,성월사입구,36.8993782,127.1504026,2025-10-31,71750,34010,충청남도 천안시,천안BIS,충청남도,천안시서북구,직산읍
CAB285071751,성월사입구,36.8992112,127.1503135,2025-10-31,71751,34010,충청남도 천안시,천안BIS,충청남도,천안시서북구,직산읍
CAB285071758,유리교차로,36.926127,127.208789,2025-10-31,71758,34010,충청남도 천안시,천안BIS,충청남도,천안시서북구,입장면
CAB285071759,성성푸르지오1차아파트,36.8417574,127.1340546,2025-10-31,71759,34010,충청남도 천안시,천안BIS,충청남도,천안시서북구,부성2동
CAB285071760,율금1리 노인회관,36.898269,127.109075,2025-10-31,71760,34010,충청남도 천안시,천안BIS,충청남도,천안시서북구,성환읍
CAB285071761,다나힐요양병원,36.886269,127.106919,2025-10-31,71761,34010,충청남도 천안시,천안BIS,충청남도,천안시서북구,직산읍
CAB285071762,율금1리 노인회관,36.898222,127.108834,2025-10-31,71762,34010,충청남도 천안시,천안BIS,충청남도,천안시서북구,성환읍
CAB285071763,수남리(수암),36.769336,127.383728,2025-10-31,71763,34010,충청남도 천안시,천안BIS,충청남도,천안시동남구,동면
CAB285071764,수남리(수암),36.771424,127.381829,2025-10-31,71764,34010,충청남도 천안시,천안BIS,충청남도,천안시동남구,동면
CAB285071765,한라동백2차아파트,36.785912,127.12939,2025-10-31,71765,34010,충청남도 천안시,천안BIS,충청남도,천안시동남구,신방동
CAB285071768,우방아이유셀아파트,36.818555,127.150558,2025-10-31,71768,34010,충청남도 천안시,천안BIS,충청남도,천안시동남구,신안동
CAB285071769,시청앞사거리,36.815946,127.110025,2025-10-31,71769,34010,충청남도 천안시,천안BIS,충청남도,천안시서북구,불당1동
CAB285071770,초원마을그린타운아파트,36.786258,127.127808,2025-10-31,71770,34010,충청남도 천안시,천안BIS,충청남도,천안시동남구,신방동
CAB285001287,도림1리(보통거리),36.9149316,127.2595222,2025-10-31,1287,34010,충청남도 천안시,천안BIS,충청남도,천안시서북구,입장면
CAB285001288,양대리,36.90122655,127.258026,2025-10-31,1288,34010,충청남도 천안시,천안BIS,충청남도,천안시서북구,입장면
CAB285001289,양대리(양대),36.8978482,127.2609002,2025-10-31,1289,34010,충청남도 천안시,천안BIS,충청남도,천안시서북구,입장면
CAB285001290,호당2리(당곡),36.8953944,127.2305481,2025-10-31,1290,34010,충청남도 천안시,천안BIS,충청남도,천안시서북구,입장면
CAB285001291,사라리,36.84720962,127.1185224,2025-10-31,1291,34010,충청남도 천안시,천안BIS,충청남도,천안시서북구,부성2동
CAB285001293,향교앞,36.81201201,127.1716457,2025-10-31,1293,34010,충청남도 천안시,천안BIS,충청남도,천안시동남구,원성1동
CAB285001294,천성중학교,36.81284262,127.173369,2025-10-31,1294,34010,충청남도 천안시,천안BIS,충청남도,천안시동남구,원성1동
CAB285001295,응담말,36.81659795,127.1841857,2025-10-31,1295,34010,충청남도 천안시,천안BIS,충청남도,천안시동남구,원성1동
CAB285001296,분텃골,36.81487376,127.1787623,2025-10-31,1296,34010,충청남도 천안시,천안BIS,충청남도,천안시동남구,원성1동
CAB285001297,아랫말,36.81353816,127.1758999,2025-10-31,1297,34010,충청남도 천안시,천안BIS,충청남도,천안시동남구,원성1동
CAB285001298,신월1리,36.87092721,127.1568729,2025-10-31,1298,34010,충청남도 천안시,천안BIS,충청남도,천안시서북구,성거읍
CAB285001300,삼성1리,36.75842465,127.1716491,2025-10-31,1300,34010,충청남도 천안시,천안BIS,충청남도,천안시동남구,목천읍
CAB285001301,도리티고개,36.7658773,127.1669045,2025-10-31,1301,34010,충청남도 천안시,천안BIS,충청남도,천안시동남구,목천읍
CAB285001305,구룡1통입구,36.7670585,127.1552598,2025-10-31,1305,34010,충청남도 천안시,천안BIS,충청남도,천안시동남구,청룡동
CAB285001306,구룡1통입구,36.7668964,127.1553445,2025-10-31,1306,34010,충청남도 천안시,천안BIS,충청남도,천안시동남구,청룡동
CAB285001312,도장리복지관,36.7466694,127.1766379,2025-10-31,1312,34010,충청남도 천안시,천안BIS,충청남도,천안시동남구,목천읍
CAB285001313,도장리복지관,36.7468403,127.176486,2025-10-31,1313,34010,충청남도 천안시,천안BIS,충청남도,천안시동남구,목천읍
CAB285001314,명덕리종점,36.8224656,127.2549151,2025-10-31,1314,34010,충청남도 천안시,천안BIS,충청남도,천안시동남구,북면
CAB285001315,명덕리,36.8236277,127.265214,2025-10-31,1315,34010,충청남도 천안시,천안BIS,충청남도,천안시동남구,북면
CAB285001316,명덕리,36.8237225,127.2652922,2025-10-31,1316,34010,충청남도 천안시,천안BIS,충청남도,천안시동남구,북면
CAB285001317,오곡리,36.82483609,127.2757845,2025-10-31,1317,34010,충청남도 천안시,천안BIS,충청남도,천안시동남구,북면
CAB285001318,오곡리,36.8249984,127.275747,2025-10-31,1318,34010,충청남도 천안시,천안BIS,충청남도,천안시동남구,북면
CAB285001319,오곡리(종점),36.824962,127.283918,2025-10-31,1319,34010,충청남도 천안시,천안BIS,충청남도,천안시동남구,북면
CAB285001320,요방1리,36.8517011,127.1768478,2025-10-31,1320,34010,충청남도 천안시,천안BIS,충청남도,천안시서북구,성거읍
CAB285001321,요방1리,36.8516075,127.1769132,2025-10-31,1321,34010,충청남도 천안시,천안BIS,충청남도,천안시서북구,성거읍
CAB285001322,망향휴게소,36.8558857,127.1805242,2025-10-31,1322,34010,충청남도 천안시,천안BIS,충청남도,천안시서북구,성거읍
CAB285001323,망향휴게소,36.8563546,127.1805952,2025-10-31,1323,34010,충청남도 천안시,천안BIS,충청남도,천안시서북구,성거읍
CAB285001324,석교1리,36.8608939,127.1841101,2025-10-31,1324,34010,충청남도 천안시,천안BIS,충청남도,천안시서북구,성거읍
CAB285001325,석교1리,36.8608491,127.1842337,2025-10-31,1325,34010,충청남도 천안시,천안BIS,충청남도,천안시서북구,성거읍
CAB285001326,문덕2리,36.866376,127.1845812,2025-10-31,1326,34010,충청남도 천안시,천안BIS,충청남도,천안시서북구,성거읍
CAB285001327,문덕2리,36.8663809,127.1847382,2025-10-31,1327,34010,충청남도 천안시,천안BIS,충청남도,천안시서북구,성거읍
CAB285001328,문덕1리,36.8742204,127.1869221,2025-10-31,1328,34010,충청남도 천안시,천안BIS,충청남도,천안시서북구,성거읍
CAB285001329,문덕1리,36.8743373,127.1868374,2025-10-31,1329,34010,충청남도 천안시,천안BIS,충청남도,천안시서북구,성거읍
CAB285001330,성거읍행정복지센터,36.87723962,127.1984507,2025-10-31,1330,34010,충청남도 천안시,천안BIS,충청남도,천안시서북구,성거읍
CAB285001331,성거읍행정복지센터,36.8774235,127.1985058,2025-10-31,1331,34010,충청남도 천안시,천안BIS,충청남도,천안시서북구,성거읍
CAB285001332,성거 SKC,36.87649118,127.2011253,2025-10-31,1332,34010,충청남도 천안시,천안BIS,충청남도,천안시서북구,성거읍
CAB285001333,천흥리(종점),36.87321641,127.2106143,2025-10-31,1333,34010,충청남도 천안시,천안BIS,충청남도,천안시서북구,성거읍
CAB285001335,충청연수원 입구,36.87891961,127.1748591,2025-10-31,1335,34010,충청남도 천안시,천안BIS,충청남도,천안시서북구,성거읍
CAB285001336,남산1리,36.8876529,127.1757929,2025-10-31,1336,34010,충청남도 천안시,천안BIS,충청남도,천안시서북구,직산읍
CAB285001337,남산1리,36.8876211,127.1757033,2025-10-31,1337,34010,충청남도 천안시,천안BIS,충청남도,천안시서북구,직산읍
CAB285001338,정촌리,36.8917588,127.1857809,2025-10-31,1338,34010,충청남도 천안시,천안BIS,충청남도,천안시서북구,직산읍
CAB285001339,정촌리,36.89171138,127.18587,2025-10-31,1339,34010,충청남도 천안시,천안BIS,충청남도,천안시서북구,직산읍
CAB285001340,삼곡리종점,36.9004556,127.1876489,2025-10-31,1340,34010,충청남도 천안시,천안BIS,충청남도,천안시서북구,성거읍
CAB285001341,삼곡리종점,36.9005085,127.1875364,2025-10-31,1341,34010,충청남도 천안시,천안BIS,충청남도,천안시서북구,성거읍
CAB285001342,충청연수원 입구,36.87869963,127.1740057,2025-10-31,1342,34010,충청남도 천안시,천안BIS,충청남도,천안시서북구,성거읍
CAB285001348,남산리 대덕가스,36.893464,127.163562,2025-10-31,1348,34010,충청남도 천안시,천안BIS,충청남도,천안시서북구,직산읍
CAB285001350,충남테크노파크,36.886999,127.157575,2025-10-31,1350,34010,충청남도 천안시,천안BIS,충청남도,천안시서북구,직산읍
CAB285001351,충남테크노파크,36.887797,127.158353,2025-10-31,1351,34010,충청남도 천안시,천안BIS,충청남도,천안시서북구,직산읍
CAB285001352,군서2리,36.8977867,127.1649583,2025-10-31,1352,34010,충청남도 천안시,천안BIS,충청남도,천안시서북구,직산읍
CAB285001353,군서2리,36.897111,127.165074,2025-10-31,1353,34010,충청남도 천안시,천안BIS,충청남도,천안시서북구,직산읍
CAB285001354,군동2리,36.9004204,127.1638636,2025-10-31,1354,34010,충청남도 천안시,천안BIS,충청남도,천안시서북구,직산읍
CAB285001355,군동2리,36.9003615,127.1637572,2025-10-31,1355,34010,충청남도 천안시,천안BIS,충청남도,천안시서북구,직산읍
CAB285001356,매주3리,36.9088166,127.1210541,2025-10-31,1356,34010,충청남도 천안시,천안BIS,충청남도,천안시서북구,성환읍
CAB285001357,매주3리,36.90896889,127.1209794,2025-10-31,1357,34010,충청남도 천안시,천안BIS,충청남도,천안시서북구,성환읍
CAB285001358,이화아파트,36.9035028,127.109089,2025-10-31,1358,34010,충청남도 천안시,천안BIS,충청남도,천안시서북구,성환읍
CAB285001359,이화아파트,36.90366295,127.1091424,2025-10-31,1359,34010,충청남도 천안시,천안BIS,충청남도,천안시서북구,성환읍
CAB285001360,두진아파트,36.90549174,127.1012771,2025-10-31,1360,34010,충청남도 천안시,천안BIS,충청남도,천안시서북구,성환읍
CAB285001361,대영한아름아파트,36.9044669,127.1126042,2025-10-31,1361,34010,충청남도 천안시,천안BIS,충청남도,천안시서북구,성환읍
CAB285001362,대영한아름아파트,36.904837,127.113528,2025-10-31,1362,34010,충청남도 천안시,천안BIS,충청남도,천안시서북구,성환읍
CAB285001363,왕림리,36.91604744,127.1028659,2025-10-31,1363,34010,충청남도 천안시,천안BIS,충청남도,천안시서북구,성환읍
CAB285001364,왕림리,36.91594399,127.1030122,2025-10-31,1364,34010,충청남도 천안시,천안BIS,충청남도,천안시서북구,성환읍
CAB285001365,왕림리(종점),36.9144512,127.0973567,2025-10-31,1365,34010,충청남도 천안시,천안BIS,충청남도,천안시서북구,성환읍
CAB285001366,왕림2리(각금),36.9259803,127.1028752,2025-10-31,1366,34010,충청남도 천안시,천안BIS,충청남도,천안시서북구,성환읍
CAB285001367,왕림2리(각금),36.92586554,127.1028814,2025-10-31,1367,34010,충청남도 천안시,천안BIS,충청남도,천안시서북구,성환읍
CAB285001368,왕림3리,36.9286817,127.0886219,2025-10-31,1368,34010,충청남도 천안시,천안BIS,충청남도,천안시서북구,성환읍
CAB285001369,왕림3리,36.92848652,127.0885753,2025-10-31,1369,34010,충청남도 천안시,천안BIS,충청남도,천안시서북구,성환읍
CAB285001370,신방초등학교,36.9283766,127.0857728,2025-10-31,1370,34010,충청남도 천안시,천안BIS,충청남도,천안시서북구,성환읍
CAB285001371,신방초등학교,36.9284345,127.0858538,2025-10-31,1371,34010,충청남도 천안시,천안BIS,충청남도,천안시서북구,성환읍
CAB285001372,신방1리,36.9312728,127.0803419,2025-10-31,1372,34010,충청남도 천안시,천안BIS,충청남도,천안시서북구,성환읍
CAB285001373,신방리(종점),36.9343674,127.0817159,2025-10-31,1373,34010,충청남도 천안시,천안BIS,충청남도,천안시서북구,성환읍
CAB285001374,신방1리,36.9311334,127.0804325,2025-10-31,1374,34010,충청남도 천안시,천안BIS,충청남도,천안시서북구,성환읍
CAB285001375,왕림2리,36.927665,127.0953627,2025-10-31,1375,34010,충청남도 천안시,천안BIS,충청남도,천안시서북구,성환읍
CAB285001376,왕림2리,36.92747398,127.0953416,2025-10-31,1376,34010,충청남도 천안시,천안BIS,충청남도,천안시서북구,성환읍
CAB285071774,쌍용역(종합터미널방면),36.794114,127.121849,2025-10-31,71774,34010,충청남도 천안시,천안BIS,충청남도,천안시서북구,쌍용2동
CAB285071775,쌍용역(방아다리공원방면),36.793798,127.120947,2025-10-31,71775,34010,충청남도 천안시,천안BIS,충청남도,천안시서북구,쌍용2동
CAB285071778,이노골(죽계1리),36.796779,127.389565,2025-10-31,71778,34010,충청남도 천안시,천안BIS,충청남도,천안시동남구,동면
CAB285071779,양령리(상령길),36.96623,127.151969,2025-10-31,71779,34010,충청남도 천안시,천안BIS,충청남도,천안시서북구,성환읍
CAB285071780,직산역한화꿈에그린,36.873583,127.147447,2025-10-31,71780,34010,충청남도 천안시,천안BIS,충청남도,천안시서북구,성거읍
CAB285071781,장산2리 경로당,36.73144,127.299737,2025-10-31,1781,34010,충청남도 천안시,천안BIS,충청남도,천안시동남구,수신면
CAB285071782,용원5리,36.757889,127.21697,2025-10-31,0,34010,충청남도 천안시,천안BIS,충청남도,천안시동남구,성남면
CAB285071783,용원5리,36.757558,127.217072,2025-10-31,0,34010,충청남도 천안시,천안BIS,충청남도,천안시동남구,성남면
CAB285071784,메가도매센터농산물도매시장,36.860448,127.151738,2025-10-31,71784,34010,충청남도 천안시,천안BIS,충청남도,천안시서북구,부성1동
CAB285071785,한기대(두정),36.839204,127.144969,2025-10-31,71785,34010,충청남도 천안시,천안BIS,충청남도,천안시서북구,부성1동
CAB285071786,부성1동행정복지센터,36.84278,127.151996,2025-10-31,71786,34010,충청남도 천안시,천안BIS,충청남도,천안시서북구,부성1동
CAB285071788,목천읍 덕전리,36.818422,127.221111,2025-10-31,71788,34010,충청남도 천안시,천안BIS,충청남도,천안시동남구,목천읍
CAB285071789,목천읍 덕전리,36.81831,127.221256,2025-10-31,71789,34010,충청남도 천안시,천안BIS,충청남도,천안시동남구,목천읍
CAB285071790,매성리,36.814295,127.31641,2025-10-31,71790,34010,충청남도 천안시,천안BIS,충청남도,천안시동남구,병천면
CAB285071791,매성리,36.81429,127.316598,2025-10-31,71791,34010,충청남도 천안시,천안BIS,충청남도,천안시동남구,병천면
CAB285071792,탑원리,36.766377,127.320036,2025-10-31,71792,34010,충청남도 천안시,천안BIS,충청남도,천안시동남구,병천면
CAB285071793,탑원리,36.76633,127.320551,2025-10-31,71793,34010,충청남도 천안시,천안BIS,충청남도,천안시동남구,병천면
CAB285071794,목천읍 덕전리 유왕별서펜션,36.828122,127.212914,2025-10-31,71794,34010,충청남도 천안시,천안BIS,충청남도,천안시동남구,목천읍
CAB285071795,목천읍 덕전리 유왕별서펜션,36.828053,127.21285,2025-10-31,71795,34010,충청남도 천안시,천안BIS,충청남도,천안시동남구,목천읍
CAB285071796,성거읍 신월2리,36.871306,127.149196,2025-10-31,71796,34010,충청남도 천안시,천안BIS,충청남도,천안시서북구,성거읍
CAB285071799,풍세면 남관리,36.750458,127.131482,2025-10-31,71799,34010,충청남도 천안시,천안BIS,충청남도,천안시동남구,풍세면
CAB285071800,풍세면 남관리,36.750557,127.131536,2025-10-31,71800,34010,충청남도 천안시,천안BIS,충청남도,천안시동남구,풍세면
CAB285071801,업성동 태양,36.853525,127.127287,2025-10-31,71801,34010,충청남도 천안시,천안BIS,충청남도,천안시서북구,부성1동
CAB285071802,업성동 태양,36.853482,127.127389,2025-10-31,71802,34010,충청남도 천안시,천안BIS,충청남도,천안시서북구,부성1동
CAB285071803,광덕면 차령고개,36.65413,127.125539,2025-10-31,71803,34010,충청남도 천안시,천안BIS,충청남도,천안시동남구,광덕면
CAB285071804,광덕면 차령고개,36.65422,127.125399,2025-10-31,71804,34010,충청남도 천안시,천안BIS,충청남도,천안시동남구,광덕면
CAB285071805,안서코아루,36.829256,127.184848,2025-10-31,71805,34010,충청남도 천안시,천안BIS,충청남도,천안시동남구,신안동
CAB285071806,안서코아루,36.82905,127.184944,2025-10-31,71806,34010,충청남도 천안시,천안BIS,충청남도,천안시동남구,신안동
CAB285071807,구룡호두광장,36.771989,127.14278,2025-10-31,71807,34010,충청남도 천안시,천안BIS,충청남도,천안시동남구,청룡동
CAB285071808,구룡호두광장,36.772002,127.142984,2025-10-31,71808,34010,충청남도 천안시,천안BIS,충청남도,천안시동남구,청룡동
CAB285071809,청당벽산블루밍,36.779139,127.158503,2025-10-31,71809,34010,충청남도 천안시,천안BIS,충청남도,천안시동남구,청룡동
CAB285071810,청당벽산블루밍,36.779139,127.158642,2025-10-31,71810,34010,충청남도 천안시,천안BIS,충청남도,천안시동남구,청룡동
CAB285071811,청당벽산블루밍 남문,36.778263,127.155778,2025-10-31,71811,34010,충청남도 천안시,천안BIS,충청남도,천안시동남구,청룡동
CAB285071812,청당벽산블루밍 남문,36.778125,127.155794,2025-10-31,71812,34010,충청남도 천안시,천안BIS,충청남도,천안시동남구,청룡동
CAB285071813,"청당한양수자인블루시티,청당서희스타힐스",36.779195,127.150317,2025-10-31,71813,34010,충청남도 천안시,천안BIS,충청남도,천안시동남구,청룡동
CAB285071814,"청당한양수자인블루시티,청당서희스타힐스",36.779066,127.150322,2025-10-31,71814,34010,충청남도 천안시,천안BIS,충청남도,천안시동남구,청룡동
CAB285071815,첨단산업단지,36.883841,127.109386,2025-10-31,0,34010,충청남도 천안시,천안BIS,충청남도,천안시서북구,직산읍
CAB285071816,남서울대학교,36.91266,127.135581,2025-10-31,71816,34010,충청남도 천안시,천안BIS,충청남도,천안시서북구,성환읍
CAB285071817,남서울대학교,36.912618,127.135313,2025-10-31,71817,34010,충청남도 천안시,천안BIS,충청남도,천안시서북구,성환읍
CAB285071834,와룡리,36.955664,127.09825,2025-10-31,71834,34010,충청남도 천안시,천안BIS,충청남도,천안시서북구,성환읍
CAB285071835,와룡리,36.95554,127.098368,2025-10-31,71835,34010,충청남도 천안시,천안BIS,충청남도,천안시서북구,성환읍
CAB285071841,용연호수마을,36.807444,127.227559,2025-10-31,71841,34010,충청남도 천안시,천안BIS,충청남도,천안시동남구,목천읍
CAB285071842,용연호수마을,36.807461,127.227334,2025-10-31,71842,34010,충청남도 천안시,천안BIS,충청남도,천안시동남구,목천읍
CAB285071843,제5산단,36.740924,127.255009,2025-10-31,71843,34010,충청남도 천안시,천안BIS,충청남도,천안시동남구,성남면
CAB285071844,신방초원아파트북문,36.788389,127.126815,2025-10-31,71844,34010,충청남도 천안시,천안BIS,충청남도,천안시동남구,신방동
CAB285071846,성성푸르지오1차아파트(성성호수공원),36.843656,127.134004,2025-10-31,71846,34010,충청남도 천안시,천안BIS,충청남도,천안시서북구,부성2동
CAB285071847,UCC(성성호수공원),36.843866,127.134792,2025-10-31,71847,34010,충청남도 천안시,천안BIS,충청남도,천안시서북구,부성2동
CAB285071848,천안삼성어린이집,36.844029,127.105476,2025-10-31,71848,34010,충청남도 천안시,천안BIS,충청남도,천안시서북구,부성2동
CAB285071849,차암초등학교,36.844356,127.105417,2025-10-31,71849,34010,충청남도 천안시,천안BIS,충청남도,천안시서북구,부성2동
CAB285071850,e편한두정4차 아파트,36.837624,127.156427,2025-10-31,71850,34010,충청남도 천안시,천안BIS,충청남도,천안시서북구,부성1동
CAB285071851,e편한두정4차 아파트,36.837684,127.156271,2025-10-31,71851,34010,충청남도 천안시,천안BIS,충청남도,천안시서북구,부성1동
CAB285071852,부성1동행정복지센터,36.843261,127.152854,2025-10-31,71852,34010,충청남도 천안시,천안BIS,충청남도,천안시서북구,부성1동
CAB285071853,부성1동행정복지센터,36.842982,127.151932,2025-10-31,71853,34010,충청남도 천안시,천안BIS,충청남도,천안시서북구,부성1동
CAB285071854,천안중앙교회,36.84087,127.150649,2025-10-31,71854,34010,충청남도 천안시,천안BIS,충청남도,천안시서북구,부성1동
CAB285071855,(주)현대스틸,36.883034,127.208912,2025-10-31,71855,34010,충청남도 천안시,천안BIS,충청남도,천안시서북구,성거읍
CAB285071856,(주)현대스틸,36.883013,127.209186,2025-10-31,71856,34010,충청남도 천안시,천안BIS,충청남도,천안시서북구,성거읍
CAB285071857,한국피엔지,36.882695,127.214014,2025-10-31,71857,34010,충청남도 천안시,천안BIS,충청남도,천안시서북구,성거읍
CAB285071858,한국피엔지,36.882326,127.213992,2025-10-31,71858,34010,충청남도 천안시,천안BIS,충청남도,천안시서북구,성거읍
CAB285071859,신방도서관,36.775096,127.131321,2025-10-31,71859,34010,충청남도 천안시,천안BIS,충청남도,천안시동남구,신방동
CAB285071860,신방도서관,36.775758,127.130367,2025-10-31,71860,34010,충청남도 천안시,천안BIS,충청남도,천안시동남구,신방동
CAB285071861,신방LH 1단지 아파트,36.771998,127.1355,2025-10-31,71861,34010,충청남도 천안시,천안BIS,충청남도,천안시동남구,신방동
CAB285071862,신방LH 1단지 아파트,36.771976,127.135817,2025-10-31,71862,34010,충청남도 천안시,천안BIS,충청남도,천안시동남구,신방동
CAB285071863,풍세한양수자인아파트,36.725172,127.104902,2025-10-31,71863,34010,충청남도 천안시,천안BIS,충청남도,천안시동남구,풍세면
CAB285071864,풍세한양수자인아파트,36.725997,127.106372,2025-10-31,71864,34010,충청남도 천안시,천안BIS,충청남도,천안시동남구,풍세면
CAB285071865,부성중학교,36.846717,127.148734,2025-10-31,71865,34010,충청남도 천안시,천안BIS,충청남도,천안시서북구,부성1동
CAB285071866,천안부성지구한라비발디,36.846627,127.149453,2025-10-31,71866,34010,충청남도 천안시,천안BIS,충청남도,천안시서북구,부성1동
CAB285071867,부성행복주택아파트,36.847562,127.153192,2025-10-31,71867,34010,충청남도 천안시,천안BIS,충청남도,천안시서북구,부성1동
CAB285071868,부대초등학교,36.847683,127.15308,2025-10-31,71868,34010,충청남도 천안시,천안BIS,충청남도,천안시서북구,부성1동
CAB285071869,부성지구,36.843755,127.149346,2025-10-31,71869,34010,충청남도 천안시,천안BIS,충청남도,천안시서북구,부성1동
CAB285071870,부성지구,36.843643,127.149319,2025-10-31,71870,34010,충청남도 천안시,천안BIS,충청남도,천안시서북구,부성1동
CAB285071871,노와3리,36.958656,127.096437,2025-10-31,71871,34010,충청남도 천안시,천안BIS,충청남도,천안시서북구,성환읍
CAB285071883,도원마을,36.777695,127.318947,2025-10-31,71883,34010,충청남도 천안시,천안BIS,충청남도,천안시동남구,병천면
CAB285071884,신성미소지움아파트,36.793703,127.164538,2025-10-31,71884,34010,충청남도 천안시,천안BIS,충청남도,천안시동남구,청룡동
CAB285071885,각원사회차지,36.833425,127.191408,2025-10-31,71885,34010,충청남도 천안시,천안BIS,충청남도,천안시동남구,신안동
CAB285071886,각원사회차지,36.833545,127.191414,2025-10-31,71886,34010,충청남도 천안시,천안BIS,충청남도,천안시동남구,신안동
CAB285071887,대주피오레아파트,36.790503,127.127411,2025-10-31,71887,34010,충청남도 천안시,천안BIS,충청남도,천안시동남구,신방동
CAB285071888,태조산청소년수련관,36.822072,127.188163,2025-10-31,71888,34010,충청남도 천안시,천안BIS,충청남도,천안시동남구,원성1동
CAB231001904,독정리,36.926247,127.225322,2025-10-31,1904,34010,충청남도 천안시,천안BIS,충청남도,천안시서북구,입장면
CAB285000038,안궁5리,36.96443966,127.1195257,2025-10-31,38,34010,충청남도 천안시,천안BIS,충청남도,천안시서북구,성환읍
CAB285000039,안궁5리(문화촌),36.96399296,127.1200541,2025-10-31,39,34010,충청남도 천안시,천안BIS,충청남도,천안시서북구,성환읍
CAB285000040,안궁3리(가룡),36.9619402,127.1254315,2025-10-31,40,34010,충청남도 천안시,천안BIS,충청남도,천안시서북구,성환읍
CAB285000041,안궁4리(신안동),36.95669627,127.1295491,2025-10-31,42,34010,충청남도 천안시,천안BIS,충청남도,천안시서북구,성환읍
CAB285000042,안궁3리,36.9619677,127.1255887,2025-10-31,41,34010,충청남도 천안시,천안BIS,충청남도,천안시서북구,성환읍
CAB285000043,안궁리,36.95571297,127.1301391,2025-10-31,43,34010,충청남도 천안시,천안BIS,충청남도,천안시서북구,성환읍
CAB285000044,대홍5리,36.9480054,127.1325609,2025-10-31,44,34010,충청남도 천안시,천안BIS,충청남도,천안시서북구,성환읍
CAB285000045,대홍5리 홍천,36.94933632,127.1323191,2025-10-31,45,34010,충청남도 천안시,천안BIS,충청남도,천안시서북구,성환읍
CAB285000046,대홍5리,36.94633466,127.1328807,2025-10-31,46,34010,충청남도 천안시,천안BIS,충청남도,천안시서북구,성환읍
CAB285001378,성환고등학교,36.92419198,127.1174694,2025-10-31,1378,34010,충청남도 천안시,천안BIS,충청남도,천안시서북구,성환읍
CAB285001379,성환고등학교,36.9243203,127.1175642,2025-10-31,1379,34010,충청남도 천안시,천안BIS,충청남도,천안시서북구,성환읍
CAB285001380,대홍저수지,36.9388217,127.1496587,2025-10-31,1380,34010,충청남도 천안시,천안BIS,충청남도,천안시서북구,성환읍
CAB285001381,수향리,36.9392027,127.1535538,2025-10-31,1381,34010,충청남도 천안시,천안BIS,충청남도,천안시서북구,성환읍
CAB285001382,수향리,36.9394734,127.1536256,2025-10-31,1382,34010,충청남도 천안시,천안BIS,충청남도,천안시서북구,성환읍
CAB285001383,가산리 입구,36.95126579,127.1717953,2025-10-31,1383,34010,충청남도 천안시,천안BIS,충청남도,천안시서북구,성환읍
CAB285001384,가산리 입구,36.9513799,127.1717705,2025-10-31,1384,34010,충청남도 천안시,천안BIS,충청남도,천안시서북구,성환읍
CAB285001386,청호4차아파트,36.875117,127.138413,2025-10-31,1386,34010,충청남도 천안시,천안BIS,충청남도,천안시서북구,직산읍
CAB285001387,부송2리,36.87663099,127.1305352,2025-10-31,1387,34010,충청남도 천안시,천안BIS,충청남도,천안시서북구,직산읍
CAB285001388,부송2리,36.87651741,127.130304,2025-10-31,1388,34010,충청남도 천안시,천안BIS,충청남도,천안시서북구,직산읍
CAB285001389,청솔아파트,36.87723947,127.1285743,2025-10-31,1389,34010,충청남도 천안시,천안BIS,충청남도,천안시서북구,직산읍
CAB285001390,청솔아파트,36.8771969,127.1283693,2025-10-31,1390,34010,충청남도 천안시,천안BIS,충청남도,천안시서북구,직산읍
CAB285001393,양당초등학교,36.8778406,127.1153499,2025-10-31,1393,34010,충청남도 천안시,천안BIS,충청남도,천안시서북구,직산읍
CAB285001394,양당초등학교,36.8778905,127.1154675,2025-10-31,1394,34010,충청남도 천안시,천안BIS,충청남도,천안시서북구,직산읍
CAB285001395,양당초교입구,36.8780604,127.1206395,2025-10-31,1395,34010,충청남도 천안시,천안BIS,충청남도,천안시서북구,직산읍
CAB285001396,양당초교입구,36.87805645,127.1208115,2025-10-31,1396,34010,충청남도 천안시,천안BIS,충청남도,천안시서북구,직산읍
CAB285001397,홍익주유소,36.88038961,127.1224457,2025-10-31,1397,34010,충청남도 천안시,천안BIS,충청남도,천안시서북구,직산읍
CAB285001398,유원빌라,36.87522013,127.1347311,2025-10-31,1398,34010,충청남도 천안시,천안BIS,충청남도,천안시서북구,직산읍
CAB285001399,유원빌라,36.87513899,127.1343174,2025-10-31,1399,34010,충청남도 천안시,천안BIS,충청남도,천안시서북구,직산읍
CAB285001400,소우리,36.8699882,127.1713011,2025-10-31,1400,34010,충청남도 천안시,천안BIS,충청남도,천안시서북구,성거읍
CAB285001401,신월저수지,36.87209461,127.1607074,2025-10-31,1401,34010,충청남도 천안시,천안BIS,충청남도,천안시서북구,성거읍
CAB285001402,업성동입구,36.85948462,127.1425774,2025-10-31,1402,34010,충청남도 천안시,천안BIS,충청남도,천안시서북구,부성1동
CAB285001403,업성4통,36.8660071,127.1301154,2025-10-31,1403,34010,충청남도 천안시,천안BIS,충청남도,천안시서북구,부성1동
CAB285001422,구룡2통,36.7665616,127.1382016,2025-10-31,1422,34010,충청남도 천안시,천안BIS,충청남도,천안시동남구,청룡동
CAB285001424,대덕1리,36.695356,127.092059,2025-10-31,1424,34010,충청남도 천안시,천안BIS,충청남도,천안시동남구,광덕면
CAB285001425,지장2리,36.67912466,127.0768041,2025-10-31,1425,34010,충청남도 천안시,천안BIS,충청남도,천안시동남구,광덕면
CAB285001426,지장2리,36.6730431,127.0729321,2025-10-31,1426,34010,충청남도 천안시,천안BIS,충청남도,천안시동남구,광덕면
CAB285001427,지장2리,36.67297315,127.0732061,2025-10-31,1427,34010,충청남도 천안시,천안BIS,충청남도,천안시동남구,광덕면
CAB285001428,보산원4리,36.688547,127.085413,2025-10-31,1428,34010,충청남도 천안시,천안BIS,충청남도,천안시동남구,광덕면
CAB285001433,미죽1리,36.7398706,127.1536038,2025-10-31,1433,34010,충청남도 천안시,천안BIS,충청남도,천안시동남구,풍세면
CAB285001434,미죽1리,36.7396329,127.1537046,2025-10-31,1434,34010,충청남도 천안시,천안BIS,충청남도,천안시동남구,풍세면
CAB285001435,목골,36.7394661,127.2217246,2025-10-31,1435,34010,충청남도 천안시,천안BIS,충청남도,천안시동남구,성남면
CAB285001436,목골,36.7394213,127.2218592,2025-10-31,1436,34010,충청남도 천안시,천안BIS,충청남도,천안시동남구,성남면
CAB285001437,대흥리,36.72846246,127.2285809,2025-10-31,1437,34010,충청남도 천안시,천안BIS,충청남도,천안시동남구,성남면
CAB285001439,수신삼거리,36.729426,127.2796953,2025-10-31,1439,34010,충청남도 천안시,천안BIS,충청남도,천안시동남구,수신면
CAB285001440,수신삼거리,36.7293109,127.2798625,2025-10-31,1440,34010,충청남도 천안시,천안BIS,충청남도,천안시동남구,수신면
CAB285001441,수신면,36.7313817,127.2873424,2025-10-31,1441,34010,충청남도 천안시,천안BIS,충청남도,천안시동남구,수신면
CAB285001442,수신면,36.73129395,127.2871956,2025-10-31,1442,34010,충청남도 천안시,천안BIS,충청남도,천안시동남구,수신면
CAB285001444,장송1리,36.7850679,127.3754241,2025-10-31,1444,34010,충청남도 천안시,천안BIS,충청남도,천안시동남구,동면
CAB285001445,바타니(종점),36.81459451,127.3639573,2025-10-31,1445,34010,충청남도 천안시,천안BIS,충청남도,천안시동남구,동면
CAB285001446,의관동,36.8173705,127.315817,2025-10-31,1446,34010,충청남도 천안시,천안BIS,충청남도,천안시동남구,병천면
CAB285001447,의관동,36.8173798,127.31603,2025-10-31,1447,34010,충청남도 천안시,천안BIS,충청남도,천안시동남구,병천면
CAB285001448,관성2리마을회관,36.82119345,127.3237692,2025-10-31,1448,34010,충청남도 천안시,천안BIS,충청남도,천안시동남구,병천면
CAB285001449,관성3리회관,36.8106659,127.3326667,2025-10-31,1449,34010,충청남도 천안시,천안BIS,충청남도,천안시동남구,병천면
CAB285001450,관성3리회관,36.81073133,127.3325557,2025-10-31,1450,34010,충청남도 천안시,천안BIS,충청남도,천안시동남구,병천면
CAB285001451,관성리(종점),36.8171723,127.3408654,2025-10-31,1451,34010,충청남도 천안시,천안BIS,충청남도,천안시동남구,병천면
CAB285001452,신촌(개미기),36.7743326,127.3024717,2025-10-31,1452,34010,충청남도 천안시,천안BIS,충청남도,천안시동남구,병천면
CAB285001453,신촌(개미기),36.7742691,127.302203,2025-10-31,1453,34010,충청남도 천안시,천안BIS,충청남도,천안시동남구,병천면
CAB285001454,서원리(종점),36.7794123,127.2959891,2025-10-31,1454,34010,충청남도 천안시,천안BIS,충청남도,천안시동남구,병천면
CAB285001455,곡대(종점),36.8793958,127.2943982,2025-10-31,1455,34010,충청남도 천안시,천안BIS,충청남도,천안시동남구,북면
CAB285001456,주성레이크빌아파트,36.910373,127.2504021,2025-10-31,1456,34010,충청남도 천안시,천안BIS,충청남도,천안시서북구,입장면
CAB285001457,청룡(종점),36.90595628,127.2783357,2025-10-31,1457,34010,충청남도 천안시,천안BIS,충청남도,천안시서북구,입장면
CAB285001459,입장회차지,36.914412,127.2300119,2025-10-31,1459,34010,충청남도 천안시,천안BIS,충청남도,천안시서북구,입장면
CAB285001460,입장중학교,36.919963,127.2194298,2025-10-31,1460,34010,충청남도 천안시,천안BIS,충청남도,천안시서북구,입장면
CAB285001461,입장중학교,36.919832,127.219743,2025-10-31,1461,34010,충청남도 천안시,천안BIS,충청남도,천안시서북구,입장면
CAB285001463,유리3리,36.922671,127.212453,2025-10-31,1463,34010,충청남도 천안시,천안BIS,충청남도,천안시서북구,입장면
CAB285001464,가산2리,36.932607,127.196665,2025-10-31,1464,34010,충청남도 천안시,천안BIS,충청남도,천안시서북구,입장면
CAB285001465,가산2리경로당,36.93249297,127.1973607,2025-10-31,1465,34010,충청남도 천안시,천안BIS,충청남도,천안시서북구,입장면
CAB285001466,효계리(효아촌),36.9029401,127.2268511,2025-10-31,1466,34010,충청남도 천안시,천안BIS,충청남도,천안시서북구,입장면
CAB285001467,효계리(효아촌),36.90259506,127.227203,2025-10-31,1467,34010,충청남도 천안시,천안BIS,충청남도,천안시서북구,입장면
CAB285001468,호당리,36.8842913,127.2378758,2025-10-31,1468,34010,충청남도 천안시,천안BIS,충청남도,천안시서북구,입장면
CAB285001469,수리고개,36.89614799,127.2141091,2025-10-31,1469,34010,충청남도 천안시,천안BIS,충청남도,천안시서북구,성거읍
CAB285001470,수리고개,36.89567465,127.2134024,2025-10-31,1470,34010,충청남도 천안시,천안BIS,충청남도,천안시서북구,성거읍
CAB285001471,성거일반사업단지,36.8920896,127.2106091,2025-10-31,1471,34010,충청남도 천안시,천안BIS,충청남도,천안시서북구,성거읍
CAB285001472,성거일반사업단지,36.89249631,127.2112724,2025-10-31,1472,34010,충청남도 천안시,천안BIS,충청남도,천안시서북구,성거읍
CAB285001473,수청거리,36.87851965,127.2039614,2025-10-31,1473,34010,충청남도 천안시,천안BIS,충청남도,천안시서북구,성거읍
CAB285001474,수청거리,36.8787463,127.2044057,2025-10-31,1474,34010,충청남도 천안시,천안BIS,충청남도,천안시서북구,성거읍
CAB285071889,태조산청소년수련관,36.820977,127.188104,2025-10-31,71889,34010,충청남도 천안시,천안BIS,충청남도,천안시동남구,원성1동
CAB285071890,두정동 와마트,36.835215,127.153745,2025-10-31,71890,34010,충청남도 천안시,천안BIS,충청남도,천안시서북구,부성1동
CAB285071891,두정동 와마트,36.835254,127.153546,2025-10-31,71891,34010,충청남도 천안시,천안BIS,충청남도,천안시서북구,부성1동
CAB285071892,전선사원아파트,36.726066,127.114826,2025-10-31,71892,34010,충청남도 천안시,천안BIS,충청남도,천안시동남구,풍세면
CAB285071893,전선사원아파트,36.725894,127.115057,2025-10-31,71893,34010,충청남도 천안시,천안BIS,충청남도,천안시동남구,풍세면
CAB285071894,높은뜻씨앗학교,36.727218,127.110212,2025-10-31,71894,34010,충청남도 천안시,천안BIS,충청남도,천안시동남구,풍세면
CAB285071895,높은뜻씨앗학교,36.727033,127.110223,2025-10-31,71895,34010,충청남도 천안시,천안BIS,충청남도,천안시동남구,풍세면
CAB285071897,한국전력공사 천안지사,36.826121,127.131981,2025-10-31,71897,34010,충청남도 천안시,천안BIS,충청남도,천안시서북구,성정2동
CAB285071898,한국전력공사 천안지사,36.826125,127.131177,2025-10-31,71898,34010,충청남도 천안시,천안BIS,충청남도,천안시서북구,부성2동
CAB285071899,천안한방병원,36.82531,127.129422,2025-10-31,71899,34010,충청남도 천안시,천안BIS,충청남도,천안시서북구,백석동
CAB285071900,천안한방병원,36.825378,127.128838,2025-10-31,71900,34010,충청남도 천안시,천안BIS,충청남도,천안시서북구,부성2동
CAB285071901,주공6단지,36.823137,127.132008,2025-10-31,71901,34010,충청남도 천안시,천안BIS,충청남도,천안시서북구,성정2동
CAB285071902,주공6단지,36.823051,127.13233,2025-10-31,71902,34010,충청남도 천안시,천안BIS,충청남도,천안시서북구,성정2동
CAB285071903,천안성광교회,36.794816,127.176002,2025-10-31,71903,34010,충청남도 천안시,천안BIS,충청남도,천안시동남구,청룡동
CAB285071904,천안성광교회,36.79494,127.175868,2025-10-31,71904,34010,충청남도 천안시,천안BIS,충청남도,천안시동남구,청룡동
CAB285071906,풍세면행정복지센터,36.723146,127.120029,2025-10-31,71906,34010,충청남도 천안시,천안BIS,충청남도,천안시동남구,풍세면
CAB285071909,신가초등학교,36.950027,127.116135,2025-10-31,71909,34010,충청남도 천안시,천안BIS,충청남도,천안시서북구,성환읍
CAB285071910,신가초등학교,36.949907,127.116086,2025-10-31,71910,34010,충청남도 천안시,천안BIS,충청남도,천안시서북구,성환읍
CAB285071911,풍세면복지회관,36.720498,127.120373,2025-10-31,71911,34010,충청남도 천안시,천안BIS,충청남도,천안시동남구,풍세면
CAB285071912,봉서산아이파크아파트,36.806856,127.137834,2025-10-31,71912,34010,충청남도 천안시,천안BIS,충청남도,천안시동남구,봉명동
CAB285071913,어룡리,36.940771,127.121049,2025-10-31,71913,34010,충청남도 천안시,천안BIS,충청남도,천안시서북구,성환읍
CAB285071914,어룡리,36.940492,127.120528,2025-10-31,71914,34010,충청남도 천안시,천안BIS,충청남도,천안시서북구,성환읍
CAB285071915,공주대학교공대사거리,36.850056,127.155923,2025-10-31,71915,34010,충청남도 천안시,천안BIS,충청남도,천안시서북구,부성1동
CAB285071916,공주대학교공대사거리,36.850121,127.15581,2025-10-31,71916,34010,충청남도 천안시,천안BIS,충청남도,천안시서북구,부성1동
CAB285071917,천안시청 서북구보건소,36.813489,127.1157,2025-10-31,71917,34010,충청남도 천안시,천안BIS,충청남도,천안시서북구,불당1동
CAB285071918,아우내농협 영농자재판매장,36.759106,127.295119,2025-10-31,71918,34010,충청남도 천안시,천안BIS,충청남도,천안시동남구,병천면
CAB285071919,성환읍행정복지센터,36.918974,127.135087,2025-10-31,71919,34010,충청남도 천안시,천안BIS,충청남도,천안시서북구,성환읍
CAB285071920,성환읍행정복지센터,36.918957,127.134851,2025-10-31,71920,34010,충청남도 천안시,천안BIS,충청남도,천안시서북구,성환읍
CAB285071921,용정2리,36.735486,127.111537,2025-10-31,71921,34010,충청남도 천안시,천안BIS,충청남도,천안시동남구,풍세면
CAB285071922,용정2리,36.734987,127.116805,2025-10-31,0,34010,충청남도 천안시,천안BIS,충청남도,천안시동남구,풍세면
CAB285071925,청당2공원,36.781489,127.156786,2025-10-31,71925,34010,충청남도 천안시,천안BIS,충청남도,천안시동남구,청룡동
CAB285071926,팽나무골,36.913531,127.267583,2025-10-31,71926,34010,충청남도 천안시,천안BIS,충청남도,천안시서북구,입장면
CAB285071927,팽나무골,36.913364,127.267996,2025-10-31,71927,34010,충청남도 천안시,천안BIS,충청남도,천안시서북구,입장면
CAB285071928,마정저수지,36.87443,127.099666,2025-10-31,71928,34010,충청남도 천안시,천안BIS,충청남도,천안시서북구,직산읍
CAB285071929,마정저수지,36.874366,127.099854,2025-10-31,71929,34010,충청남도 천안시,천안BIS,충청남도,천안시서북구,직산읍
CAB285071930,대정1리,36.72745,127.214856,2025-10-31,71930,34010,충청남도 천안시,천안BIS,충청남도,천안시동남구,성남면
CAB285071931,두정역효성해링턴플레이스아파트,36.830162,127.145296,2025-10-31,71931,34010,충청남도 천안시,천안BIS,충청남도,천안시서북구,부성1동
CAB285071932,두정역효성해링턴플레이스아파트 건너,36.8302,127.145065,2025-10-31,71932,34010,충청남도 천안시,천안BIS,충청남도,천안시서북구,부성1동
CAB285071934,진주골,36.747913,127.192347,2025-10-31,71934,34010,충청남도 천안시,천안BIS,충청남도,천안시동남구,목천읍
CAB285071935,대한민국축구종합센터,36.941641,127.200335,2025-10-31,71935,34010,충청남도 천안시,천안BIS,충청남도,천안시서북구,입장면
CAB285071936,대한민국축구종합센터건너,36.941637,127.200174,2025-10-31,71936,34010,충청남도 천안시,천안BIS,충청남도,천안시서북구,입장면
CAB285071937,축구종합센터잔디광장건너,36.941487,127.197379,2025-10-31,71937,34010,충청남도 천안시,천안BIS,충청남도,천안시서북구,입장면
CAB285071938,축구종합센터잔디광장,36.941482,127.19754,2025-10-31,71938,34010,충청남도 천안시,천안BIS,충청남도,천안시서북구,입장면
CAB285071943,성성교차로,36.84336,127.12085,2025-10-31,71943,34010,충청남도 천안시,천안BIS,충청남도,천안시서북구,부성2동
CAB285000047,대홍5리,36.94615489,127.1333158,2025-10-31,47,34010,충청남도 천안시,천안BIS,충청남도,천안시서북구,성환읍
CAB285000050,대홍1리(대정),36.93843296,127.1343591,2025-10-31,50,34010,충청남도 천안시,천안BIS,충청남도,천안시서북구,성환읍
CAB285000051,대홍4리(갯방죽),36.93176964,127.1341091,2025-10-31,51,34010,충청남도 천안시,천안BIS,충청남도,천안시서북구,성환읍
CAB285000052,대홍4리(갯방죽),36.93229797,127.1344624,2025-10-31,52,34010,충청남도 천안시,천안BIS,충청남도,천안시서북구,성환읍
CAB285000053,희성폴리머,36.92925798,127.1342557,2025-10-31,53,34010,충청남도 천안시,천안BIS,충청남도,천안시서북구,성환읍
CAB285000054,희성폴리머,36.92884631,127.1340474,2025-10-31,54,34010,충청남도 천안시,천안BIS,충청남도,천안시서북구,성환읍
CAB285000055,장로교회,36.92347629,127.1346624,2025-10-31,55,34010,충청남도 천안시,천안BIS,충청남도,천안시서북구,성환읍
CAB285000056,장로교회,36.92336465,127.1344274,2025-10-31,56,34010,충청남도 천안시,천안BIS,충청남도,천안시서북구,성환읍
CAB285000057,대홍리,36.9487585,127.1341577,2025-10-31,57,34010,충청남도 천안시,천안BIS,충청남도,천안시서북구,성환읍
CAB285000058,수향1리(지족향),36.94976127,127.1417441,2025-10-31,58,34010,충청남도 천안시,천안BIS,충청남도,천안시서북구,성환읍
CAB285000059,수향2리(무내),36.94627127,127.1496207,2025-10-31,59,34010,충청남도 천안시,천안BIS,충청남도,천안시서북구,성환읍
CAB285000060,수향2리,36.94339467,127.1506368,2025-10-31,60,34010,충청남도 천안시,천안BIS,충청남도,천안시서북구,성환읍
CAB285000061,수향3리,36.9420418,127.1564822,2025-10-31,61,34010,충청남도 천안시,천안BIS,충청남도,천안시서북구,성환읍
CAB285000062,천안연암대학교,36.9440399,127.1585228,2025-10-31,62,34010,충청남도 천안시,천안BIS,충청남도,천안시서북구,성환읍
CAB285000063,도하3리,36.94592493,127.1618729,2025-10-31,63,34010,충청남도 천안시,천안BIS,충청남도,천안시서북구,성환읍
CAB285000064,도하1리(도감말),36.94769411,127.1640314,2025-10-31,64,34010,충청남도 천안시,천안BIS,충청남도,천안시서북구,성환읍
CAB285000065,양령리,36.95448794,127.1780857,2025-10-31,65,34010,충청남도 천안시,천안BIS,충청남도,천안시서북구,입장면
CAB285000066,산정1리(산우물),36.9407913,127.1792908,2025-10-31,66,34010,충청남도 천안시,천안BIS,충청남도,천안시서북구,입장면
CAB285000067,흑암리,36.9379979,127.1830734,2025-10-31,67,34010,충청남도 천안시,천안BIS,충청남도,천안시서북구,입장면
CAB285000068,가산1리(토산),36.9347908,127.1889787,2025-10-31,68,34010,충청남도 천안시,천안BIS,충청남도,천안시서북구,입장면
CAB285000069,용정1리(강당),36.925789,127.1886594,2025-10-31,69,34010,충청남도 천안시,천안BIS,충청남도,천안시서북구,입장면
CAB285000070,용정2리,36.9217472,127.1925684,2025-10-31,70,34010,충청남도 천안시,천안BIS,충청남도,천안시서북구,입장면
CAB285000071,신두1리,36.91665547,127.2022187,2025-10-31,71,34010,충청남도 천안시,천안BIS,충청남도,천안시서북구,입장면
CAB285000072,연곡2리 갈산지,36.948822,127.196869,2025-10-31,72,34010,충청남도 천안시,천안BIS,충청남도,천안시서북구,입장면
CAB285000073,연곡1리,36.95478797,127.1860758,2025-10-31,73,34010,충청남도 천안시,천안BIS,충청남도,천안시서북구,입장면
CAB285000077,성환8리,36.92149462,127.1227674,2025-10-31,77,34010,충청남도 천안시,천안BIS,충청남도,천안시서북구,성환읍
CAB285000078,송덕,36.92381631,127.1189774,2025-10-31,78,34010,충청남도 천안시,천안BIS,충청남도,천안시서북구,성환읍
CAB285000079,국립축산과학원입구,36.9257942,127.1120326,2025-10-31,79,34010,충청남도 천안시,천안BIS,충청남도,천안시서북구,성환읍
CAB285000080,국립축산과학원입구,36.9256904,127.1119714,2025-10-31,80,34010,충청남도 천안시,천안BIS,충청남도,천안시서북구,성환읍
CAB285000082,기린빌라,36.926509,127.117642,2025-10-31,82,34010,충청남도 천안시,천안BIS,충청남도,천안시서북구,성환읍
CAB285000083,우신1리(경로당),36.929498,127.117111,2025-10-31,83,34010,충청남도 천안시,천안BIS,충청남도,천안시서북구,성환읍
CAB285000084,우신1리,36.936689,127.116789,2025-10-31,84,34010,충청남도 천안시,천안BIS,충청남도,천안시서북구,성환읍
CAB285000085,어룡리,36.940672,127.116795,2025-10-31,85,34010,충청남도 천안시,천안BIS,충청남도,천안시서북구,성환읍
CAB285000090,와룡2리(농촌),36.95704461,127.1054641,2025-10-31,90,34010,충청남도 천안시,천안BIS,충청남도,천안시서북구,성환읍
CAB285000091,와룡2리,36.95693833,127.1052511,2025-10-31,91,34010,충청남도 천안시,천안BIS,충청남도,천안시서북구,성환읍
CAB285000092,와룡3리(북농촌),36.95777627,127.1024824,2025-10-31,92,34010,충청남도 천안시,천안BIS,충청남도,천안시서북구,성환읍
CAB285000093,와룡3리,36.95795143,127.1023098,2025-10-31,93,34010,충청남도 천안시,천안BIS,충청남도,천안시서북구,성환읍
CAB285000095,성환초등학교,36.91729105,127.1327387,2025-10-31,95,34010,충청남도 천안시,천안BIS,충청남도,천안시서북구,성환읍
CAB285000096,성신초등학교,36.91765545,127.1278602,2025-10-31,96,34010,충청남도 천안시,천안BIS,충청남도,천안시서북구,성환읍
CAB285000097,성신초등학교,36.91718145,127.1280682,2025-10-31,97,34010,충청남도 천안시,천안BIS,충청남도,천안시서북구,성환읍
CAB285000098,성환역,36.91571532,127.1279794,2025-10-31,98,34010,충청남도 천안시,천안BIS,충청남도,천안시서북구,성환읍
CAB285000099,삼풍아파트,36.91246987,127.1309113,2025-10-31,99,34010,충청남도 천안시,천안BIS,충청남도,천안시서북구,성환읍
CAB285000100,매주4리(삼천리앞),36.91104545,127.1253919,2025-10-31,100,34010,충청남도 천안시,천안BIS,충청남도,천안시서북구,성환읍
CAB285000101,율금교,36.9072541,127.1181568,2025-10-31,101,34010,충청남도 천안시,천안BIS,충청남도,천안시서북구,성환읍
CAB285000102,율금교,36.9073104,127.1179859,2025-10-31,102,34010,충청남도 천안시,천안BIS,충청남도,천안시서북구,성환읍
CAB285000103,율금리,36.905918,127.115314,2025-10-31,103,34010,충청남도 천안시,천안BIS,충청남도,천안시서북구,성환읍
CAB285000104,율금리,36.905823,127.115394,2025-10-31,104,34010,충청남도 천안시,천안BIS,충청남도,천안시서북구,성환읍
CAB285000105,대명아파트,36.89635579,127.102955,2025-10-31,105,34010,충청남도 천안시,천안BIS,충청남도,천안시서북구,성환읍
CAB285000106,석곡리,36.89234131,127.0959874,2025-10-31,106,34010,충청남도 천안시,천안BIS,충청남도,천안시서북구,성환읍
CAB285000107,석곡리(돌실),36.88882664,127.0909807,2025-10-31,107,34010,충청남도 천안시,천안BIS,충청남도,천안시서북구,직산읍
CAB285000108,석곡리(돌실),36.88887799,127.0907389,2025-10-31,108,34010,충청남도 천안시,천안BIS,충청남도,천안시서북구,직산읍
CAB285000142,성월1리,36.9208455,127.1366208,2025-10-31,2359,34010,충청남도 천안시,천안BIS,충청남도,천안시서북구,성환읍
CAB285000143,성월1리,36.9207647,127.1367054,2025-10-31,2338,34010,충청남도 천안시,천안BIS,충청남도,천안시서북구,성환읍
CAB285000144,학정리,36.9334592,127.1448536,2025-10-31,2336,34010,충청남도 천안시,천안BIS,충청남도,천안시서북구,성환읍
CAB285000145,학정리,36.9333874,127.144955,2025-10-31,2337,34010,충청남도 천안시,천안BIS,충청남도,천안시서북구,성환읍
CAB285000151,불당대원아파트,36.80478071,127.1167191,2025-10-31,1511,34010,충청남도 천안시,천안BIS,충청남도,천안시서북구,불당1동
CAB285000169,남관2리,36.7558392,127.1177132,2025-10-31,169,34010,충청남도 천안시,천안BIS,충청남도,천안시동남구,풍세면
CAB285000170,남관리(농협),36.7535792,127.1273185,2025-10-31,170,34010,충청남도 천안시,천안BIS,충청남도,천안시동남구,풍세면
CAB285000171,남관리,36.75519,127.127486,2025-10-31,171,34010,충청남도 천안시,천안BIS,충청남도,천안시동남구,풍세면
CAB285000172,동양철관,36.7590163,127.1279774,2025-10-31,172,34010,충청남도 천안시,천안BIS,충청남도,천안시동남구,풍세면
CAB285000173,통세골,36.768362,127.132528,2025-10-31,173,34010,충청남도 천안시,천안BIS,충청남도,천안시동남구,신방동
CAB285000174,통세골,36.7681009,127.1324855,2025-10-31,174,34010,충청남도 천안시,천안BIS,충청남도,천안시동남구,신방동
CAB285000175,가송3리,36.72990463,127.1441441,2025-10-31,175,34010,충청남도 천안시,천안BIS,충청남도,천안시동남구,풍세면
CAB285000176,가송2리,36.73481962,127.1435941,2025-10-31,176,34010,충청남도 천안시,천안BIS,충청남도,천안시동남구,풍세면
CAB285000177,가송리,36.7351712,127.1435414,2025-10-31,177,34010,충청남도 천안시,천안BIS,충청남도,천안시동남구,풍세면
CAB285000178,두남리,36.74163127,127.1391224,2025-10-31,178,34010,충청남도 천안시,천안BIS,충청남도,천안시동남구,풍세면
CAB285000179,두남리,36.74551628,127.1351974,2025-10-31,179,34010,충청남도 천안시,천안BIS,충청남도,천안시동남구,풍세면
CAB285001475,성환E-편한세상,36.90177963,127.1313224,2025-10-31,1475,34010,충청남도 천안시,천안BIS,충청남도,천안시서북구,성환읍
CAB285001476,성환e편한세상,36.90125455,127.1315899,2025-10-31,1476,34010,충청남도 천안시,천안BIS,충청남도,천안시서북구,성환읍
CAB285001477,옹골부락,36.8293063,127.1655424,2025-10-31,1477,34010,충청남도 천안시,천안BIS,충청남도,천안시동남구,신안동
CAB285001478,단국대학교,36.83519294,127.1689097,2025-10-31,1478,34010,충청남도 천안시,천안BIS,충청남도,천안시동남구,신안동
CAB285001481,아랫말,36.81361963,127.1755174,2025-10-31,1481,34010,충청남도 천안시,천안BIS,충청남도,천안시동남구,원성1동
CAB285001482,대전충남양계축협,36.8081761,127.1614679,2025-10-31,1482,34010,충청남도 천안시,천안BIS,충청남도,천안시동남구,원성1동
CAB285001483,두정역푸르지오 남문,36.83230796,127.1508891,2025-10-31,1483,34010,충청남도 천안시,천안BIS,충청남도,천안시서북구,부성1동
CAB285001484,한기대(두정),36.8391863,127.1421457,2025-10-31,1484,34010,충청남도 천안시,천안BIS,충청남도,천안시서북구,부성2동
CAB285001485,두정대우3차아파트,36.83879962,127.1437691,2025-10-31,1485,34010,충청남도 천안시,천안BIS,충청남도,천안시서북구,부성1동
CAB285001486,천안성정동우체국,36.8302613,127.1341373,2025-10-31,1486,34010,충청남도 천안시,천안BIS,충청남도,천안시서북구,성정2동
CAB285001487,두정고등학교,36.83394293,127.1325424,2025-10-31,1487,34010,충청남도 천안시,천안BIS,충청남도,천안시서북구,부성2동
CAB285001488,두정대우5차아파트,36.83410081,127.1290377,2025-10-31,1488,34010,충청남도 천안시,천안BIS,충청남도,천안시서북구,부성2동
CAB285001489,두정대우5차아파트,36.83384512,127.1291587,2025-10-31,1489,34010,충청남도 천안시,천안BIS,충청남도,천안시서북구,부성2동
CAB285001490,두정세광아파트,36.82930045,127.127192,2025-10-31,1490,34010,충청남도 천안시,천안BIS,충청남도,천안시서북구,백석동
CAB285001491,두정세광아파트,36.82923299,127.1274424,2025-10-31,1491,34010,충청남도 천안시,천안BIS,충청남도,천안시서북구,부성2동
CAB285001492,두정부경아파트,36.82692875,127.1271321,2025-10-31,1492,34010,충청남도 천안시,천안BIS,충청남도,천안시서북구,백석동
CAB285001493,두정부경아파트,36.82681797,127.1273941,2025-10-31,1493,34010,충청남도 천안시,천안BIS,충청남도,천안시서북구,부성2동
CAB285001494,백석종합상가,36.82208647,127.1245917,2025-10-31,1494,34010,충청남도 천안시,천안BIS,충청남도,천안시서북구,백석동
CAB285001495,백석종합상가,36.82225226,127.1249236,2025-10-31,1495,34010,충청남도 천안시,천안BIS,충청남도,천안시서북구,백석동
CAB285001496,백석초등학교,36.8205491,127.1200824,2025-10-31,1496,34010,충청남도 천안시,천안BIS,충청남도,천안시서북구,백석동
CAB285001497,백석초등학교,36.82076373,127.1207639,2025-10-31,1497,34010,충청남도 천안시,천안BIS,충청남도,천안시서북구,백석동
CAB285001498,주공그린빌3차아파트,36.819102,127.1196895,2025-10-31,1498,34010,충청남도 천안시,천안BIS,충청남도,천안시서북구,백석동
CAB285001499,백석호반2차아파트,36.81925199,127.1199854,2025-10-31,1499,34010,충청남도 천안시,천안BIS,충청남도,천안시서북구,백석동
CAB285001500,백석11단지,36.81876387,127.1179086,2025-10-31,1500,34010,충청남도 천안시,천안BIS,충청남도,천안시서북구,백석동
CAB285001501,백석호반1차아파트,36.81835357,127.1189338,2025-10-31,1501,34010,충청남도 천안시,천안BIS,충청남도,천안시서북구,백석동
CAB285001502,천안시청,36.816015,127.116011,2025-10-31,1502,34010,충청남도 천안시,천안BIS,충청남도,천안시서북구,불당1동
CAB285001503,천안시청,36.816068,127.114488,2025-10-31,1503,34010,충청남도 천안시,천안BIS,충청남도,천안시서북구,불당1동
CAB285001504,천안시청시의회,36.81572,127.112165,2025-10-31,1504,34010,충청남도 천안시,천안BIS,충청남도,천안시서북구,불당1동
CAB285001505,천안시청시의회,36.81592336,127.1126769,2025-10-31,1505,34010,충청남도 천안시,천안BIS,충청남도,천안시서북구,불당1동
CAB285001506,불당아이파크,36.80875251,127.1107399,2025-10-31,1506,34010,충청남도 천안시,천안BIS,충청남도,천안시서북구,불당1동
CAB285001507,불당동일하이빌2단지,36.80850635,127.1109052,2025-10-31,1507,34010,충청남도 천안시,천안BIS,충청남도,천안시서북구,불당1동
CAB285001508,불당대동아파트108동앞,36.80647705,127.1120144,2025-10-31,1508,34010,충청남도 천안시,천안BIS,충청남도,천안시서북구,불당1동
CAB285001509,불당동일하이빌3단지,36.80681537,127.1115229,2025-10-31,1509,34010,충청남도 천안시,천안BIS,충청남도,천안시서북구,불당1동
CAB285001510,불당호반아파트,36.80550394,127.1161022,2025-10-31,1510,34010,충청남도 천안시,천안BIS,충청남도,천안시서북구,불당1동
CAB285001512,쌍용중학교,36.8038458,127.1211998,2025-10-31,1512,34010,충청남도 천안시,천안BIS,충청남도,천안시서북구,쌍용3동
CAB285001513,주공9단지,36.80415237,127.1212552,2025-10-31,1513,34010,충청남도 천안시,천안BIS,충청남도,천안시서북구,쌍용3동
CAB285001514,쌍용3동행정복지센터,36.8032196,127.1187602,2025-10-31,1514,34010,충청남도 천안시,천안BIS,충청남도,천안시서북구,쌍용3동
CAB285001515,쌍용3동행정복지센터,36.8031025,127.1189809,2025-10-31,1515,34010,충청남도 천안시,천안BIS,충청남도,천안시서북구,쌍용3동
CAB285001516,쌍용현대1차아파트,36.79518261,127.1313476,2025-10-31,1516,34010,충청남도 천안시,천안BIS,충청남도,천안시동남구,신방동
CAB285001517,쌍용현대1차아파트,36.795001,127.132346,2025-10-31,1517,34010,충청남도 천안시,천안BIS,충청남도,천안시동남구,신방동
CAB285001518,쌍용극동아파트(충무병원정문),36.7968126,127.13214,2025-10-31,1518,34010,충청남도 천안시,천안BIS,충청남도,천안시서북구,쌍용1동
CAB285001519,천안역 서부광장,36.809944,127.143445,2025-10-31,1519,34010,충청남도 천안시,천안BIS,충청남도,천안시서북구,성정1동
CAB285001520,천안역 서부광장,36.810142,127.143525,2025-10-31,1520,34010,충청남도 천안시,천안BIS,충청남도,천안시서북구,성정1동
CAB285001521,화이트스톤,36.83114632,127.1088757,2025-10-31,1521,34010,충청남도 천안시,천안BIS,충청남도,천안시서북구,백석동
CAB285001522,STS,36.83101965,127.1091264,2025-10-31,1522,34010,충청남도 천안시,천안BIS,충청남도,천안시서북구,백석동
CAB285001523,천정2리,36.7598273,127.2113167,2025-10-31,1523,34010,충청남도 천안시,천안BIS,충청남도,천안시동남구,목천읍
CAB285001524,발산리입구,36.7249107,127.3040632,2025-10-31,1524,34010,충청남도 천안시,천안BIS,충청남도,천안시동남구,수신면
CAB285001525,발산리입구,36.7248068,127.3039179,2025-10-31,1525,34010,충청남도 천안시,천안BIS,충청남도,천안시동남구,수신면
CAB285001526,황사동,36.7782992,127.3500455,2025-10-31,1526,34010,충청남도 천안시,천안BIS,충청남도,천안시동남구,동면
CAB285001527,황사동,36.778155,127.3500962,2025-10-31,1527,34010,충청남도 천안시,천안BIS,충청남도,천안시동남구,동면
CAB285001528,광덕1리,36.7883254,127.3472296,2025-10-31,1528,34010,충청남도 천안시,천안BIS,충청남도,천안시동남구,동면
CAB285001529,동산리,36.7857507,127.3566088,2025-10-31,1529,34010,충청남도 천안시,천안BIS,충청남도,천안시동남구,동면
CAB285001530,동산리,36.78542784,127.3565762,2025-10-31,1530,34010,충청남도 천안시,천안BIS,충청남도,천안시동남구,동면
CAB285001531,행암리(종점),36.80463937,127.3543674,2025-10-31,1531,34010,충청남도 천안시,천안BIS,충청남도,천안시동남구,동면
CAB285001532,행암리,36.8028094,127.3551869,2025-10-31,1532,34010,충청남도 천안시,천안BIS,충청남도,천안시동남구,동면
CAB285001533,행암리,36.8027194,127.355316,2025-10-31,1533,34010,충청남도 천안시,천안BIS,충청남도,천안시동남구,동면
CAB285001535,상동리,36.7703931,127.2597928,2025-10-31,1535,34010,충청남도 천안시,천안BIS,충청남도,천안시동남구,북면
CAB285001536,전곡리(길마제),36.85064172,127.266846,2025-10-31,1536,34010,충청남도 천안시,천안BIS,충청남도,천안시동남구,북면
CAB285001537,납안1리,36.8554603,127.2666143,2025-10-31,1537,34010,충청남도 천안시,천안BIS,충청남도,천안시동남구,북면
CAB285001540,호당1리,36.8850546,127.2332024,2025-10-31,1540,34010,충청남도 천안시,천안BIS,충청남도,천안시서북구,입장면
CAB285001541,호당1리,36.8848893,127.2331829,2025-10-31,1541,34010,충청남도 천안시,천안BIS,충청남도,천안시서북구,입장면
CAB285001542,시장리(전원주택단지),36.897671,127.2295636,2025-10-31,1542,34010,충청남도 천안시,천안BIS,충청남도,천안시서북구,입장면
CAB285001543,시장리(전원주택단지),36.8976722,127.2292886,2025-10-31,1543,34010,충청남도 천안시,천안BIS,충청남도,천안시서북구,입장면
CAB285001544,천정2리,36.7597728,127.2111488,2025-10-31,1544,34010,충청남도 천안시,천안BIS,충청남도,천안시동남구,목천읍
CAB285001545,용원1리,36.7471151,127.2141077,2025-10-31,1545,34010,충청남도 천안시,천안BIS,충청남도,천안시동남구,성남면
CAB285001546,매송1리 느러니,36.8058637,127.274009,2025-10-31,1546,34010,충청남도 천안시,천안BIS,충청남도,천안시동남구,북면
CAB288001265,쌍용동일하이빌,36.78462,127.11376,2025-10-31,166,34010,충청남도 천안시,천안BIS,충청남도,천안시동남구,신방동
CAB288001954,불당현대아이파크,36.80697,127.10722,2025-10-31,1954,34010,충청남도 천안시,천안BIS,충청남도,천안시서북구,불당1동
CAB288001955,불당현대아이파크,36.80842,127.10726,2025-10-31,1955,34010,충청남도 천안시,천안BIS,충청남도,천안시서북구,불당2동
CAB288001967,불당상업지구입구,36.81182,127.1086,2025-10-31,1967,34010,충청남도 천안시,천안BIS,충청남도,천안시서북구,불당1동
CAB285000180,용정리,36.7450786,127.1260031,2025-10-31,180,34010,충청남도 천안시,천안BIS,충청남도,천안시동남구,풍세면
CAB285000181,용정리,36.74278464,127.1258424,2025-10-31,181,34010,충청남도 천안시,천안BIS,충청남도,천안시동남구,풍세면
CAB285000182,용정리,36.74234925,127.1255568,2025-10-31,182,34010,충청남도 천안시,천안BIS,충청남도,천안시동남구,풍세면
CAB285000183,보성1리,36.73401969,127.1230304,2025-10-31,183,34010,충청남도 천안시,천안BIS,충청남도,천안시동남구,풍세면
CAB285000184,보성1리,36.73402222,127.1228429,2025-10-31,184,34010,충청남도 천안시,천안BIS,충청남도,천안시동남구,풍세면
CAB285000185,용정2리(대정),36.73928792,127.1127028,2025-10-31,185,34010,충청남도 천안시,천안BIS,충청남도,천안시동남구,풍세면
CAB285000186,용정1리,36.745352,127.100186,2025-10-31,186,34010,충청남도 천안시,천안BIS,충청남도,천안시동남구,풍세면
CAB285000187,학계마을,36.74004798,127.0926557,2025-10-31,187,34010,충청남도 천안시,천안BIS,충청남도,천안시동남구,풍세면
CAB285000188,학계마을,36.7394652,127.092043,2025-10-31,188,34010,충청남도 천안시,천안BIS,충청남도,천안시동남구,풍세면
CAB285000189,원당,36.73697797,127.0895091,2025-10-31,189,34010,충청남도 천안시,천안BIS,충청남도,천안시동남구,풍세면
CAB285000190,삼태리(종점),36.73625855,127.0842649,2025-10-31,190,34010,충청남도 천안시,천안BIS,충청남도,천안시동남구,풍세면
CAB285000191,삼부연립,36.7281249,127.1204324,2025-10-31,191,34010,충청남도 천안시,천안BIS,충청남도,천안시동남구,풍세면
CAB285000192,보성리,36.72772154,127.1196584,2025-10-31,192,34010,충청남도 천안시,천안BIS,충청남도,천안시동남구,풍세면
CAB285000194,풍세면복지회관,36.721186,127.120158,2025-10-31,194,34010,충청남도 천안시,천안BIS,충청남도,천안시동남구,풍세면
CAB285000195,풍세면행정복지센터,36.722527,127.119986,2025-10-31,195,34010,충청남도 천안시,천안BIS,충청남도,천안시동남구,풍세면
CAB285000196,광풍중학교,36.71443687,127.1175432,2025-10-31,196,34010,충청남도 천안시,천안BIS,충청남도,천안시동남구,광덕면
CAB285000197,매당3리,36.710642,127.114424,2025-10-31,197,34010,충청남도 천안시,천안BIS,충청남도,천안시동남구,광덕면
CAB285000198,매당3리,36.70927628,127.1134441,2025-10-31,198,34010,충청남도 천안시,천안BIS,충청남도,천안시동남구,광덕면
CAB285000199,대덕1리,36.69567818,127.0928832,2025-10-31,199,34010,충청남도 천안시,천안BIS,충청남도,천안시동남구,광덕면
CAB285000200,보산원4리,36.68834465,127.0853841,2025-10-31,200,34010,충청남도 천안시,천안BIS,충청남도,천안시동남구,광덕면
CAB285000201,보산원1리,36.69081295,127.0747941,2025-10-31,201,34010,충청남도 천안시,천안BIS,충청남도,천안시동남구,광덕면
CAB285000202,보산원1리,36.690949,127.0748715,2025-10-31,202,34010,충청남도 천안시,천안BIS,충청남도,천안시동남구,광덕면
CAB285000203,매당4리,36.70667397,127.1107491,2025-10-31,203,34010,충청남도 천안시,천안BIS,충청남도,천안시동남구,광덕면
CAB285000204,보산원3리,36.69765633,127.0717224,2025-10-31,204,34010,충청남도 천안시,천안BIS,충청남도,천안시동남구,광덕면
CAB285000205,보산원,36.7021942,127.0708744,2025-10-31,205,34010,충청남도 천안시,천안BIS,충청남도,천안시동남구,광덕면
CAB285000206,보산원2리(외보),36.68702256,127.0784811,2025-10-31,206,34010,충청남도 천안시,천안BIS,충청남도,천안시동남구,광덕면
CAB285000208,광덕3구경로당(뮤지엄호두),36.67752309,127.0586621,2025-10-31,208,34010,충청남도 천안시,천안BIS,충청남도,천안시동남구,광덕면
CAB285000209,광덕3구경로당(뮤지엄호두),36.67768295,127.0587074,2025-10-31,209,34010,충청남도 천안시,천안BIS,충청남도,천안시동남구,광덕면
CAB285000210,광덕산휴게소,36.67269108,127.0509718,2025-10-31,210,34010,충청남도 천안시,천안BIS,충청남도,천안시동남구,광덕면
CAB285000211,광덕1리,36.6723311,127.0455792,2025-10-31,211,34010,충청남도 천안시,천안BIS,충청남도,천안시동남구,광덕면
CAB285000212,광덕사(종점),36.67324894,127.0426872,2025-10-31,212,34010,충청남도 천안시,천안BIS,충청남도,천안시동남구,광덕면
CAB285000214,광덕3리(은골),36.678446,127.061595,2025-10-31,214,34010,충청남도 천안시,천안BIS,충청남도,천안시동남구,광덕면
CAB285000215,보산원초등학교,36.682765,127.075687,2025-10-31,215,34010,충청남도 천안시,천안BIS,충청남도,천안시동남구,광덕면
CAB285000216,지장2리,36.67915892,127.076545,2025-10-31,216,34010,충청남도 천안시,천안BIS,충청남도,천안시동남구,광덕면
CAB285000217,지장리,36.658851,127.077736,2025-10-31,217,34010,충청남도 천안시,천안BIS,충청남도,천안시동남구,광덕면
CAB285000218,석지골,36.650196,127.085751,2025-10-31,218,34010,충청남도 천안시,천안BIS,충청남도,천안시동남구,광덕면
CAB285000219,대덕2리,36.69638017,127.0990933,2025-10-31,219,34010,충청남도 천안시,천안BIS,충청남도,천안시동남구,광덕면
CAB285000220,대덕2리,36.69645745,127.0992348,2025-10-31,220,34010,충청남도 천안시,천안BIS,충청남도,천안시동남구,광덕면
CAB285000221,신흥1리,36.69628172,127.1026101,2025-10-31,221,34010,충청남도 천안시,천안BIS,충청남도,천안시동남구,광덕면
CAB285000222,신흥1리,36.69643568,127.1023636,2025-10-31,222,34010,충청남도 천안시,천안BIS,충청남도,천안시동남구,광덕면
CAB285000223,광덕면행정복지센터,36.70137727,127.1121543,2025-10-31,223,34010,충청남도 천안시,천안BIS,충청남도,천안시동남구,광덕면
CAB285000228,대평1리(대평원),36.68497297,127.1574557,2025-10-31,228,34010,충청남도 천안시,천안BIS,충청남도,천안시동남구,광덕면
CAB285000229,대평2리,36.67414575,127.1459549,2025-10-31,229,34010,충청남도 천안시,천안BIS,충청남도,천안시동남구,광덕면
CAB285000230,대평2리,36.6704363,127.1393457,2025-10-31,230,34010,충청남도 천안시,천안BIS,충청남도,천안시동남구,광덕면
CAB285000231,원덕1리(원터),36.66029244,127.1400983,2025-10-31,231,34010,충청남도 천안시,천안BIS,충청남도,천안시동남구,광덕면
CAB285000232,원덕2리,36.65670669,127.1350334,2025-10-31,232,34010,충청남도 천안시,천안BIS,충청남도,천안시동남구,광덕면
CAB285000233,원덕2리(밤나무골),36.6607495,127.1245697,2025-10-31,233,34010,충청남도 천안시,천안BIS,충청남도,천안시동남구,광덕면
CAB285000255,풍서4리(호정),36.7210427,127.1323973,2025-10-31,255,34010,충청남도 천안시,천안BIS,충청남도,천안시동남구,풍세면
CAB285000270,소사리,36.73509962,127.1718074,2025-10-31,270,34010,충청남도 천안시,천안BIS,충청남도,천안시동남구,목천읍
CAB285000271,영흥산업,36.73791311,127.1721981,2025-10-31,271,34010,충청남도 천안시,천안BIS,충청남도,천안시동남구,목천읍
CAB285000272,영흥산업,36.73805241,127.1719707,2025-10-31,272,34010,충청남도 천안시,천안BIS,충청남도,천안시동남구,목천읍
CAB285000273,대우자동차앞,36.7447854,127.1636722,2025-10-31,273,34010,충청남도 천안시,천안BIS,충청남도,천안시동남구,풍세면
CAB285000274,미죽2리마을회관,36.74353242,127.1588317,2025-10-31,274,34010,충청남도 천안시,천안BIS,충청남도,천안시동남구,풍세면
CAB285000275,미죽리,36.7386907,127.1515135,2025-10-31,275,34010,충청남도 천안시,천안BIS,충청남도,천안시동남구,풍세면
CAB285000276,대우자동차앞,36.7448411,127.1643734,2025-10-31,276,34010,충청남도 천안시,천안BIS,충청남도,천안시동남구,풍세면
CAB285000277,도장3리,36.75107588,127.1874264,2025-10-31,277,34010,충청남도 천안시,천안BIS,충청남도,천안시동남구,목천읍
CAB285000278,도장리,36.7470746,127.1798119,2025-10-31,278,34010,충청남도 천안시,천안BIS,충청남도,천안시동남구,목천읍
CAB285000279,도장리,36.74560129,127.1707074,2025-10-31,279,34010,충청남도 천안시,천안BIS,충청남도,천안시동남구,목천읍
CAB285000280,삼성리,36.7536301,127.1712413,2025-10-31,280,34010,충청남도 천안시,천안BIS,충청남도,천안시동남구,목천읍
CAB285000281,삼성리,36.75471466,127.1709824,2025-10-31,281,34010,충청남도 천안시,천안BIS,충청남도,천안시동남구,목천읍
CAB285000282,삼성1리,36.75852631,127.1714057,2025-10-31,282,34010,충청남도 천안시,천안BIS,충청남도,천안시동남구,목천읍
CAB285000283,도리티고개,36.76701127,127.1664474,2025-10-31,283,34010,충청남도 천안시,천안BIS,충청남도,천안시동남구,목천읍
CAB285000284,선문대(천안),36.7730421,127.1646065,2025-10-31,284,34010,충청남도 천안시,천안BIS,충청남도,천안시동남구,청룡동
CAB285000285,선문대(천안),36.77294961,127.1649224,2025-10-31,285,34010,충청남도 천안시,천안BIS,충청남도,천안시동남구,청룡동
CAB285000287,백석농공단지입구,36.82297966,127.1090146,2025-10-31,287,34010,충청남도 천안시,천안BIS,충청남도,천안시서북구,불당2동
CAB285000293,스마일시티,36.84065184,127.1015184,2025-10-31,293,34010,충청남도 천안시,천안BIS,충청남도,천안시서북구,부성2동
CAB285000295,마정교회,36.8793451,127.0995104,2025-10-31,295,34010,충청남도 천안시,천안BIS,충청남도,천안시서북구,직산읍
CAB285000296,마정리,36.86866501,127.1006284,2025-10-31,296,34010,충청남도 천안시,천안BIS,충청남도,천안시서북구,직산읍
CAB285000297,마정리,36.8683375,127.1006519,2025-10-31,297,34010,충청남도 천안시,천안BIS,충청남도,천안시서북구,직산읍
CAB285001548,상동2리,36.770451,127.2630803,2025-10-31,362,34010,충청남도 천안시,천안BIS,충청남도,천안시동남구,북면
CAB285001555,문덕리,36.8789115,127.1811532,2025-10-31,1555,34010,충청남도 천안시,천안BIS,충청남도,천안시서북구,성거읍
CAB285001556,충청연수원 정문,36.8823878,127.1739131,2025-10-31,1556,34010,충청남도 천안시,천안BIS,충청남도,천안시서북구,성거읍
CAB285001557,충청연수원 정문,36.882369,127.1737627,2025-10-31,1557,34010,충청남도 천안시,천안BIS,충청남도,천안시서북구,성거읍
CAB285001558,신덕1리,36.91294292,127.2140195,2025-10-31,1558,34010,충청남도 천안시,천안BIS,충청남도,천안시서북구,입장면
CAB285001559,신덕1리,36.9131026,127.2133905,2025-10-31,1559,34010,충청남도 천안시,천안BIS,충청남도,천안시서북구,입장면
CAB285001560,가산1리,36.93700461,127.1949358,2025-10-31,1560,34010,충청남도 천안시,천안BIS,충청남도,천안시서북구,입장면
CAB285001561,가산1리,36.93694337,127.194741,2025-10-31,1561,34010,충청남도 천안시,천안BIS,충청남도,천안시서북구,입장면
CAB285001562,연곡1리(연봉입구),36.9564564,127.1815659,2025-10-31,1562,34010,충청남도 천안시,천안BIS,충청남도,천안시서북구,입장면
CAB285001563,연곡1리(연봉입구),36.9565287,127.1816218,2025-10-31,1563,34010,충청남도 천안시,천안BIS,충청남도,천안시서북구,입장면
CAB285001564,수향2리(무내),36.94628237,127.1493377,2025-10-31,1564,34010,충청남도 천안시,천안BIS,충청남도,천안시서북구,성환읍
CAB285001565,성환10리,36.92068658,127.1288043,2025-10-31,1565,34010,충청남도 천안시,천안BIS,충청남도,천안시서북구,성환읍
CAB285001566,성환10리,36.92048793,127.1289997,2025-10-31,1566,34010,충청남도 천안시,천안BIS,충청남도,천안시서북구,성환읍
CAB285001567,신가2리,36.9514765,127.1142589,2025-10-31,1567,34010,충청남도 천안시,천안BIS,충청남도,천안시서북구,성환읍
CAB285001568,신가2리,36.95139439,127.1142688,2025-10-31,1568,34010,충청남도 천안시,천안BIS,충청남도,천안시서북구,성환읍
CAB285001569,와룡1리,36.9514031,127.104291,2025-10-31,1569,34010,충청남도 천안시,천안BIS,충청남도,천안시서북구,성환읍
CAB285001570,와룡1리,36.9514665,127.1043806,2025-10-31,1570,34010,충청남도 천안시,천안BIS,충청남도,천안시서북구,성환읍
CAB285001571,와룡리입구,36.9518539,127.112516,2025-10-31,1571,34010,충청남도 천안시,천안BIS,충청남도,천안시서북구,성환읍
CAB285001572,와룡리입구,36.9519089,127.1127909,2025-10-31,1572,34010,충청남도 천안시,천안BIS,충청남도,천안시서북구,성환읍
CAB285001573,홍익주유소,36.8804012,127.122193,2025-10-31,1573,34010,충청남도 천안시,천안BIS,충청남도,천안시서북구,직산읍
CAB285001574,차암2통,36.8400851,127.0995985,2025-10-31,1574,34010,충청남도 천안시,천안BIS,충청남도,천안시서북구,부성2동
CAB285001580,광덕1리,36.67219695,127.0454037,2025-10-31,1580,34010,충청남도 천안시,천안BIS,충청남도,천안시동남구,광덕면
CAB285001585,구룡1통,36.7636662,127.1549287,2025-10-31,1585,34010,충청남도 천안시,천안BIS,충청남도,천안시동남구,청룡동
CAB285001587,구성5통,36.79237965,127.1734857,2025-10-31,1587,34010,충청남도 천안시,천안BIS,충청남도,천안시동남구,청룡동
CAB285001588,신성미소지움아파트,36.79281465,127.1648808,2025-10-31,1588,34010,충청남도 천안시,천안BIS,충청남도,천안시동남구,청룡동
CAB285001589,삼룡교,36.7978865,127.1594619,2025-10-31,1589,34010,충청남도 천안시,천안BIS,충청남도,천안시동남구,청룡동
CAB285001590,영성로,36.7984753,127.1508314,2025-10-31,1590,34010,충청남도 천안시,천안BIS,충청남도,천안시동남구,중앙동
CAB285001591,동남구보건소,36.8083113,127.1505244,2025-10-31,1591,34010,충청남도 천안시,천안BIS,충청남도,천안시동남구,문성동
CAB285001592,동말,36.81122794,127.1679624,2025-10-31,1592,34010,충청남도 천안시,천안BIS,충청남도,천안시동남구,원성1동
CAB285001593,동말,36.81106469,127.1678929,2025-10-31,1593,34010,충청남도 천안시,천안BIS,충청남도,천안시동남구,원성1동
CAB285001594,안서동보아파트,36.8309613,127.1779991,2025-10-31,1594,34010,충청남도 천안시,천안BIS,충청남도,천안시동남구,신안동
CAB285001595,단국대치대병원,36.83703799,127.1743541,2025-10-31,1595,34010,충청남도 천안시,천안BIS,충청남도,천안시동남구,신안동
CAB285001596,백석문화대,36.83963095,127.1792607,2025-10-31,1596,34010,충청남도 천안시,천안BIS,충청남도,천안시동남구,신안동
CAB285001597,백석대목양관,36.84120464,127.1828056,2025-10-31,1597,34010,충청남도 천안시,천안BIS,충청남도,천안시동남구,신안동
CAB285001598,백석대학교(운동장),36.84076694,127.1853061,2025-10-31,1598,34010,충청남도 천안시,천안BIS,충청남도,천안시동남구,신안동
CAB285001599,부성1동행정복지센터,36.84380965,127.1541108,2025-10-31,1599,34010,충청남도 천안시,천안BIS,충청남도,천안시서북구,부성1동
CAB285001600,신당고등학교,36.85169318,127.1582834,2025-10-31,1600,34010,충청남도 천안시,천안BIS,충청남도,천안시서북구,부성1동
CAB285001601,신당고등학교,36.85185128,127.1586391,2025-10-31,1601,34010,충청남도 천안시,천안BIS,충청남도,천안시서북구,부성1동
CAB285001602,롯데푸드,36.84984025,127.1179884,2025-10-31,1602,34010,충청남도 천안시,천안BIS,충청남도,천안시서북구,부성2동
CAB285001603,롯데푸드,36.84999461,127.1181141,2025-10-31,1603,34010,충청남도 천안시,천안BIS,충청남도,천안시서북구,부성2동
CAB285001604,차암1통,36.85232086,127.1152517,2025-10-31,1604,34010,충청남도 천안시,천안BIS,충청남도,천안시서북구,부성2동
CAB285001605,성정중학교,36.830418,127.1367349,2025-10-31,1605,34010,충청남도 천안시,천안BIS,충청남도,천안시서북구,부성2동
CAB285001606,충남직업전문학교,36.81485298,127.1347941,2025-10-31,1606,34010,충청남도 천안시,천안BIS,충청남도,천안시서북구,성정1동
CAB285001609,광풍중학교,36.71450298,127.1178691,2025-10-31,1609,34010,충청남도 천안시,천안BIS,충청남도,천안시동남구,광덕면
CAB285001610,소사리,36.7352547,127.1716401,2025-10-31,1610,34010,충청남도 천안시,천안BIS,충청남도,천안시동남구,목천읍
CAB285001612,성환역,36.91556296,127.1281707,2025-10-31,1612,34010,충청남도 천안시,천안BIS,충청남도,천안시서북구,성환읍
CAB285001617,남관리(농협),36.753097,127.1273265,2025-10-31,1617,34010,충청남도 천안시,천안BIS,충청남도,천안시동남구,풍세면
CAB285001618,풍세면행정복지센터,36.7223251,127.1193676,2025-10-31,1618,34010,충청남도 천안시,천안BIS,충청남도,천안시동남구,풍세면
CAB285001619,미죽2리마을회관,36.7436172,127.1586388,2025-10-31,1619,34010,충청남도 천안시,천안BIS,충청남도,천안시동남구,풍세면
CAB285001620,도장리,36.7468946,127.1799135,2025-10-31,1620,34010,충청남도 천안시,천안BIS,충청남도,천안시동남구,목천읍
CAB285001622,청호4차아파트,36.87513,127.138005,2025-10-31,1622,34010,충청남도 천안시,천안BIS,충청남도,천안시서북구,직산읍
CAB285001624,자은가리,36.87907633,127.1242795,2025-10-31,1624,34010,충청남도 천안시,천안BIS,충청남도,천안시서북구,직산읍
CAB285001625,승천삼거리,36.76969604,127.206023,2025-10-31,1625,34010,충청남도 천안시,천안BIS,충청남도,천안시동남구,목천읍
CAB285001627,대흥리,36.7355075,127.2375402,2025-10-31,1627,34010,충청남도 천안시,천안BIS,충청남도,천안시동남구,성남면
CAB285001628,화성3리,36.75485819,127.2645056,2025-10-31,1628,34010,충청남도 천안시,천안BIS,충청남도,천안시동남구,성남면
CAB285001629,화성3리,36.7522888,127.2657139,2025-10-31,1629,34010,충청남도 천안시,천안BIS,충청남도,천안시동남구,성남면
CAB285001630,신풍3리(신암),36.7275642,127.2649368,2025-10-31,1630,34010,충청남도 천안시,천안BIS,충청남도,천안시동남구,수신면
CAB285001632,수신면행정복지센터,36.7307862,127.2815807,2025-10-31,1632,34010,충청남도 천안시,천안BIS,충청남도,천안시동남구,수신면
CAB285001633,남산,36.73159197,127.2968725,2025-10-31,1633,34010,충청남도 천안시,천안BIS,충청남도,천안시동남구,수신면
CAB285001634,장산3리(송내),36.7453799,127.289366,2025-10-31,1634,34010,충청남도 천안시,천안BIS,충청남도,천안시동남구,수신면
CAB285001635,장산4리,36.74680173,127.2909513,2025-10-31,1635,34010,충청남도 천안시,천안BIS,충청남도,천안시동남구,수신면
CAB285001636,가전3리,36.7565979,127.2848249,2025-10-31,1636,34010,충청남도 천안시,천안BIS,충청남도,천안시동남구,병천면
CAB285001637,도원1리,36.76996461,127.3087124,2025-10-31,1637,34010,충청남도 천안시,천안BIS,충청남도,천안시동남구,병천면
CAB285001638,매성3리(매당마을),36.79959839,127.3191775,2025-10-31,1638,34010,충청남도 천안시,천안BIS,충청남도,천안시동남구,병천면
CAB285001639,작성마을,36.80294703,127.3199827,2025-10-31,1639,34010,충청남도 천안시,천안BIS,충청남도,천안시동남구,병천면
CAB285001640,납안2리,36.8533928,127.2513144,2025-10-31,1640,34010,충청남도 천안시,천안BIS,충청남도,천안시동남구,북면
CAB288002181,충남북부상공회의소,36.79809,127.10926,2025-10-31,2181,34010,충청남도 천안시,천안BIS,충청남도,천안시서북구,불당1동
CAB288010690,서울대정병원,36.81176,127.10828,2025-10-31,10690,34010,충청남도 천안시,천안BIS,충청남도,천안시서북구,불당2동
CAB288010697,불당상업지구입구,36.81365,127.10887,2025-10-31,10697,34010,충청남도 천안시,천안BIS,충청남도,천안시서북구,불당2동
CAB285000298,마정공단,36.86413633,127.1038424,2025-10-31,298,34010,충청남도 천안시,천안BIS,충청남도,천안시서북구,직산읍
CAB285000299,마정공단,36.86392598,127.1037611,2025-10-31,299,34010,충청남도 천안시,천안BIS,충청남도,천안시서북구,직산읍
CAB285000302,차암1통,36.85236462,127.1153824,2025-10-31,302,34010,충청남도 천안시,천안BIS,충청남도,천안시서북구,부성2동
CAB285000303,동보아파트,36.87002016,127.1186187,2025-10-31,303,34010,충청남도 천안시,천안BIS,충청남도,천안시서북구,직산읍
CAB285000304,동보아파트,36.870149,127.1188722,2025-10-31,304,34010,충청남도 천안시,천안BIS,충청남도,천안시서북구,직산읍
CAB285000305,우성8차아파트,36.8697105,127.1255502,2025-10-31,305,34010,충청남도 천안시,천안BIS,충청남도,천안시서북구,직산읍
CAB285000306,상덕리,36.8825046,127.1235307,2025-10-31,306,34010,충청남도 천안시,천안BIS,충청남도,천안시서북구,직산읍
CAB285000307,상덕리,36.8904538,127.1247536,2025-10-31,307,34010,충청남도 천안시,천안BIS,충청남도,천안시서북구,직산읍
CAB285000308,상덕2리,36.8917513,127.1273441,2025-10-31,308,34010,충청남도 천안시,천안BIS,충청남도,천안시서북구,직산읍
CAB285000309,상덕2리,36.89163819,127.127435,2025-10-31,309,34010,충청남도 천안시,천안BIS,충청남도,천안시서북구,직산읍
CAB285000310,직산부영아파트,36.89329797,127.1371657,2025-10-31,310,34010,충청남도 천안시,천안BIS,충청남도,천안시서북구,직산읍
CAB285000311,직산부영아파트,36.89320774,127.1376068,2025-10-31,311,34010,충청남도 천안시,천안BIS,충청남도,천안시서북구,직산읍
CAB285000312,거리막,36.88611795,127.1427591,2025-10-31,312,34010,충청남도 천안시,천안BIS,충청남도,천안시서북구,직산읍
CAB285000313,삼은6리,36.88494247,127.1431835,2025-10-31,313,34010,충청남도 천안시,천안BIS,충청남도,천안시서북구,직산읍
CAB285000314,삼은리,36.87644298,127.1455457,2025-10-31,314,34010,충청남도 천안시,천안BIS,충청남도,천안시서북구,직산읍
CAB285000315,자은가리,36.87922466,127.1242357,2025-10-31,315,34010,충청남도 천안시,천안BIS,충청남도,천안시서북구,직산읍
CAB285000316,응원리,36.7683294,127.1851267,2025-10-31,316,34010,충청남도 천안시,천안BIS,충청남도,천안시동남구,목천읍
CAB285000317,응원리,36.76846963,127.1852108,2025-10-31,317,34010,충청남도 천안시,천안BIS,충청남도,천안시동남구,목천읍
CAB285000318,세광엔리치빌,36.76821627,127.1890557,2025-10-31,318,34010,충청남도 천안시,천안BIS,충청남도,천안시동남구,목천읍
CAB285000319,세광엔리치빌,36.76802961,127.1892341,2025-10-31,319,34010,충청남도 천안시,천안BIS,충청남도,천안시동남구,목천읍
CAB285000320,동우아파트입구,36.76803794,127.1975691,2025-10-31,320,34010,충청남도 천안시,천안BIS,충청남도,천안시동남구,목천읍
CAB285000321,동우아파트입구,36.76786054,127.1976909,2025-10-31,321,34010,충청남도 천안시,천안BIS,충청남도,천안시동남구,목천읍
CAB285000322,동우아파트,36.77097152,127.1950936,2025-10-31,322,34010,충청남도 천안시,천안BIS,충청남도,천안시동남구,목천읍
CAB285000323,신계초등학교,36.76964628,127.2022774,2025-10-31,323,34010,충청남도 천안시,천안BIS,충청남도,천안시동남구,목천읍
CAB285000324,신계초등학교,36.76955151,127.2025965,2025-10-31,324,34010,충청남도 천안시,천안BIS,충청남도,천안시동남구,목천읍
CAB285000325,교천리(돌마루),36.77697069,127.1985302,2025-10-31,325,34010,충청남도 천안시,천안BIS,충청남도,천안시동남구,목천읍
CAB285000326,지산2리,36.79548943,127.1940977,2025-10-31,326,34010,충청남도 천안시,천안BIS,충청남도,천안시동남구,목천읍
CAB285000327,지산1리,36.78696627,127.1950058,2025-10-31,327,34010,충청남도 천안시,천안BIS,충청남도,천안시동남구,목천읍
CAB285000328,승천삼거리,36.76992462,127.2060091,2025-10-31,328,34010,충청남도 천안시,천안BIS,충청남도,천안시동남구,목천읍
CAB285000330,천안정미소앞,36.76623889,127.210515,2025-10-31,330,34010,충청남도 천안시,천안BIS,충청남도,천안시동남구,목천읍
CAB285000331,천정2리,36.7615138,127.2131041,2025-10-31,331,34010,충청남도 천안시,천안BIS,충청남도,천안시동남구,목천읍
CAB285000333,용원2리(용산),36.75243755,127.2170669,2025-10-31,333,34010,충청남도 천안시,천안BIS,충청남도,천안시동남구,성남면
CAB285000334,용원1리,36.74771231,127.217925,2025-10-31,334,34010,충청남도 천안시,천안BIS,충청남도,천안시동남구,성남면
CAB285000336,복지회관,36.74259011,127.2333487,2025-10-31,336,34010,충청남도 천안시,천안BIS,충청남도,천안시동남구,성남면
CAB285000337,성남행정복지센터,36.74264629,127.2358441,2025-10-31,337,34010,충청남도 천안시,천안BIS,충청남도,천안시동남구,성남면
CAB285000338,성남우체국,36.74125323,127.2383785,2025-10-31,338,34010,충청남도 천안시,천안BIS,충청남도,천안시동남구,성남면
CAB285000339,신사1리,36.74022294,127.2418424,2025-10-31,339,34010,충청남도 천안시,천안BIS,충청남도,천안시동남구,성남면
CAB285000340,대흥리,36.735561,127.237794,2025-10-31,340,34010,충청남도 천안시,천안BIS,충청남도,천안시동남구,성남면
CAB285000341,대정리(목골저수지),36.72952628,127.2140107,2025-10-31,341,34010,충청남도 천안시,천안BIS,충청남도,천안시동남구,성남면
CAB285000343,석곡리,36.74107893,127.2224604,2025-10-31,343,34010,충청남도 천안시,천안BIS,충청남도,천안시동남구,성남면
CAB285000344,석곡2리,36.73882623,127.2281645,2025-10-31,344,34010,충청남도 천안시,천안BIS,충청남도,천안시동남구,성남면
CAB285000345,용원1리,36.7471417,127.2139227,2025-10-31,345,34010,충청남도 천안시,천안BIS,충청남도,천안시동남구,성남면
CAB285000346,"용원3리(노원,석현)",36.7517499,127.2093809,2025-10-31,346,34010,충청남도 천안시,천안BIS,충청남도,천안시동남구,성남면
CAB285000347,천정1리(한천),36.7643008,127.2085212,2025-10-31,347,34010,충청남도 천안시,천안BIS,충청남도,천안시동남구,목천읍
CAB285000348,농업기술센터,36.77229461,127.2079365,2025-10-31,348,34010,충청남도 천안시,천안BIS,충청남도,천안시동남구,목천읍
CAB285000349,이수프라임아파트,36.77292011,127.2093196,2025-10-31,349,34010,충청남도 천안시,천안BIS,충청남도,천안시동남구,목천읍
CAB285000350,신도브래뉴2차아파트,36.77458129,127.2113791,2025-10-31,350,34010,충청남도 천안시,천안BIS,충청남도,천안시동남구,목천읍
CAB285000351,신도2차아파트,36.77435193,127.2114733,2025-10-31,351,34010,충청남도 천안시,천안BIS,충청남도,천안시동남구,목천읍
CAB285000352,신도브래뉴1차아파트,36.77616048,127.2164147,2025-10-31,352,34010,충청남도 천안시,천안BIS,충청남도,천안시동남구,목천읍
CAB285000353,신도브래뉴1차 아파트,36.7759193,127.2172371,2025-10-31,353,34010,충청남도 천안시,천안BIS,충청남도,천안시동남구,목천읍
CAB285000356,연합초원아파트,36.77067294,127.2306341,2025-10-31,356,34010,충청남도 천안시,천안BIS,충청남도,천안시동남구,목천읍
CAB285000357,목천IC,36.77005464,127.2315007,2025-10-31,357,34010,충청남도 천안시,천안BIS,충청남도,천안시동남구,목천읍
CAB285000358,연춘리,36.77006964,127.2506941,2025-10-31,358,34010,충청남도 천안시,천안BIS,충청남도,천안시동남구,북면
CAB285000359,연춘리,36.7697706,127.2512138,2025-10-31,359,34010,충청남도 천안시,천안BIS,충청남도,천안시동남구,북면
CAB285000360,상동리,36.770223,127.2603872,2025-10-31,360,34010,충청남도 천안시,천안BIS,충청남도,천안시동남구,북면
CAB285000361,상동2리,36.770277,127.2634809,2025-10-31,361,34010,충청남도 천안시,천안BIS,충청남도,천안시동남구,북면
CAB285000363,화성3리,36.75490422,127.2642036,2025-10-31,363,34010,충청남도 천안시,천안BIS,충청남도,천안시동남구,성남면
CAB285000364,화성3리,36.7524873,127.2658141,2025-10-31,364,34010,충청남도 천안시,천안BIS,충청남도,천안시동남구,성남면
CAB285000365,화성1리,36.75042619,127.2629588,2025-10-31,365,34010,충청남도 천안시,천안BIS,충청남도,천안시동남구,성남면
CAB285000366,화성1리(방죽안),36.75066036,127.2598602,2025-10-31,366,34010,충청남도 천안시,천안BIS,충청남도,천안시동남구,성남면
CAB285000367,화성2리,36.74941194,127.2571202,2025-10-31,367,34010,충청남도 천안시,천안BIS,충청남도,천안시동남구,성남면
CAB285000368,화성2리,36.74950798,127.2570091,2025-10-31,368,34010,충청남도 천안시,천안BIS,충청남도,천안시동남구,성남면
CAB285000369,화성2리,36.74733858,127.2523782,2025-10-31,369,34010,충청남도 천안시,천안BIS,충청남도,천안시동남구,성남면
CAB285000370,대화1리(대초),36.73798295,127.2473174,2025-10-31,370,34010,충청남도 천안시,천안BIS,충청남도,천안시동남구,성남면
CAB285000371,대화리,36.73484368,127.2527819,2025-10-31,371,34010,충청남도 천안시,천안BIS,충청남도,천안시동남구,성남면
CAB285000372,천남중학교,36.7308549,127.2587703,2025-10-31,372,34010,충청남도 천안시,천안BIS,충청남도,천안시동남구,성남면
CAB285000373,천남중학교,36.73086295,127.2590858,2025-10-31,373,34010,충청남도 천안시,천안BIS,충청남도,천안시동남구,성남면
CAB285000374,봉양리입구,36.7271063,127.2616457,2025-10-31,374,34010,충청남도 천안시,천안BIS,충청남도,천안시동남구,성남면
CAB285001641,덕전1리,36.8094604,127.2214457,2025-10-31,1641,34010,충청남도 천안시,천안BIS,충청남도,천안시동남구,목천읍
CAB285001642,덕전1리(심평마을),36.808703,127.2156804,2025-10-31,1642,34010,충청남도 천안시,천안BIS,충청남도,천안시동남구,목천읍
CAB285001643,희망의마을,36.79690052,127.2320922,2025-10-31,1643,34010,충청남도 천안시,천안BIS,충청남도,천안시동남구,목천읍
CAB285001644,신광교회,36.7894234,127.2344513,2025-10-31,1644,34010,충청남도 천안시,천안BIS,충청남도,천안시동남구,목천읍
CAB285001645,등대의집,36.91080467,127.1765636,2025-10-31,1645,34010,충청남도 천안시,천안BIS,충청남도,천안시서북구,직산읍
CAB285001646,거봉주유소,36.877832,127.187401,2025-10-31,1646,34010,충청남도 천안시,천안BIS,충청남도,천안시서북구,성거읍
CAB285001647,천흥리,36.8744186,127.2019489,2025-10-31,1647,34010,충청남도 천안시,천안BIS,충청남도,천안시서북구,성거읍
CAB285001649,대평1리(마을회관),36.8683172,127.2819629,2025-10-31,1649,34010,충청남도 천안시,천안BIS,충청남도,천안시동남구,북면
CAB285001658,성 거  SKC,36.87657981,127.2014061,2025-10-31,1658,34010,충청남도 천안시,천안BIS,충청남도,천안시서북구,성거읍
CAB285001661,휴대리배방농협,36.7807991,127.113724,2025-10-31,1661,34010,충청남도 천안시,천안BIS,충청남도,천안시동남구,신방동
CAB285001668,대홍리,36.94889311,127.1340446,2025-10-31,1668,34010,충청남도 천안시,천안BIS,충청남도,천안시서북구,성환읍
CAB285001669,유성농장입구,36.85630475,127.2595019,2025-10-31,1669,34010,충청남도 천안시,천안BIS,충청남도,천안시동남구,북면
CAB285001670,덕전1리,36.806585,127.204857,2025-10-31,1670,34010,충청남도 천안시,천안BIS,충청남도,천안시동남구,목천읍
CAB285001671,목천농협,36.7845307,127.235896,2025-10-31,1671,34010,충청남도 천안시,천안BIS,충청남도,천안시동남구,목천읍
CAB285001675,용정새마을금고,36.74372177,127.1022781,2025-10-31,1675,34010,충청남도 천안시,천안BIS,충청남도,천안시동남구,풍세면
CAB285001676,용정새마을금고,36.7436271,127.1022923,2025-10-31,1676,34010,충청남도 천안시,천안BIS,충청남도,천안시동남구,풍세면
CAB285001677,풍서4리,36.7162531,127.1320977,2025-10-31,1677,34010,충청남도 천안시,천안BIS,충청남도,천안시동남구,풍세면
CAB285001680,신당2통,36.8628127,127.1617061,2025-10-31,1680,34010,충청남도 천안시,천안BIS,충청남도,천안시서북구,부성1동
CAB285001681,신당2통,36.86274014,127.1615602,2025-10-31,1681,34010,충청남도 천안시,천안BIS,충청남도,천안시서북구,부성1동
CAB285001682,서울사료,36.865131,127.156792,2025-10-31,1682,34010,충청남도 천안시,천안BIS,충청남도,천안시서북구,성거읍
CAB285001684,저리2리(모시울),36.885795,127.1977847,2025-10-31,1684,34010,충청남도 천안시,천안BIS,충청남도,천안시서북구,성거읍
CAB285001685,저리2리(모시울),36.88560296,127.1975908,2025-10-31,1685,34010,충청남도 천안시,천안BIS,충청남도,천안시서북구,성거읍
CAB285001686,산호아파트,36.8937935,127.1240577,2025-10-31,1686,34010,충청남도 천안시,천안BIS,충청남도,천안시서북구,직산읍
CAB285001688,풍서4리,36.71612798,127.1321824,2025-10-31,1688,34010,충청남도 천안시,천안BIS,충청남도,천안시동남구,풍세면
CAB285001689,봉양1리,36.7010882,127.261192,2025-10-31,1689,34010,충청남도 천안시,천안BIS,충청남도,천안시동남구,성남면
CAB285001691,성환리(성환터미널),36.9167153,127.1325999,2025-10-31,1691,34010,충청남도 천안시,천안BIS,충청남도,천안시서북구,성환읍
CAB285001694,가송3리,36.7300249,127.1439236,2025-10-31,1694,34010,충청남도 천안시,천안BIS,충청남도,천안시동남구,풍세면
CAB285001695,삼태리(종점),36.7364623,127.0844031,2025-10-31,1695,34010,충청남도 천안시,천안BIS,충청남도,천안시동남구,풍세면
CAB285001696,보산원,36.7021542,127.0710538,2025-10-31,1696,34010,충청남도 천안시,천안BIS,충청남도,천안시동남구,광덕면
CAB285001698,석지골,36.650283,127.085713,2025-10-31,1698,34010,충청남도 천안시,천안BIS,충청남도,천안시동남구,광덕면
CAB285001700,도장3리,36.7509269,127.1877217,2025-10-31,1700,34010,충청남도 천안시,천안BIS,충청남도,천안시동남구,목천읍
CAB285001701,우성8차아파트,36.8698411,127.1255215,2025-10-31,1701,34010,충청남도 천안시,천안BIS,충청남도,천안시서북구,직산읍
CAB285001703,지산2리,36.7955661,127.193969,2025-10-31,1703,34010,충청남도 천안시,천안BIS,충청남도,천안시동남구,목천읍
CAB285001706,발산리,36.7086428,127.2977584,2025-10-31,1706,34010,충청남도 천안시,천안BIS,충청남도,천안시동남구,수신면
CAB285001709,죽계1리,36.795066,127.3851933,2025-10-31,1709,34010,충청남도 천안시,천안BIS,충청남도,천안시동남구,동면
CAB285001710,봉항3리,36.8441024,127.3185973,2025-10-31,1710,34010,충청남도 천안시,천안BIS,충청남도,천안시동남구,병천면
CAB285001711,양곡리(종점),36.8509596,127.2820141,2025-10-31,1711,34010,충청남도 천안시,천안BIS,충청남도,천안시동남구,북면
CAB285001713,양대리(종점),36.8956655,127.2625805,2025-10-31,1713,34010,충청남도 천안시,천안BIS,충청남도,천안시서북구,입장면
CAB285001714,운용리(종점),36.87040657,127.2677932,2025-10-31,1714,34010,충청남도 천안시,천안BIS,충청남도,천안시동남구,북면
CAB285001715,단국대학교병원,36.8412905,127.1743703,2025-10-31,1715,34010,충청남도 천안시,천안BIS,충청남도,천안시동남구,신안동
CAB285001716,부영아파트,36.7604214,127.1782955,2025-10-31,1716,34010,충청남도 천안시,천안BIS,충청남도,천안시동남구,목천읍
CAB285001719,안서동(문암),36.84434466,127.1869941,2025-10-31,1719,34010,충청남도 천안시,천안BIS,충청남도,천안시동남구,신안동
CAB285001721,명덕리종점,36.82233216,127.2550286,2025-10-31,1721,34010,충청남도 천안시,천안BIS,충청남도,천안시동남구,북면
CAB285001722,오곡리(종점),36.824884,127.284068,2025-10-31,1722,34010,충청남도 천안시,천안BIS,충청남도,천안시동남구,북면
CAB285001723,천흥리(종점),36.8730555,127.2106701,2025-10-31,1723,34010,충청남도 천안시,천안BIS,충청남도,천안시서북구,성거읍
CAB285001724,왕림리(종점),36.91455865,127.0973416,2025-10-31,1724,34010,충청남도 천안시,천안BIS,충청남도,천안시서북구,성환읍
CAB285001725,신방리(종점),36.9344413,127.0816103,2025-10-31,1725,34010,충청남도 천안시,천안BIS,충청남도,천안시서북구,성환읍
CAB285001727,대홍저수지,36.9386817,127.1495639,2025-10-31,1727,34010,충청남도 천안시,천안BIS,충청남도,천안시서북구,성환읍
CAB285001728,양령2리,36.96372434,127.1546208,2025-10-31,1728,34010,충청남도 천안시,천안BIS,충청남도,천안시서북구,성환읍
CAB285001729,업성4통,36.86582008,127.130061,2025-10-31,1729,34010,충청남도 천안시,천안BIS,충청남도,천안시서북구,부성1동
CAB285001735,바타니(종점),36.8143928,127.3639047,2025-10-31,1735,34010,충청남도 천안시,천안BIS,충청남도,천안시동남구,동면
CAB285001736,관성2리마을회관,36.8213759,127.3237012,2025-10-31,1736,34010,충청남도 천안시,천안BIS,충청남도,천안시동남구,병천면
CAB285001737,관성리(종점),36.8170867,127.3409441,2025-10-31,1737,34010,충청남도 천안시,천안BIS,충청남도,천안시동남구,병천면
CAB285001738,서원리(종점),36.7792615,127.295836,2025-10-31,1738,34010,충청남도 천안시,천안BIS,충청남도,천안시동남구,병천면
CAB285001739,곡대(종점),36.8795268,127.2943446,2025-10-31,1739,34010,충청남도 천안시,천안BIS,충청남도,천안시동남구,북면
CAB285001740,청룡(종점),36.9047458,127.2784233,2025-10-31,1740,34010,충청남도 천안시,천안BIS,충청남도,천안시서북구,입장면
CAB285001741,호당리,36.88434462,127.2378024,2025-10-31,1741,34010,충청남도 천안시,천안BIS,충청남도,천안시서북구,입장면
CAB285001743,광덕1리,36.7881226,127.3472468,2025-10-31,1743,34010,충청남도 천안시,천안BIS,충청남도,천안시동남구,동면
CAB285001744,행암리(종점),36.8046251,127.3545277,2025-10-31,1744,34010,충청남도 천안시,천안BIS,충청남도,천안시동남구,동면
CAB285001746,구성5통,36.79231923,127.1735469,2025-10-31,1746,34010,충청남도 천안시,천안BIS,충청남도,천안시동남구,청룡동
CAB285001747,백석대학교(운동장),36.8406499,127.1851781,2025-10-31,1747,34010,충청남도 천안시,천안BIS,충청남도,천안시동남구,신안동
CAB285001749,한국생산기술연구원,36.9047273,127.2461729,2025-10-31,1749,34010,충청남도 천안시,천안BIS,충청남도,천안시서북구,입장면
CAB285001750,성남초교,36.7253524,127.2513941,2025-10-31,1750,34010,충청남도 천안시,천안BIS,충청남도,천안시동남구,성남면
CAB285001751,성남초교,36.7254153,127.2513323,2025-10-31,1751,34010,충청남도 천안시,천안BIS,충청남도,천안시동남구,성남면
CAB285001752,직산역,36.870976,127.14492,2025-10-31,1752,34010,충청남도 천안시,천안BIS,충청남도,천안시서북구,직산읍
CAB285001753,동남구보건소,36.80731404,127.1515393,2025-10-31,1753,34010,충청남도 천안시,천안BIS,충청남도,천안시동남구,문성동
CAB285001754,단국대 삼거리,36.830499,127.1639488,2025-10-31,1754,34010,충청남도 천안시,천안BIS,충청남도,천안시동남구,신안동
CAB285000375,봉양1리,36.70106447,127.2613392,2025-10-31,375,34010,충청남도 천안시,천안BIS,충청남도,천안시동남구,성남면
CAB285000376,봉양2리,36.7195263,127.2546608,2025-10-31,376,34010,충청남도 천안시,천안BIS,충청남도,천안시동남구,성남면
CAB285000377,신덕1리,36.72051544,127.2458209,2025-10-31,377,34010,충청남도 천안시,천안BIS,충청남도,천안시동남구,성남면
CAB285000378,신덕3리,36.720686,127.2341506,2025-10-31,378,34010,충청남도 천안시,천안BIS,충청남도,천안시동남구,성남면
CAB285000379,신풍3리(신암),36.72772881,127.2650274,2025-10-31,379,34010,충청남도 천안시,천안BIS,충청남도,천안시동남구,수신면
CAB285000380,신풍2리,36.72890159,127.2703659,2025-10-31,380,34010,충청남도 천안시,천안BIS,충청남도,천안시동남구,수신면
CAB285000381,해정2리(대해),36.7284135,127.2733594,2025-10-31,381,34010,충청남도 천안시,천안BIS,충청남도,천안시동남구,수신면
CAB285000382,신풍1리(감절),36.7393926,127.2719427,2025-10-31,382,34010,충청남도 천안시,천안BIS,충청남도,천안시동남구,수신면
CAB285000383,해정1리,36.71976377,127.2774227,2025-10-31,383,34010,충청남도 천안시,천안BIS,충청남도,천안시동남구,수신면
CAB285000385,백자4리,36.70505964,127.2737541,2025-10-31,385,34010,충청남도 천안시,천안BIS,충청남도,천안시동남구,수신면
CAB285000386,백자3리,36.70223295,127.2760607,2025-10-31,386,34010,충청남도 천안시,천안BIS,충청남도,천안시동남구,수신면
CAB285000387,백자2리(한버들),36.7084016,127.2739444,2025-10-31,387,34010,충청남도 천안시,천안BIS,충청남도,천안시동남구,수신면
CAB285000388,백자1리,36.70771963,127.2840424,2025-10-31,388,34010,충청남도 천안시,천안BIS,충청남도,천안시동남구,수신면
CAB285000389,발산리,36.7225546,127.2873391,2025-10-31,389,34010,충청남도 천안시,천안BIS,충청남도,천안시동남구,수신면
CAB285000390,수신면행정복지센터,36.73091794,127.2814974,2025-10-31,390,34010,충청남도 천안시,천안BIS,충청남도,천안시동남구,수신면
CAB285000391,수신초등학교,36.73273731,127.2840046,2025-10-31,391,34010,충청남도 천안시,천안BIS,충청남도,천안시동남구,수신면
CAB285000392,수신초등학교,36.73286212,127.2843913,2025-10-31,392,34010,충청남도 천안시,천안BIS,충청남도,천안시동남구,수신면
CAB285000393,발산리,36.70857463,127.2979141,2025-10-31,393,34010,충청남도 천안시,천안BIS,충청남도,천안시동남구,수신면
CAB285000394,발산2리(지장골),36.7164505,127.3010616,2025-10-31,394,34010,충청남도 천안시,천안BIS,충청남도,천안시동남구,수신면
CAB285000395,남산,36.7315149,127.2970365,2025-10-31,395,34010,충청남도 천안시,천안BIS,충청남도,천안시동남구,수신면
CAB285000396,장산리,36.737563,127.2965278,2025-10-31,396,34010,충청남도 천안시,천안BIS,충청남도,천안시동남구,수신면
CAB285000397,상록리조트정문,36.74244297,127.2862291,2025-10-31,397,34010,충청남도 천안시,천안BIS,충청남도,천안시동남구,수신면
CAB285000398,장산3리(송내),36.74515454,127.2894407,2025-10-31,398,34010,충청남도 천안시,천안BIS,충청남도,천안시동남구,수신면
CAB285000399,장산4리,36.7467931,127.2906952,2025-10-31,399,34010,충청남도 천안시,천안BIS,충청남도,천안시동남구,수신면
CAB285000400,송내리,36.75057,127.292227,2025-10-31,400,34010,충청남도 천안시,천안BIS,충청남도,천안시동남구,수신면
CAB285000401,상리길,36.75439013,127.2952921,2025-10-31,401,34010,충청남도 천안시,천안BIS,충청남도,천안시동남구,수신면
CAB285000402,병천1리,36.7607438,127.2945372,2025-10-31,402,34010,충청남도 천안시,천안BIS,충청남도,천안시동남구,병천면
CAB285000403,신한아파트,36.76561875,127.2883788,2025-10-31,403,34010,충청남도 천안시,천안BIS,충청남도,천안시동남구,병천면
CAB285000405,코리아텍,36.767314,127.284406,2025-10-31,405,34010,충청남도 천안시,천안BIS,충청남도,천안시동남구,병천면
CAB285000406,코리아텍,36.767778,127.283134,2025-10-31,406,34010,충청남도 천안시,천안BIS,충청남도,천안시동남구,병천면
CAB285000407,통일공업사,36.76882643,127.279891,2025-10-31,407,34010,충청남도 천안시,천안BIS,충청남도,천안시동남구,병천면
CAB285000408,칠성섬유,36.76911298,127.2796124,2025-10-31,408,34010,충청남도 천안시,천안BIS,충청남도,천안시동남구,병천면
CAB285000409,가전4리(문다라니),36.77025933,127.2744613,2025-10-31,409,34010,충청남도 천안시,천안BIS,충청남도,천안시동남구,북면
CAB285000410,가전4리(문다라니),36.77044965,127.2742641,2025-10-31,410,34010,충청남도 천안시,천안BIS,충청남도,천안시동남구,북면
CAB285000411,상동중앙아파트(문답안),36.77034156,127.2695447,2025-10-31,411,34010,충청남도 천안시,천안BIS,충청남도,천안시동남구,북면
CAB285000413,가전2리,36.75761466,127.2793024,2025-10-31,413,34010,충청남도 천안시,천안BIS,충청남도,천안시동남구,병천면
CAB285000414,가전3리,36.75643417,127.2849959,2025-10-31,414,34010,충청남도 천안시,천안BIS,충청남도,천안시동남구,병천면
CAB285000420,송정2리,36.7364087,127.3334048,2025-10-31,420,34010,충청남도 천안시,천안BIS,충청남도,천안시동남구,병천면
CAB285000421,송정2리(복다회리),36.73706463,127.3298091,2025-10-31,421,34010,충청남도 천안시,천안BIS,충청남도,천안시동남구,병천면
CAB285000422,송정1리(와촌),36.7375161,127.3260548,2025-10-31,422,34010,충청남도 천안시,천안BIS,충청남도,천안시동남구,병천면
CAB285000423,송정2리,36.73992464,127.3206741,2025-10-31,423,34010,충청남도 천안시,천안BIS,충청남도,천안시동남구,병천면
CAB285000424,송정1리(상촌),36.74187128,127.3153124,2025-10-31,424,34010,충청남도 천안시,천안BIS,충청남도,천안시동남구,병천면
CAB285000425,용두3리(유관순생가 진입),36.74761964,127.3110724,2025-10-31,425,34010,충청남도 천안시,천안BIS,충청남도,천안시동남구,병천면
CAB285000426,용두리,36.7513285,127.3146519,2025-10-31,426,34010,충청남도 천안시,천안BIS,충청남도,천안시동남구,병천면
CAB285000427,용두2리(유관순생가앞),36.7566257,127.3182467,2025-10-31,427,34010,충청남도 천안시,천안BIS,충청남도,천안시동남구,병천면
CAB285000428,병천3리,36.76227454,127.3000013,2025-10-31,428,34010,충청남도 천안시,천안BIS,충청남도,천안시동남구,병천면
CAB285000429,병천3리,36.76215636,127.3007552,2025-10-31,429,34010,충청남도 천안시,천안BIS,충청남도,천안시동남구,병천면
CAB285000430,유관순열사유적지,36.76257133,127.3034439,2025-10-31,430,34010,충청남도 천안시,천안BIS,충청남도,천안시동남구,병천면
CAB285000431,유관순열사유적지,36.76310464,127.3056958,2025-10-31,431,34010,충청남도 천안시,천안BIS,충청남도,천안시동남구,병천면
CAB285000433,병천중고등학교,36.76458964,127.3125357,2025-10-31,433,34010,충청남도 천안시,천안BIS,충청남도,천안시동남구,병천면
CAB285000434,구도리,36.76794963,127.3255691,2025-10-31,434,34010,충청남도 천안시,천안BIS,충청남도,천안시동남구,동면
CAB285000435,화계1리(반계),36.76969365,127.3349066,2025-10-31,435,34010,충청남도 천안시,천안BIS,충청남도,천안시동남구,동면
CAB285000436,화계1리(반계),36.7699116,127.3356133,2025-10-31,436,34010,충청남도 천안시,천안BIS,충청남도,천안시동남구,동면
CAB285000437,송연1리(삼한),36.77230185,127.3389943,2025-10-31,437,34010,충청남도 천안시,천안BIS,충청남도,천안시동남구,동면
CAB285000438,동면사무소,36.77602844,127.3450827,2025-10-31,438,34010,충청남도 천안시,천안BIS,충청남도,천안시동남구,동면
CAB285000439,동면농협,36.7762617,127.3450743,2025-10-31,439,34010,충청남도 천안시,천안BIS,충청남도,천안시동남구,동면
CAB285000440,삽다리,36.77996548,127.3549785,2025-10-31,440,34010,충청남도 천안시,천안BIS,충청남도,천안시동남구,동면
CAB285000441,송연2리(수리골),36.78023632,127.3654341,2025-10-31,441,34010,충청남도 천안시,천안BIS,충청남도,천안시동남구,동면
CAB285000442,수남1리(차여),36.77403786,127.3730773,2025-10-31,442,34010,충청남도 천안시,천안BIS,충청남도,천안시동남구,동면
CAB285000443,장송2리(한마음고등학교),36.77317627,127.3799707,2025-10-31,443,34010,충청남도 천안시,천안BIS,충청남도,천안시동남구,동면
CAB285000444,수남리(매작),36.76825158,127.3865552,2025-10-31,444,34010,충청남도 천안시,천안BIS,충청남도,천안시동남구,동면
CAB285000445,화덕1리,36.7621957,127.3983109,2025-10-31,445,34010,충청남도 천안시,천안BIS,충청남도,천안시동남구,동면
CAB285000446,화덕2리(도명),36.76283132,127.4108308,2025-10-31,446,34010,충청남도 천안시,천안BIS,충청남도,천안시동남구,동면
CAB285000449,병천우체국,36.76295588,127.2975873,2025-10-31,449,34010,충청남도 천안시,천안BIS,충청남도,천안시동남구,병천면
CAB285000450,관세인재개발원 해양경찰연구센터,36.76453544,127.2949705,2025-10-31,450,34010,충청남도 천안시,천안BIS,충청남도,천안시동남구,병천면
CAB285000451,병천면행정복지센터,36.76602632,127.3026341,2025-10-31,451,34010,충청남도 천안시,천안BIS,충청남도,천안시동남구,병천면
GGB277101001,천안IC(미정차),36.8263167,127.1684667,2025-10-31,0,34010,충청남도 천안시,경기BIS,충청남도,천안시동남구,신안동
GGB277101002,천안IC(미정차),36.8258167,127.1686667,2025-10-31,0,34010,충청남도 천안시,경기BIS,충청남도,천안시동남구,신안동
GGB277101003,천안TG(미정차),36.8271333,127.1663333,2025-10-31,0,34010,충청남도 천안시,경기BIS,충청남도,천안시동남구,신안동
GGB277101004,천안TG(미정차),36.8264667,127.1660167,2025-10-31,0,34010,충청남도 천안시,경기BIS,충청남도,천안시동남구,신안동
GGB277101005,입장휴게소(미정차),36.94195,127.1896167,2025-10-31,0,34010,충청남도 천안시,경기BIS,충청남도,천안시서북구,입장면
GGB277101006,망향휴게소(미정차),36.8545,127.1817667,2025-10-31,0,34010,충청남도 천안시,경기BIS,충청남도,천안시서북구,성거읍
GGB277101007,천안휴게소(미정차),36.7874833,127.1727667,2025-10-31,0,34010,충청남도 천안시,경기BIS,충청남도,천안시동남구,청룡동
GGB277101008,천안JC(미정차),36.77035,127.1799833,2025-10-31,0,34010,충청남도 천안시,경기BIS,충청남도,천안시동남구,목천읍
GGB277101009,천안JC(미정차),36.7698,127.1811333,2025-10-31,0,34010,충청남도 천안시,경기BIS,충청남도,천안시동남구,목천읍
GGB277101012,남천안IC(미정차),36.7544333,127.1649,2025-10-31,0,34010,충청남도 천안시,경기BIS,충청남도,천안시동남구,목천읍
GGB277101013,남천안IC(미정차),36.7535833,127.16505,2025-10-31,0,34010,충청남도 천안시,경기BIS,충청남도,천안시동남구,목천읍
GGB277101121,목천IC(미정차),36.7597833,127.2177333,2025-10-31,0,34010,충청남도 천안시,경기BIS,충청남도,천안시동남구,성남면
GGB277101122,목천IC(미정차),36.7598667,127.218,2025-10-31,0,34010,충청남도 천안시,경기BIS,충청남도,천안시동남구,성남면
GGB277101123,천안휴게소(미정차),36.7310333,127.2640167,2025-10-31,0,34010,충청남도 천안시,경기BIS,충청남도,천안시동남구,수신면
GGB285000002,도림리,36.9105,127.2732167,2025-10-31,81002,34010,충청남도 천안시,경기BIS,충청남도,천안시서북구,입장면
GGB285000003,청용저수지제방,36.9048333,127.2788167,2025-10-31,81003,34010,충청남도 천안시,경기BIS,충청남도,천안시서북구,입장면
GGB285000004,청용저수지제방,36.9049667,127.2788833,2025-10-31,81004,34010,충청남도 천안시,경기BIS,충청남도,천안시서북구,입장면
GGB285000033,성환터미널,36.9172,127.1327,2025-10-31,81033,34010,충청남도 천안시,경기BIS,충청남도,천안시서북구,성환읍
GGB285000034,성환터미널,36.9165833,127.1329333,2025-10-31,81034,34010,충청남도 천안시,경기BIS,충청남도,천안시서북구,성환읍
GGB285500010,백석대.단국대,36.82265,127.1628667,2025-10-31,0,34010,충청남도 천안시,경기BIS,충청남도,천안시동남구,신안동
GGB285500020,천안종합터미널,36.8198333,127.1557333,2025-10-31,0,34010,충청남도 천안시,경기BIS,충청남도,천안시동남구,신안동
GGB285500030,천안종합터미널,36.8198,127.1556,2025-10-31,0,34010,충청남도 천안시,경기BIS,충청남도,천안시동남구,신안동
GGB277103454,북천안IC(미정차),36.8968167,127.1889833,2025-10-31,0,34010,충청남도 천안시,경기BIS,충청남도,천안시서북구,성거읍
GGB277103455,북천안IC(미정차),36.89685,127.18935,2025-10-31,0,34010,충청남도 천안시,경기BIS,충청남도,천안시서북구,성거읍
GGB277103981,남풍세TG(미정차),36.7197333,127.1405333,2025-10-31,0,34010,충청남도 천안시,경기BIS,충청남도,천안시동남구,풍세면
GGB277103982,남풍세TG(미정차),36.7196833,127.1408333,2025-10-31,0,34010,충청남도 천안시,경기BIS,충청남도,천안시동남구,풍세면
GGB277103997,남풍세IC(미정차),36.7232833,127.1416167,2025-10-31,0,34010,충청남도 천안시,경기BIS,충청남도,천안시동남구,풍세면
GGB277103998,남풍세IC(미정차),36.7228,127.1412,2025-10-31,0,34010,충청남도 천안시,경기BIS,충청남도,천안시동남구,풍세면
